material_id,reduced_formula,partition
mp-aaaewvqh,MgNb4VO12,test
mp-aaaewvrd,Tm4MgTi2O10,test
mp-aaaewvqt,MgCu4As2(ClO4)2,train
mp-aaaewvqd,MgTi6(N2O3)2,train
mp-aaaewvom,Na6MgV2O8,train
mp-aaaewvpp,MgV4O5F7,train
mp-aaaewvqn,MgTi4Bi2O11,train
mp-aaaewvrn,MgFe4(HO2)4,train
mp-aaaewvpa,MgZn2Fe2(SiO5)2,train
mp-aaaewvrg,MgV4(OF)6,train
mp-aaaewvpk,MgV4O7F5,train
mp-aaaewvor,Na4Mg(FeO2)4,train
mp-aaaewvrc,MgV2S4(Br2N3)2,train
mp-aaaewvqi,MgMnV4O12,train
mp-aaaewvqq,MgTi2(Ga2O5)2,train
mp-aaaewvrp,MgTl6(SbS4)2,test
mp-aaaewvpx,Sr4MgTi3O10,train
mp-aaaewvrl,MgTi2P2(HO5)2,train
mp-aaaewvon,MgV4O5F7,train
mp-aaaewvpj,MgV4O7F5,train
mp-aaaewvpo,K4MgV2(CuS4)2,train
mp-aaaewvrv,Sr4MgTi3O10,train
mp-aaaewvpt,K4MgNb2(AgS4)2,train
mp-aaaewvta,Na2MgGe2(SbO5)2,train
mp-aaaewvsa,MgV2(Ag3O4)2,train
mp-aaaewvsf,K4MgNb2(AgS4)2,train
mp-aaaewvsm,MgFe(SbO3)4,train
mp-aaaewvsz,Sr4MgFe2Cu2(SO3)2,train
mp-aaaewvuq,Rb4MgV2(AgS4)2,train
mp-aaaewvtc,Mg(MoO3)4,train
mp-aaaewvtl,MgTi4Bi2O11,train
mp-aaaewvut,MgNi(TeO3)4,train
mp-aaaewvvd,MgV4O7F5,train
mp-aaaewvvl,MgNb4(O2F)4,test
mp-aaaewvrx,K2MgNb2(CuS2)4,train
mp-aaaewvup,RbSr2MgNb3O10,train
mp-aaaewvth,MgIr2(WO6)2,train
mp-aaaewvub,MgNb4VO12,test
mp-aaaewvur,Rb4MgNb2(CuS4)2,train
mp-aaaewvvq,MgV4O5F7,train
mp-aaaewvua,MgV4O5F7,train
mp-aaaewvux,MgV4(OF2)4,train
mp-aaaewvvt,MgFe4(HO2)4,train
mp-aaaewvtk,MgV4O7F5,train
mp-aaaewvul,MgTi2(Fe2O5)2,train
mp-aaaewvvm,MgTi4Zn2O10,train
mp-aaaewvtb,MgMo2(Pb2O5)2,train
mp-aaaewvtg,MgTi2(Fe2O5)2,train
mp-aaaewvtu,MgV2P2(HO5)2,test
mp-aaaewvuw,MgV(TeO3)4,train
mp-aaaewvvg,Er4MgTi2O10,train
mp-aaaewvrz,Dy4MgTi2O10,train
mp-aaaewvtr,Tm4MgTi2O10,test
mp-aaaewvsd,MgTi4Zn2O10,train
mp-aaaewvsh,MgCuC2S2(OF)6,train
mp-aaaewvtn,MgV5O12,train
mp-aaaewvun,MgCo4OF11,test
mp-aaaewvuo,Na6MgV2(S3O)2,train
mp-aaaewvsk,MgV4O7F5,train
mp-aaaewvsb,MgV4O7F5,train
mp-aaaewvss,K2MgV2(CuS2)4,train
mp-aaaewvtt,Sr4MgMn3(ClO4)2,test
mp-aaaewvsn,K6Mg(SbS4)2,train
mp-aaaewvxy,MgSc2Mn4O10,train
mp-aaaewvwd,MgTi4(CoO5)2,train
mp-aaaewvxc,Rb4Mg(FeO2)4,train
mp-aaaewvwo,MgV4O7F5,train
mp-aaaewvwy,MgV4O7F5,train
mp-aaaewvyp,MgTi2Tl2(PS5)2,train
mp-aaaewvww,CsSr2MgNb3O10,train
mp-aaaewvxk,MgTe3WO12,test
mp-aaaewwah,K6Mg(BiO4)2,train
mp-aaaewvyu,MgV2S4(N3Cl2)2,train
mp-aaaewvyn,MgNb4(IO2)4,train
mp-aaaewvyt,MgV4O5F7,train
mp-aaaewvxi,MgZn2Co2(PO5)2,train
mp-aaaewwae,Sr4MgMn2Cu2(SO3)2,test
mp-aaaewvxd,MgZn2(Ni2S5)2,train
mp-aaaewvxh,MgV5O12,train
mp-aaaewvxb,Er4MgTi2O10,train
mp-aaaewvxo,MgCr4O12,train
mp-aaaewvzw,MgV2S4(N3Cl2)2,train
mp-aaaewwam,Ba4Mg(CuO2)4,train
mp-aaaewvwx,K2MgNb2(CuS2)4,train
mp-aaaewvvz,CsMgMnP3HO10,train
mp-aaaewvwg,La2MgTi3(AgO5)2,train
mp-aaaewvxl,MgCo4OF11,test
mp-aaaewvyx,Tm4MgTi2O10,test
mp-aaaewvzn,MgTe3WO12,test
mp-aaaewvzi,K6MgV2(SO3)2,test
mp-aaaewvwb,MgCo4(AgO2)4,train
mp-aaaewvxz,MgTi6(N2O3)2,train
mp-aaaewvys,Rb4MgV2(AgS4)2,train
mp-aaaewvwt,MgV4O5F7,train
mp-aaaewvya,Na6MgV2(S3O)2,train
mp-aaaewvwh,MgTe3WO12,test
mp-aaaewwaq,MgCrTe(WO6)2,train
mp-aaaewvyb,MgMn4In2O10,train
mp-aaaewvyg,Sr4MgTi3O10,train
mp-aaaewvzj,Rb4MgV2(CuS4)2,train
mp-aaaewvxf,MgMnV4O12,train
mp-aaaewvza,MgMnV4O12,train
mp-aaaewvzo,Na2Eu2MgTi3O10,test
mp-aaaewwew,Rb4MgNb2(CuS4)2,train
mp-aaaewwbq,CsBa2MgNb3O10,train
mp-aaaewwfu,Na4MgMn4O8,train
mp-aaaewwbh,Ba4Mg(CuO2)4,train
mp-aaaewwbp,MgVCrP2(HO5)2,train
mp-aaaewwce,RbSr2MgNb3O10,train
mp-aaaewwav,MgTi2Al4O10,train
mp-aaaewwcx,Na2Sm2MgTi3O10,train
mp-aaaewwaz,MgV4O5F7,train
mp-aaaewwbv,MgCo4OF11,test
mp-aaaewwbc,Rb2MgV2(CuS2)4,train
mp-aaaewwek,CsBa2MgNb3O10,train
mp-aaaewwgz,Na2MgNb2(CuS2)4,train
mp-aaaewwey,Cs4MgNb2(AgS4)2,train
mp-aaaewwgt,Na2MgGe2(SbO5)2,train
mp-aaaewwdb,MgV2S4(N3Cl2)2,train
mp-aaaewwgv,MgV4Zn2O10,train
mp-aaaewwhd,Na6Mg(SbO4)2,test
mp-aaaewwde,Mg(NbS3)4,train
mp-aaaewwfq,K4MgV2(CuS4)2,train
mp-aaaewwcc,MgNi(TeO3)4,train
mp-aaaewwax,MgTe3WO12,test
mp-aaaewwdm,MgV4O7F5,train
mp-aaaewwea,MgTi4Zn2O10,train
mp-aaaewwbw,Ho4MgTi2O10,train
mp-aaaewway,La2MgTi3(AgO5)2,train
mp-aaaewwhn,MgV2Bi4O11,test
mp-aaaewwbs,MgV4O7F5,train
mp-aaaewwdk,CsSr2MgNb3O10,train
mp-aaaewwgd,Sr4MgV2Fe2(AsO3)2,test
mp-aaaewwgi,MgNi(TeO3)4,train
mp-aaaewwev,MgSb2P2(HO5)2,train
mp-aaaewwge,MgV4O5F7,train
mp-aaaewwfm,MgTi2(Bi2O5)2,train
mp-aaaewweh,MgCo4(AgO2)4,train
mp-aaaewwfk,MgV4O7F5,train
mp-aaaewwgy,MgCo4OF11,test
mp-aaaewwbt,MgRe2(SbO6)2,test
mp-aaaewwbu,Na2Gd2MgTi3O10,train
mp-aaaewwib,K6Mg(BiO4)2,train
mp-aaaewwjy,MgPb4(WO5)2,train
mp-aaaewwjj,MgZn2Co2(SiO5)2,test
mp-aaaewwms,MgCu4(SO5)2,test
mp-aaaewwiz,Ba4Mg(CuO2)4,train
mp-aaaewwhq,MgZn2Co2(PO5)2,train
mp-aaaewwhz,MgFe4(HO2)4,train
mp-aaaewwhp,MgV4O7F5,train
mp-aaaewwlk,MgTi2Al4O10,train
mp-aaaewwoj,MgV2(Ga2O5)2,train
mp-aaaewwkg,MgCo4(AgO2)4,train
mp-aaaewwog,MgFe4(HO2)4,train
mp-aaaewwjm,MgSc4Ti2O10,train
mp-aaaewwlw,MgFe(SbO3)4,train
mp-aaaewwig,MgTe2(WO6)2,train
mp-aaaewwns,Na6Mg(SbO4)2,test
mp-aaaewwmb,MgCu5(PO5)2,test
mp-aaaewwjg,MgCo4(AgO2)4,train
mp-aaaewwnv,Sr4MgMn3(ClO4)2,test
mp-aaaewwld,MgTi4Cr2O10,train
mp-aaaewwir,MgTi6(N2O3)2,train
mp-aaaewwka,MgTi4Cr2O10,train
mp-aaaewwkh,K6Mg(SbO4)2,train
mp-aaaewwln,MgTi4Cd2O10,train
mp-aaaewwkn,MgTi6(N2O3)2,train
mp-aaaewwli,MgFeH4S2NO8,train
mp-aaaewwlp,Pr2MgMn2(GeO5)2,train
mp-aaaewwie,Na6MgMo2(NO3)2,train
mp-aaaewwny,MgAl4Cr2O10,test
mp-aaaewwon,Ba4Mg(CuO2)4,train
mp-aaaewwic,MgV2S4(Br2N3)2,train
mp-aaaewwnz,Na4Mg(CuO2)4,train
mp-aaaewwmt,Sr4MgTi3O10,train
mp-aaaewwmu,MgV2S4(N3Cl2)2,train
mp-aaaewwnk,RbSr2MgNb3O10,train
mp-aaaewwpm,Ba2MgTi3Tl2O10,train
mp-aaaewwqa,Na2MgGe2(SbO5)2,train
mp-aaaewwsp,CsMgMnP3HO10,train
mp-aaaewwqu,MgTi4Zn2O10,train
mp-aaaewwqn,Ce4MgTi2O10,test
mp-aaaewwus,Lu6MgWO12,train
mp-aaaewwpq,MgPb4(WO5)2,train
mp-aaaewwqw,MgCu4(SO5)2,test
mp-aaaewwvj,MgTi4(FeO4)3,train
mp-aaaewwuy,MgFe6(OF)6,train
mp-aaaewwvf,MgFe6(OF)6,train
mp-aaaewwve,MgCr2(CoO3)4,train
mp-aaaewwvh,MgMn5FeO12,train
mp-aaaewwut,MgCo6(OF)6,train
mp-aaaewwvc,Cs4MgTi2(AgS2)4,train
mp-aaaewwrm,MgTe(WO4)3,train
mp-aaaewwsk,MgCr2(Fe2O5)2,train
mp-aaaewwtd,MgCu4Ag2(PS4)2,train
mp-aaaewwuq,Tb2MgCu(GeO3)4,train
mp-aaaewwuv,Tb5Mg(MoO6)2,train
mp-aaaewwvb,MgFe6(OF)6,train
mp-aaaewwvd,Ho6MgWO12,train
mp-aaaewwuu,Sr4MgFe4O11,train
mp-aaaewwrt,MgV2(Ag3O4)2,train
mp-aaaewwot,MgSb2P2(HO5)2,train
mp-aaaewwrq,MgV2Bi4O11,test
mp-aaaewwtk,K4MgV2(AgS4)2,test
mp-aaaewwur,MgMn6O7F5,train
mp-aaaewwpn,K6Mg(BiO4)2,train
mp-aaaewwsf,MgV2S4(Br2N3)2,train
mp-aaaewwtj,Lu4MgTi2O10,train
mp-aaaewwuz,MgTi4(FeO4)3,train
mp-aaaewwup,MgGe4(BiO6)2,train
mp-aaaewwqg,Na2Sm2MgTi3O10,train
mp-aaaewwuw,Ba2Tb2MgCo4O11,train
mp-aaaewwva,Gd6MgWO12,test
mp-aaaewwvg,MgMn2Co5O12,train
mp-aaaewwvq,Tb2MgCu(GeO3)4,train
mp-aaaewwvl,MgMn2Co5O12,train
mp-aaaewwvv,MgMn6(O2F)4,train
mp-aaaewwvp,MgFe6(OF)6,train
mp-aaaewwvn,Cs4MgTi2(AgS2)4,train
mp-aaaewwwd,MgCr4(WO6)2,train
mp-aaaewwvm,Na4Mg(NiO2)5,train
mp-aaaewwvr,Na4Mg(NiO2)5,train
mp-aaaewwwe,MgV4As2O13,train
mp-aaaewwwp,MgTi2Nb2(CuO4)3,train
mp-aaaewwvo,Ba2Nd2MgCo4O11,train
mp-aaaewwwj,Lu6MgWO12,train
mp-aaaewwwv,MgFe6O7F5,train
mp-aaaewwvx,La3MgTi4O12,train
mp-aaaewwvt,MgTl6WO12,train
mp-aaaewwvw,Sm2MgTi3(BiO6)2,train
mp-aaaewwvy,Ba2La2MgZn(WO6)2,test
mp-aaaewwwa,MgCo7O12,train
mp-aaaewwwb,Ba2MgNb4O12,test
mp-aaaewwwi,Ba2La2MgMn(WO6)2,train
mp-aaaewwwt,MgCo7O12,train
mp-aaaewwwu,MgMn4(FeO6)2,train
mp-aaaewwvs,Na4Mg(Mo2O5)2,train
mp-aaaewwvu,K2Na2Sm2MgNb2O10,train
mp-aaaewwwc,Ba2MgMn3Tl2Zn2O10,train
mp-aaaewwvk,MgCr2Ag6(ClO4)2,train
mp-aaaewwwh,MgMn2(SbO3)4,train
mp-aaaewwwl,MgFe3(PO4)3,train
mp-aaaewwwf,MgIn6WO12,train
mp-aaaewwwg,Ba2Nd2Mg(Fe2O5)2,train
mp-aaaewwwo,MgMn2Co5O12,train
mp-aaaewwws,Er5Mg(MoO6)2,test
mp-aaaewwwm,MgFe4(TeO6)2,train
mp-aaaewwwq,Lu6MgWO12,train
mp-aaaewwwn,MgMnV4CuO12,train
mp-aaaewwwr,MgMn6(O2F)4,train
mp-aaaewwxn,MgIn6WO12,train
mp-aaaewwyl,MgV4As2O13,train
mp-aaaewwxu,La6MgWO12,train
mp-aaaewwzb,Gd6MgWO12,test
mp-aaaewwxd,MgMn5Cr2O12,train
mp-aaaewwxb,MgTi5NbO12,test
mp-aaaewwxs,MgMn5Cr2O12,train
mp-aaaewwwy,K2MgCr2Cd(H2O5)2,train
mp-aaaewwxc,MgCu4H6(ClO3)2,test
mp-aaaewwyo,MgFe6(OF)6,train
mp-aaaewwyp,MgV4As2O13,train
mp-aaaewwyj,Rb4MgTi2(CuS2)4,train
mp-aaaewwxa,Ho6MgWO12,train
mp-aaaewwyy,Er2MgCu(GeO3)4,train
mp-aaaewwxi,MgCu6(OF5)2,test
mp-aaaewwym,MgCo6(O2F)4,test
mp-aaaewwxz,Ba2MgNb4O12,test
mp-aaaewwyc,MgFe6(OF)6,train
mp-aaaewwyh,MgBi4(WO6)2,test
mp-aaaewwxq,Ba5MgBi3O11,test
mp-aaaewwxh,MgCo7O12,train
mp-aaaewwyx,MgMn6(O2F)4,train
mp-aaaewwyz,K2MgCr2Cd(H2O5)2,train
mp-aaaewwys,Na4Mg(Fe2O5)2,train
mp-aaaewwwz,MgMn2V4O12,train
mp-aaaewwxm,Sr4MgFe4O11,train
mp-aaaewwxv,Na3Mg(CoO2)5,train
mp-aaaewwze,MgV4P2O13,test
mp-aaaewwyn,Rb8Mg(FeO4)2,train
mp-aaaewwyb,MgMn6(O2F)4,train
mp-aaaewwxe,MgFe6(OF)6,train
mp-aaaewwzd,Er5Mg(MoO6)2,test
mp-aaaewwyq,MgMn6(O2F)4,train
mp-aaaewwyt,Na2MgW4O13,test
mp-aaaewwyv,Rb4MgTi2(CuS2)4,train
mp-aaaewwyw,MgMn5Cr2O12,train
mp-aaaewwza,Ba2Nd2MgCo4O11,train
mp-aaaewwzw,MgCr2(SbO3)4,train
mp-aaaewxap,MgCu3(GeO3)4,test
mp-aaaewwzk,Ba3LaMgIn(WO6)2,train
mp-aaaewxbc,Ho6MgWO12,train
mp-aaaewxau,MgGe4(MoO6)2,train
mp-aaaewxay,MgV4P2O13,test
mp-aaaewwzg,MgTl6WO12,train
mp-aaaewxah,MgFe6O11F,train
mp-aaaewxan,MgFe6(OF)6,train
mp-aaaewwzh,Ba2Tb2MgCo4O11,train
mp-aaaewxao,MgFe6(OF)6,train
mp-aaaewxaq,Na4Mg(Mo2O5)2,train
mp-aaaewxas,MgTi3(BiO3)4,train
mp-aaaewxbj,Ba2Nd2Mg(Fe2O5)2,train
mp-aaaewxaf,MgCo6(OF)6,train
mp-aaaewxbh,MgFe6(OF)6,train
mp-aaaewwzn,Cs4MgTi2(AgS2)4,train
mp-aaaewxaj,MgCo6(OF)6,train
mp-aaaewxbx,MgMnCo5O12,test
mp-aaaewxbv,MgFe3(PO4)3,train
mp-aaaewxal,MgMn6O11F,train
mp-aaaewxbq,Na4Mg(NiO2)5,train
mp-aaaewxbp,MgV4As2O13,train
mp-aaaewxad,MgTi2Si2(Ag2O5)2,train
mp-aaaewwzl,MgV4P2O13,test
mp-aaaewxba,Sr4MgFe4O11,train
mp-aaaewxai,K2MgMn3V2(HO5)2,train
mp-aaaewxbz,Sr4MgRe2NiO12,train
mp-aaaewxcb,Na8Mg(FeO4)2,test
mp-aaaewwzo,Na2MgW4O13,test
mp-aaaewxbt,Ba2Nd2Mg(Fe2O5)2,train
mp-aaaewxbb,MgMn2Co5O12,train
mp-aaaewxbo,MgV4P2O13,test
mp-aaaewxbr,K2MgMn3V2(HO5)2,train
mp-aaaewxcd,MgFe6(OF)6,train
mp-aaaewxbg,MgFe6(OF)6,train
mp-aaaewxbm,Na8MgTi2O8,train
mp-aaaewxct,MgTi2Nb2(CuO4)3,train
mp-aaaewxdz,MgMn6O11F,train
mp-aaaewxcj,MgMn6(O2F)4,train
mp-aaaewxda,MgCu3(MoO3)4,test
mp-aaaewxej,MgCo5BiO12,train
mp-aaaewxdx,MgCo6O7F5,train
mp-aaaewxcr,MgV4Zn2O12,train
mp-aaaewxec,MgFe6(OF)6,train
mp-aaaewxck,MgTi2Nb2(CuO4)3,train
mp-aaaewxcs,MgTl6WO12,train
mp-aaaewxef,MgMn6O7F5,train
mp-aaaewxes,MgFe6(OF)6,train
mp-aaaewxcl,MgCo6(O5F)2,test
mp-aaaewxfb,MgCo6O7F5,train
mp-aaaewxey,MgMn2(SbO3)4,train
mp-aaaewxcu,Ba2Tb2MgTi2Cu2O11,train
mp-aaaewxer,MgMn6O11F,train
mp-aaaewxet,MgFe6(OF)6,train
mp-aaaewxdq,MgTiV4CoO12,train
mp-aaaewxdt,Sr3MgMn4O12,train
mp-aaaewxce,MgFe2(CoO3)4,train
mp-aaaewxei,MgMn6(O2F)4,train
mp-aaaewxeb,MgMn2Te2(MoO6)2,train
mp-aaaewxeg,MgFe4(CoO6)2,train
mp-aaaewxeq,La6MgWO12,train
mp-aaaewxed,MgMn6(O2F)4,train
mp-aaaewxel,Rb2MgNi2W2(OF)6,train
mp-aaaewxex,K8MgTi2O8,train
mp-aaaewxdh,Sr4Mg(Fe2O5)2,train
mp-aaaewxeo,MgMn6(OF)6,train
mp-aaaewxee,MgCrCo5O12,train
mp-aaaewxdw,MgCo2(BiO3)4,train
mp-aaaewxdy,Ba6Mg(TiS5)2,train
mp-aaaewxeh,MgV4FeCoO12,train
mp-aaaewxdm,MgCo6O7F5,train
mp-aaaewxdv,MgCo5BiO12,train
mp-aaaewxen,MgCr2(GeO3)4,train
mp-aaaewxfj,MgMn6O7F5,train
mp-aaaewxfd,MgMn6O7F5,train
mp-aaaewxff,MgCo6(O2F)4,test
mp-aaaewxfy,MgV2Cr4O12,train
mp-aaaewxfn,MgFe6(OF)6,train
mp-aaaewxgn,MgMn6(OF)6,train
mp-aaaewxgm,MgFe6(OF)6,train
mp-aaaewxhg,MgCo6(OF)6,train
mp-aaaewxfc,MgCo6(O5F)2,test
mp-aaaewxhd,MgFe6(OF)6,train
mp-aaaewxfk,La4MgTi4O10,test
mp-aaaewxfp,MgFeCo5O12,test
mp-aaaewxgc,MgCr4(WO6)2,train
mp-aaaewxgi,SrMgFe2(SeO3)4,test
mp-aaaewxfw,Na8MgTi2O8,train
mp-aaaewxgd,MgFe6(O5F)2,test
mp-aaaewxgk,MgMn6(OF)6,train
mp-aaaewxgo,Eu4Mg(Fe2O5)2,train
mp-aaaewxhe,MgCo5SbO12,train
mp-aaaewxfz,MgCo6(OF)6,train
mp-aaaewxgx,Na4MgTi2(SiO5)2,test
mp-aaaewxgj,MgFe6(OF)6,train
mp-aaaewxgl,K2Na2Pr2MgNb2O10,train
mp-aaaewxhf,MgMn6(OF)6,train
mp-aaaewxgp,MgFe6(OF)6,train
mp-aaaewxfv,La2MgFe2(MoO6)2,train
mp-aaaewxgu,Pr2Mg(MoO3)4,train
mp-aaaewxfo,MgMn2(SiO3)4,train
mp-aaaewxfe,MgFe6(O3F)3,test
mp-aaaewxfi,Na8MgMo2(NO)4,test
mp-aaaewxha,MgCo6O7F5,train
mp-aaaewxhh,Pr2MgTi4O12,train
mp-aaaewxga,MgHg2(SbO3)4,test
mp-aaaewxgr,MgTi6AgS12,test
mp-aaaewxfl,MgCo4(NiO6)2,train
mp-aaaewxft,MgZn2(BiO3)4,test
mp-aaaewxgf,Na4Mg(Ni2O5)2,test
mp-aaaewxgw,MgCo4(NiO6)2,train
mp-aaaewxfm,MgFe6(O5F)2,test
mp-aaaewxip,MgFe4(TeO6)2,train
mp-aaaewxhn,MgFe6(OF)6,train
mp-aaaewxic,MgFe6(OF)6,train
mp-aaaewxhk,MgSi4(MoO6)2,test
mp-aaaewxix,MgV4(OF6)2,train
mp-aaaewxja,MgFe3(PO4)3,train
mp-aaaewxik,MgNb4(NiO6)2,train
mp-aaaewxhr,MgMn6O7F5,train
mp-aaaewxjb,MgFe2(SbO3)4,train
mp-aaaewxiw,MgFe6O7F5,train
mp-aaaewxiy,Ho2MgV4O12,test
mp-aaaewxjf,MgZn2(SbO3)4,train
mp-aaaewxje,MgMn2Te2(MoO6)2,train
mp-aaaewxht,MgFe6(OF)6,train
mp-aaaewxhq,MgZn2(MoO3)4,test
mp-aaaewxhv,MgMn6(OF)6,train
mp-aaaewxia,MgMn4(FeO6)2,train
mp-aaaewxin,Ho2MgCu(GeO3)4,test
mp-aaaewxjc,MgMn6(O2F)4,train
mp-aaaewxig,MgFe6(O5F)2,test
mp-aaaewxjh,MgTi2S2(Cl6O)2,train
mp-aaaewxih,K2Na2La2MgNb2O10,test
mp-aaaewxji,Na3MgTi2P2O10F,test
mp-aaaewxjm,MgMn6(OF)6,train
mp-aaaewxjq,MgCo2(SbO3)4,train
mp-aaaewxie,MgV4(CoO6)2,train
mp-aaaewxiv,MgMn6(OF)6,train
mp-aaaewxhp,MgFe6(OF)6,train
mp-aaaewxhj,MgMn6O7F5,train
mp-aaaewxij,MgV4FeNiO12,train
mp-aaaewxjd,La4MgTi3O12,train
mp-aaaewxhs,MgMn6(O2F)4,train
mp-aaaewxis,MgTiCo5O12,test
mp-aaaewxjl,MgV2(SiO3)4,train
mp-aaaewxii,K4MgV4O10,test
mp-aaaewxhl,MgFeCo5O12,test
mp-aaaewxif,MgFe6(O5F)2,test
mp-aaaewxjk,MgFe6(OF)6,train
mp-aaaewxjr,MgFe6(OF)6,train
mp-aaaewxkg,MgNi2(SbO3)4,train
mp-aaaewxlh,MgMn6O7F5,train
mp-aaaewxkp,MgV5CoO12,train
mp-aaaewxkb,MgCr2(CoO3)4,train
mp-aaaewxkl,MgMn5NiO12,train
mp-aaaewxkz,La2MgFe2(TeO6)2,train
mp-aaaewxjz,MgV4Cr2O12,train
mp-aaaewxkh,MgFe6O11F,train
mp-aaaewxll,MgCo6O7F5,train
mp-aaaewxmj,MgMn6O7F5,train
mp-aaaewxkq,MgCo2(SbO3)4,train
mp-aaaewxke,MgTi5NbO12,test
mp-aaaewxlt,MgV4CoNiO12,train
mp-aaaewxlb,Tm6MgWO12,train
mp-aaaewxkr,K2Na2Nd2MgNb2O10,train
mp-aaaewxkd,MgFe6(OF)6,train
mp-aaaewxki,MgCo5NiO12,train
mp-aaaewxkx,MgMn6(O2F)4,train
mp-aaaewxld,MgMn6(O2F)4,train
mp-aaaewxks,MgCu6(OF5)2,test
mp-aaaewxls,Ba2MgNb4O12,test
mp-aaaewxlx,MgV5FeO12,test
mp-aaaewxma,MgCo2(SiO3)4,train
mp-aaaewxmb,MgMn6(O2F)4,train
mp-aaaewxky,MgMn6(O2F)4,train
mp-aaaewxjt,Na4Mg(Mo2O5)2,train
mp-aaaewxmi,MgFe6O7F5,train
mp-aaaewxli,MgCo2Te2(MoO6)2,train
mp-aaaewxlm,Ba4MgCo(ReO6)2,test
mp-aaaewxkk,Na8Mg(CoO4)2,train
mp-aaaewxla,MgMn6O7F5,train
mp-aaaewxmc,MgTi2S2(Cl6O)2,train
mp-aaaewxlq,MgMn6(O2F)4,train
mp-aaaewxlg,MgFe6(O5F)2,test
mp-aaaewxlp,MgCu2H4(SeO5)2,train
mp-aaaewxme,MgFe6(OF)6,train
mp-aaaewxlu,MgFe6(O2F)4,train
mp-aaaewxmf,MgMn2(SbO3)4,train
mp-aaaewxmx,MgZn2Te2(MoO6)2,train
mp-aaaewxoi,Na4MgV4O10,train
mp-aaaewxmk,MgMn2(SeO3)4,train
mp-aaaewxnf,Rb2MgTi2Zn2(OF5)2,train
mp-aaaewxmt,MgMn6(OF)6,train
mp-aaaewxmy,Na4Mg(Mo2O5)2,train
mp-aaaewxmn,MgTiV4FeO12,train
mp-aaaewxms,MgFe6O11F,train
mp-aaaewxoj,MgMn6O11F,train
mp-aaaewxnq,MgCu2(IO3)4,train
mp-aaaewxmz,MgFe6(OF)6,train
mp-aaaewxoa,La4MgTi3O12,train
mp-aaaewxmw,MgMnV4CoO12,train
mp-aaaewxml,MgMnV4NiO12,train
mp-aaaewxnj,MgCo6O7F5,train
mp-aaaewxoe,MgNb4(CoO6)2,test
mp-aaaewxog,MgMn6(OF)6,train
mp-aaaewxoh,MgMn6(O2F)4,train
mp-aaaewxmv,MgFe6O7F5,train
mp-aaaewxob,MgMo2(RhO3)4,train
mp-aaaewxnd,MgMn2(SbO3)4,train
mp-aaaewxmq,Tm6MgWO12,train
mp-aaaewxol,MgFe6(O5F)2,test
mp-aaaewxpd,MgFe6(O2F)4,train
mp-aaaewxnw,MgTi2Tl2W2(O5F)2,train
mp-aaaewxny,Na4MgTi2(SiO5)2,test
mp-aaaewxod,MgCo2(SiO3)4,train
mp-aaaewxnm,MgMn6O7F5,train
mp-aaaewxoq,MgMn6(O2F)4,train
mp-aaaewxnl,MgCo2(BiO3)4,train
mp-aaaewxok,MgNb4(CoO6)2,test
mp-aaaewxpc,MgMn6(OF)6,train
mp-aaaewxnv,MgV5CrO12,train
mp-aaaewxor,MgFe6(OF)6,train
mp-aaaewxov,MgCr2Ag6(ClO4)2,train
mp-aaaewxns,MgMn6O7F5,train
mp-aaaewxoo,Ba4Mg(Fe2O5)2,train
mp-aaaewxox,MgMn6O7F5,train
mp-aaaewxpq,MgNb4(CoO6)2,test
mp-aaaewxph,MgFe6O7F5,train
mp-aaaewxps,MgMn6O11F,train
mp-aaaewxpf,MgMn6(O2F)4,train
mp-aaaewxqh,MgCu2(SbO3)4,train
mp-aaaewxpp,Na8Mg(FeO4)2,test
mp-aaaewxqj,Na4Mg(Ni2O5)2,test
mp-aaaewxpz,MgHg2(BiO3)4,train
mp-aaaewxqc,MgFe4(TeO6)2,train
mp-aaaewxrh,MgZn2(BiO3)4,test
mp-aaaewxqz,MgCo5NiO12,train
mp-aaaewxqq,MgFe6(OF)6,train
mp-aaaewxrc,Ba2MgNb4O12,test
mp-aaaewxrv,MgMn6(OF)6,train
mp-aaaewxri,La4Mg(MoO6)2,train
mp-aaaewxrm,MgMn6(O2F)4,train
mp-aaaewxpr,MgTi2(PS3)4,train
mp-aaaewxqe,MgNb4(NiO6)2,train
mp-aaaewxqk,MgFe6(OF)6,train
mp-aaaewxre,MgFe6(O5F)2,test
mp-aaaewxpj,MgV4(PbO6)2,train
mp-aaaewxrw,MgCo6(O2F)4,test
mp-aaaewxrb,MgV4(WO6)2,train
mp-aaaewxqf,MgTi3Nb(CuO4)3,train
mp-aaaewxqm,MgFe6(OF)6,train
mp-aaaewxrl,MgZn2Te2(MoO6)2,train
mp-aaaewxsc,MgMn6O7F5,train
mp-aaaewxqy,MgMn6(O2F)4,train
mp-aaaewxqu,MgMn2Te2(MoO6)2,train
mp-aaaewxpv,Na4MgV4O10,train
mp-aaaewxqb,MgCu4H6(ClO3)2,test
mp-aaaewxra,MgCu2(SbO3)4,train
mp-aaaewxrg,MgCo6(OF)6,train
mp-aaaewxqs,MgMo2(RhO3)4,train
mp-aaaewxrt,MgHg2(SbO3)4,test
mp-aaaewxpx,MgCo6(O5F)2,test
mp-aaaewxqn,La3MgTi3CrO12,test
mp-aaaewxrk,MgV4(PbO6)2,train
mp-aaaewxrs,MgV2Cr4O12,train
mp-aaaewxui,MgMn6(O2F)4,train
mp-aaaewxsu,MgMn6(O2F)4,train
mp-aaaewxse,Ba2Pr4Mg(CuO5)2,test
mp-aaaewxsw,MgMn6O11F,train
mp-aaaewxsh,MgMn6O7F5,train
mp-aaaewxsq,Rb8Mg(FeO4)2,train
mp-aaaewxte,MgTi6AgS12,test
mp-aaaewxsi,K2MgMo2P2(ClO5)2,train
mp-aaaewxtt,MgCu2(IO3)4,train
mp-aaaewxuy,MgCo6(O2F)4,test
mp-aaaewxtz,MgFe6(O5F)2,test
mp-aaaewxub,Sm4Mg(Cu2O5)2,train
mp-aaaewxti,K2Na2Eu2MgNb2O10,train
mp-aaaewxtq,MgMn6(OF)6,train
mp-aaaewxtw,Rb8Mg(FeO4)2,train
mp-aaaewxuh,Na4Mg(Ni2O5)2,test
mp-aaaewxuf,MgTi2Si2(Ag2O5)2,train
mp-aaaewxsl,MgFe6(OF)6,train
mp-aaaewxua,Eu4Mg(Cu2O5)2,train
mp-aaaewxtc,MgMn6O7F5,train
mp-aaaewxts,MgFe6(OF)6,train
mp-aaaewxuc,MgCo6O7F5,train
mp-aaaewxvd,MgMn6(O2F)4,train
mp-aaaewxtg,MgV2Cr4O12,train
mp-aaaewxtp,MgCo6O7F5,train
mp-aaaewxsn,MgMn6O11F,train
mp-aaaewxsf,MgFe6(O5F)2,test
mp-aaaewxty,MgV2Cr4O12,train
mp-aaaewxuv,La2MgFe2(WO6)2,test
mp-aaaewxsx,MgCo5SnO12,test
mp-aaaewxsz,Na4MgV4O10,train
mp-aaaewxtd,Ba2MgNb4O12,test
mp-aaaewxvi,MgMn6O7F5,train
mp-aaaewxuo,MgFe6(O5F)2,test
mp-aaaewxst,MgMn6O7F5,train
mp-aaaewxtx,MgNi2(BiO3)4,train
mp-aaaewxuu,MgFe6(O5F)2,test
mp-aaaewxvh,MgMn6(OF)6,train
mp-aaaewxuj,MgCo6O7F5,train
mp-aaaewxvo,MgCo6O7F5,train
mp-aaaewxvn,MgGe4(BiO6)2,train
mp-aaaewxvl,Ho5Mg(MoO6)2,train
mp-aaaewxxu,MgV5CuO12,test
mp-aaaewxvq,MgMn5CuO12,train
mp-aaaewxvs,MgMn6(O2F)4,train
mp-aaaewxwv,Ba4Mg(Co2O5)2,test
mp-aaaewxxs,MgFe6O11F,train
mp-aaaewxyj,MgMnV4CoO12,train
mp-aaaewxwc,MgCrCo5O12,train
mp-aaaewxxz,Na4MgTi2(GeO5)2,train
mp-aaaewxxg,Eu6MgWO12,train
mp-aaaewxxx,K4MgRu2(Cl5O)2,train
mp-aaaewxwo,Na3MgTi2P2O10F,test
mp-aaaewxyg,MgCo4(CuO4)3,train
mp-aaaewxws,MgMn6O7F5,train
mp-aaaewxwx,MgMn6(O2F)4,train
mp-aaaewxwf,MgV4(FeO6)2,train
mp-aaaewxwj,Ba4Mg(Fe2O5)2,train
mp-aaaewxxk,MgFe6O11F,train
mp-aaaewxxo,Rb4MgV4O10,train
mp-aaaewxxp,MgTa4(CuO6)2,train
mp-aaaewxvp,Na8Mg(NiO4)2,train
mp-aaaewxxf,MgMn5FeO12,train
mp-aaaewxwm,MgFe6(O5F)2,test
mp-aaaewxxh,MgMn4(NiO6)2,train
mp-aaaewxye,MgV4Cr2O12,train
mp-aaaewxwu,MgFe6O7F5,train
mp-aaaewxwa,Tb5Mg(MoO6)2,train
mp-aaaewxwe,K2Na2MgNb2(OF5)2,train
mp-aaaewxvr,MgV2(SiO3)4,train
mp-aaaewxxw,MgFe6(OF)6,train
mp-aaaewxxy,MgFe6(O2F)4,train
mp-aaaewxyb,MgFe6(OF)6,train
mp-aaaewxwd,MgFe6(O5F)2,test
mp-aaaewxwt,MgMn6O7F5,train
mp-aaaewxyd,MgMn6(O2F)4,train
mp-aaaewxxa,MgMn6(O5F)2,train
mp-aaaewxyw,MgFe6(O3F)3,test
mp-aaaewxyt,MgMn6O11F,train
mp-aaaewxzc,MgFe6(OF)6,train
mp-aaaewxyk,La4MgCr2O12,test
mp-aaaewxys,MgMn2(SiO3)4,train
mp-aaaewyam,MgTi2Tl2W2(O5F)2,train
mp-aaaewxyo,MgMn5FeO12,train
mp-aaaewyaz,Na4MgTi2(SiO5)2,test
mp-aaaewxzu,MgFe6(OF)6,train
mp-aaaewyai,MgHg2(BiO3)4,train
mp-aaaewxzd,Na8MgCr2O8,train
mp-aaaewyab,MgMn6O11F,train
mp-aaaewyap,La5MgCu4P4(ClO2)2,test
mp-aaaewybc,MgMn4Cr2O12,train
mp-aaaewxzh,MgFeCo5O12,test
mp-aaaewxzv,MgMn6O11F,train
mp-aaaewyaw,MgMn6O7F5,train
mp-aaaewybj,MgNb4(CoO6)2,test
mp-aaaewxzo,MgTi2Mn4O12,train
mp-aaaewyaa,MgFe6O11F,train
mp-aaaewyaj,MgMn5SbO12,test
mp-aaaewxyu,MgFe6O7F5,train
mp-aaaewyay,MgMn6O11F,train
mp-aaaewxyl,MgCo6O7F5,train
mp-aaaewxzw,Sr4MgFe4O11,train
mp-aaaewybh,MgMnV4NiO12,train
mp-aaaewxzf,MgCo2(BiO3)4,train
mp-aaaewxzp,MgMn6(OF)6,train
mp-aaaewxyn,MgMn6O7F5,train
mp-aaaewxyy,MgFe3(PO4)3,train
mp-aaaewxze,Na8Mg(NiO4)2,train
mp-aaaewyak,MgMn6O7F5,train
mp-aaaewybb,Na4MgTi2(GeO5)2,train
mp-aaaewxyr,MgMn6(O2F)4,train
mp-aaaewxzk,MgMn6(O2F)4,train
mp-aaaewxzq,MgCo6(OF)6,train
mp-aaaewyah,MgTi2(PS3)4,train
mp-aaaewybf,Ba6MgCr2O10,test
mp-aaaewybm,MgTi2Tl2W2(O5F)2,train
mp-aaaewyby,MgFe3(PO4)3,train
mp-aaaewydi,MgSi4(MoO6)2,test
mp-aaaewydf,Ba4Mg(Fe2O5)2,train
mp-aaaewyde,Eu6MgWO12,train
mp-aaaewycf,MgMn6O7F5,train
mp-aaaewybt,MgTi2(SiO3)4,train
mp-aaaewycd,MgMn6(O2F)4,train
mp-aaaewyda,MgMnV4CuO12,train
mp-aaaewycq,Na8MgTi2O8,train
mp-aaaewydl,MgV5FeO12,test
mp-aaaewydh,MgMn2Te2(MoO6)2,train
mp-aaaewyeu,Na4MgTi2(SiO5)2,test
mp-aaaewydo,La3MgTi4O12,train
mp-aaaewydp,Na8MgMn2O8,train
mp-aaaewydy,La4MgTi4O10,test
mp-aaaewyel,Ho2Mg(SbO3)4,train
mp-aaaewybs,MgZn4(Fe2O5)2,train
mp-aaaewybu,MgMn5CuO12,train
mp-aaaewydb,Tm6MgWO12,train
mp-aaaewyck,MgBi4(WO6)2,test
mp-aaaewycs,MgMn6O11F,train
mp-aaaewydz,MgMn6(OF)6,train
mp-aaaewyei,MgFe6(O5F)2,test
mp-aaaewyce,MgFe6O7F5,train
mp-aaaewydj,MgFe6(O5F)2,test
mp-aaaewydx,MgZn2(SbO3)4,train
mp-aaaewyeh,MgTi3(SnO4)3,train
mp-aaaewyds,MgFe6(O2F)4,train
mp-aaaewyeb,MgNb4(SnO6)2,train
mp-aaaewyew,MgNi2(BiO3)4,train
mp-aaaewybo,MgFe6(O5F)2,test
mp-aaaewyci,MgMn5CuO12,train
mp-aaaewycm,Na4Mg(Fe2O5)2,train
mp-aaaewyco,MgCo6(O5F)2,test
mp-aaaewydw,MgFe6(OF)6,train
mp-aaaewyex,MgFe6O11F,train
mp-aaaewycp,MgMn6(O2F)4,train
mp-aaaewyeo,MgTi2(SiO3)4,train
mp-aaaewyfg,MgTiCo5O12,test
mp-aaaewyfh,MgFe2(SbO3)4,train
mp-aaaewyft,Tb5Mg(MoO6)2,train
mp-aaaewyhj,MgCo2(SbO3)4,train
mp-aaaewyfa,MgMnV5O12,train
mp-aaaewyfb,MgBi4(WO6)2,test
mp-aaaewyfn,MgCo6(O5F)2,test
mp-aaaewyfr,Ho5Mg(MoO6)2,train
mp-aaaewyey,MgFe6O7F5,train
mp-aaaewyfm,MgMn6(O2F)4,train
mp-aaaewyhw,MgMn6(O2F)4,train
mp-aaaewyhe,MgFe6O7F5,train
mp-aaaewyhb,MgZn2(SbO3)4,train
mp-aaaewygf,MgMn6(O5F)2,train
mp-aaaewygn,MgFe6(O5F)2,test
mp-aaaewyim,MgMn6O11F,train
mp-aaaewygq,MgFe2(CoO3)4,train
mp-aaaewyik,MgTi2Tl2W2(O5F)2,train
mp-aaaewyip,MgMn6(O2F)4,train
mp-aaaewyfw,MgMn6(O2F)4,train
mp-aaaewyht,MgMn6(O2F)4,train
mp-aaaewyhy,Ba2MgNb4O12,test
mp-aaaewyic,MgFe6O11F,train
mp-aaaewygx,Na4MgTi2(GeO5)2,train
mp-aaaewyhp,MgV4(OF6)2,train
mp-aaaewyfo,MgV2Cr4O12,train
mp-aaaewyii,MgFe6O7F5,train
mp-aaaewyiu,MgMn6O7F5,train
mp-aaaewyfz,MgV4FeNiO12,train
mp-aaaewygh,MgTi2(PS3)4,train
mp-aaaewyhs,MgSb4(WO6)2,train
mp-aaaewygt,MgCo2(BiO3)4,train
mp-aaaewyhn,MgFe6(O5F)2,test
mp-aaaewyib,MgMn6(OF)6,train
mp-aaaewyin,MgMn6O7F5,train
mp-aaaewyhv,MgTi2(SeO3)4,train
mp-aaaewyfq,MgV4(PbO6)2,train
mp-aaaewygl,Ho2Mg(BiO3)4,train
mp-aaaewygu,MgHg2(BiO3)4,train
mp-aaaewyix,MgTiV4CoO12,train
mp-aaaewyjy,MgFe6(O5F)2,test
mp-aaaewyjw,MgCo5SnO12,test
mp-aaaewyko,MgCd2Te2(MoO6)2,train
mp-aaaewyjq,MgMn6(OF)6,train
mp-aaaewykl,MgMn6O11F,train
mp-aaaewylx,MgMn6(O2F)4,train
mp-aaaewyml,Na4MgTi2(GeO5)2,train
mp-aaaewyjh,MgMn6(O2F)4,train
mp-aaaewylu,MgCo5SbO12,train
mp-aaaewyll,MgMn6O7F5,train
mp-aaaewymy,MgCo6(O5F)2,test
mp-aaaewylt,MgFe6(O5F)2,test
mp-aaaewymr,MgFe6(O5F)2,test
mp-aaaewylv,Tb4Mg(WO6)2,test
mp-aaaewylq,MgMn6O7F5,train
mp-aaaewyiz,MgMn6(O2F)4,train
mp-aaaewykb,Na8Mg(CoO4)2,train
mp-aaaewykr,MgCo6O7F5,train
mp-aaaewylk,MgMn6(O2F)4,train
mp-aaaewyjg,Na8MgMn2O8,train
mp-aaaewyly,Ba2Nd2MgCu2(BO5)2,train
mp-aaaewymt,MgMn6O7F5,train
mp-aaaewyni,MgCd2Te2(MoO6)2,train
mp-aaaewylr,Na3Mg(NiO2)5,train
mp-aaaewymf,MgMn6(O2F)4,train
mp-aaaewynk,MgCo5NiO12,train
mp-aaaewykg,K8MgTi2O8,train
mp-aaaewyki,MgTi2(PS3)4,train
mp-aaaewyld,MgCr4(WO6)2,train
mp-aaaewymm,MgMn6O7F5,train
mp-aaaewynf,MgCo6(OF)6,train
mp-aaaewymc,MgV4FeNiO12,train
mp-aaaewyno,MgMn6(O2F)4,train
mp-aaaewyjf,MgV2Fe2(H2O5)2,train
mp-aaaewykx,MgV2(GeO3)4,train
mp-aaaewyme,La2MgCr2(CoO6)2,test
mp-aaaewyms,MgCo2(SiO3)4,train
mp-aaaewyoi,MgAg6Mo2ClO7F3,train
mp-aaaewyob,MgCd2Te2(MoO6)2,train
mp-aaaewynv,MgFe6(O5F)2,test
mp-aaaewyoh,MgFe6(O2F)4,train
mp-aaaewyog,MgFe6(O5F)2,test
mp-aaaewyqf,Ho5Mg(MoO6)2,train
mp-aaaewyns,MgCo6(O2F)4,test
mp-aaaewyow,Rb2MgMo2P2(ClO5)2,train
mp-aaaewynz,MgGe4(BiO6)2,train
mp-aaaewynr,SrMgFe2(SeO3)4,test
mp-aaaewypt,La4MgTi4O10,test
mp-aaaewyqm,MgCo4(SbO6)2,train
mp-aaaewyom,MgCo6O7F5,train
mp-aaaewyoc,MgMn6O7F5,train
mp-aaaewypg,MgMn6O7F5,train
mp-aaaewyqr,MgFe6(O5F)2,test
mp-aaaewyqs,Na8MgW2(NO)4,test
mp-aaaewyqt,MgMn6(O2F)4,train
mp-aaaewyqz,MgCo2(CO3)4,train
mp-aaaewyrc,MgMn6O11F,train
mp-aaaewyrx,MgFe6(O2F)4,train
mp-aaaewysc,NaMgCr2In(H2O5)2,train
mp-aaaewyse,MgMn6(O2F)4,train
mp-aaaewyos,MgCo6(O2F)4,test
mp-aaaewyru,MgMn6(OF)6,train
mp-aaaewyph,K2Na2MgNb2(OF5)2,train
mp-aaaewyqn,MgBi4(WO6)2,test
mp-aaaewyqq,Na7MgCu3O8,train
mp-aaaewyrp,Pr2Mg(BiO3)4,train
mp-aaaewyon,MgNb4(SnO6)2,train
mp-aaaewypz,MgMnV5O12,train
mp-aaaewyoa,MgMn6(OF)6,train
mp-aaaewyrh,Na3Mg(CoO2)5,train
mp-aaaewyrv,MgMn6(O2F)4,train
mp-aaaewynp,MgFe4(CoO6)2,train
mp-aaaewyqd,Na8Mg(NiO4)2,train
mp-aaaewyqx,MgCo6(O5F)2,test
mp-aaaewysg,MgFe6O11F,train
mp-aaaewyqv,MgV4FeCoO12,train
mp-aaaewytc,MgMn6O7F5,train
mp-aaaewywb,Ba2Pr4Mg(CuO5)2,test
mp-aaaewysz,Sr4MgFe4O11,train
mp-aaaewysu,MgFe6(OF)6,train
mp-aaaewywj,MgCo4(SbO6)2,train
mp-aaaewyss,MgMn6(O2F)4,train
mp-aaaewysy,MgCo6(O2F)4,test
mp-aaaewytg,K2Na2La2MgNb2O10,test
mp-aaaewyus,MgTi2Mn4O12,train
mp-aaaewywl,MgFe6O11F,train
mp-aaaewysh,MgMn2(GeO3)4,train
mp-aaaewyun,MgNi2(SbO3)4,train
mp-aaaewyvh,MgMn6O7F5,train
mp-aaaewyxl,Na8MgV2O8,train
mp-aaaewyuz,MgCr2(GeO3)4,train
mp-aaaewywz,MgNi2(BiO3)4,train
mp-aaaewysq,MgFe6(O2F)4,train
mp-aaaewyvj,K2Na2Sm2MgNb2O10,train
mp-aaaewyvb,Na8MgMo2(NO)4,test
mp-aaaewyxn,MgNi2(SbO3)4,train
mp-aaaewytl,MgFe6(O2F)4,train
mp-aaaewyvx,Rb2MgTi2Zn2(OF5)2,train
mp-aaaewywy,MgGe4(MoO6)2,train
mp-aaaewysm,MgHg2(SbO3)4,test
mp-aaaewytp,MgCd2Te2(MoO6)2,train
mp-aaaewyvu,MgMn6O7F5,train
mp-aaaewywo,MgMo2(RhO3)4,train
mp-aaaewyxb,Ba5MgBi3O11,test
mp-aaaewywg,Pr2MgV4O12,train
mp-aaaewywm,MgCo2Te2(MoO6)2,train
mp-aaaewyst,K2Na2Nd2MgNb2O10,train
mp-aaaewyuj,K2Na2Nd2MgNb2O10,train
mp-aaaewyvq,MgV2(GeO3)4,train
mp-aaaewyty,MgFe6(O5F)2,test
mp-aaaewyug,MgGe4(BiO6)2,train
mp-aaaewywk,MgCo6(O2F)4,test
mp-aaaewzag,MgCo6(O2F)4,test
mp-aaaewyxy,MgGa4(WO6)2,train
mp-aaaewyyu,MgFe6O11F,train
mp-aaaewzbj,K2Na2Pr2MgNb2O10,train
mp-aaaewzbi,K2Na2Pr2MgNb2O10,train
mp-aaaewyya,MgHg2(BiO3)4,train
mp-aaaewyxv,Ba2Pr4Mg(CuO5)2,test
mp-aaaewyyw,MgMn6(O2F)4,train
mp-aaaewyzw,Na8Mg(CoO4)2,train
mp-aaaewzay,La4Mg(Cu2O5)2,train
mp-aaaewzdk,MgMnV4NiO12,train
mp-aaaewyyt,MgBi4(WO6)2,test
mp-aaaewyym,MgMn6O7F5,train
mp-aaaewyxz,MgFe6O7F5,train
mp-aaaewzba,Ba6Mg(TiS5)2,train
mp-aaaewzcn,MgFe4(CoO6)2,train
mp-aaaewzbq,MgFe6(O5F)2,test
mp-aaaewyzx,MgCo2(GeO3)4,train
mp-aaaewzdc,MgFe6O11F,train
mp-aaaewyxu,MgFe6(OF)6,train
mp-aaaewyzv,MgFe6(O2F)4,train
mp-aaaewzcv,MgTi5NbO12,test
mp-aaaewyzl,MgMn6(O2F)4,train
mp-aaaewzby,Tb4Mg(WO6)2,test
mp-aaaewyyl,MgMn6O7F5,train
mp-aaaewzbz,MgCo6(O2F)4,test
mp-aaaewyyc,MgFe6O7F5,train
mp-aaaewyyn,MgMn6O11F,train
mp-aaaewyyv,MgCo6(O2F)4,test
mp-aaaewzea,MgCo5BiO12,train
mp-aaaewyyz,MgTi5NbO12,test
mp-aaaewzac,MgCr2(SbO3)4,train
mp-aaaewzdq,MgFe6(O3F)3,test
mp-aaaewzbk,MgV5CoO12,train
mp-aaaewzai,K2Na2Sm2MgNb2O10,train
mp-aaaewzam,MgCo5NiO12,train
mp-aaaewzdx,Pr2MgTi4O12,train
mp-aaaewzah,Na3Mg(NiO2)5,train
mp-aaaewzcm,MgFe3(PO4)3,train
mp-aaaewzfv,MgCo6O7F5,train
mp-aaaewzlc,MgCo5SnO12,test
mp-aaaewzfy,MgNi2(BiO3)4,train
mp-aaaewzfa,Na8MgCr2O8,train
mp-aaaewzex,Ba2Nd4Mg(CuO5)2,train
mp-aaaewzfn,MgZn2Cu2H6(ClO3)2,train
mp-aaaewzfc,La2MgFe2(WO6)2,test
mp-aaaewzgj,MgFe6(O5F)2,test
mp-aaaewzjw,MgMn6O7F5,train
mp-aaaewzly,MgMn6O7F5,train
mp-aaaewzlt,MgFe6O11F,train
mp-aaaewzjy,MgNi2(SbO3)4,train
mp-aaaewzfj,MgTl2Cu2H2(SeO5)2,train
mp-aaaewzga,Na8Mg(FeO4)2,test
mp-aaaewzix,MgMn6(O2F)4,train
mp-aaaewzit,NaMgCr2In(H2O5)2,train
mp-aaaewzjh,Na3Mg(NiO2)5,train
mp-aaaewzkl,MgTiV4FeO12,train
mp-aaaewzed,MgFe6O11F,train
mp-aaaewziv,Cs2MgTi2Cu2(OF5)2,test
mp-aaaewzhh,MgNb4(SnO6)2,train
mp-aaaewzhi,MgTiMnV4O12,train
mp-aaaewzlh,MgMn2(SeO3)4,train
mp-aaaewzlm,MgSb4(WO6)2,train
mp-aaaewzln,Ba4Mg(Fe2O5)2,train
mp-aaaewzev,MgMnCo5O12,test
mp-aaaewzej,Na8Mg(NiO4)2,train
mp-aaaewzjj,MgMnCo5O12,test
mp-aaaewzjs,MgMn4(NiO6)2,train
mp-aaaewzkd,Na7MgCu3O8,train
mp-aaaewziw,MgFe6O11F,train
mp-aaaewzjv,MgMn6O7F5,train
mp-aaaewzkk,MgFe6(O5F)2,test
mp-aaaewzie,MgFe6(O5F)2,test
mp-aaaewzkt,MgCo6(OF)6,train
mp-aaaewzfe,MgFe6(O5F)2,test
mp-aaaewzhw,La2MgFe2(TeO6)2,train
mp-aaaewzmu,MgFe6(O5F)2,test
mp-aaaewzob,MgV2Fe2(H2O5)2,train
mp-aaaewzpb,MgFe6(O5F)2,test
mp-aaaewznh,MgCo6O7F5,train
mp-aaaewzpk,Na8MgMn2O8,train
mp-aaaewzmi,Na8MgMo2(NO)4,test
mp-aaaewzmf,MgMn5NiO12,train
mp-aaaewzpj,Na4Mg(Ni2O5)2,test
mp-aaaewzmp,MgMn5NiO12,train
mp-aaaewzmd,MgMn6(O2F)4,train
mp-aaaewzmo,MgCo6(O2F)4,test
mp-aaaewznb,Na8Mg(FeO4)2,test
mp-aaaewzpw,MgZn2(BiO3)4,test
mp-aaaewzrm,MgCo6(O2F)4,test
mp-aaaewzry,MgCo4(SbO6)2,train
mp-aaaewzto,MgMn6(O2F)4,train
mp-aaaewzoo,Na8MgV2O8,train
mp-aaaewzpd,MgCo6O7F5,train
mp-aaaewzro,MgCo6O7F5,train
mp-aaaewzsx,MgCo6O7F5,train
mp-aaaewznr,MgFe6(OF)6,train
mp-aaaewzre,MgFe6(O5F)2,test
mp-aaaewztk,MgScCr2Ag(H2O5)2,train
mp-aaaewzmc,MgMn6(O2F)4,train
mp-aaaewzlz,MgCo6O7F5,train
mp-aaaewzmj,MgFe2(CoO3)4,train
mp-aaaewzsl,MgTi6AgS12,test
mp-aaaewztw,MgMn6O7F5,train
mp-aaaewzty,MgTiMnV4O12,train
mp-aaaewzqe,MgMn6(O2F)4,train
mp-aaaewzqm,Na4Mg(Mo2O5)2,train
mp-aaaewznz,MgZn2(SbO3)4,train
mp-aaaewzpt,MgMn6O7F5,train
mp-aaaewzov,Na8Mg(CoO4)2,train
mp-aaaewzmx,MgTi3Nb(CuO4)3,train
mp-aaaewznl,MgMn6(O2F)4,train
mp-aaaewzqu,MgMn6O7F5,train
mp-aaaewzum,MgMn2Te2(MoO6)2,train
mp-aaaewzvr,Ba5MgBi3O11,test
mp-aaaewzxf,K2Na2Pr2MgNb2O10,train
mp-aaaewzus,MgCo6O7F5,train
mp-aaaewzxs,MgNbV3O10,train
mp-aaaewzut,MgNb4(SnO6)2,train
mp-aaaewzyd,MgMn4(FeO4)2,train
mp-aaaewzue,K2Na2Nd2MgNb2O10,train
mp-aaaewzva,MgCo6O7F5,train
mp-aaaewzve,MgCo6O7F5,train
mp-aaaewzwn,Ba4NaMgCu(CO5)2,train
mp-aaaewzxg,K4MgV4O10,test
mp-aaaewzyb,MgMn4(HO4)2,train
mp-aaaewzyi,Rb3NaMg(MoO4)2,test
mp-aaaewzub,MgMn6(O2F)4,train
mp-aaaewzuv,MgFe6(O5F)2,test
mp-aaaewzvn,MgCu2(IO3)4,train
mp-aaaewzvi,Na8MgMn2O8,train
mp-aaaewzyl,MgCu4(GeO4)2,test
mp-aaaewzyc,Nd2Mg(CuO2)4,train
mp-aaaewzwc,MgCo6O7F5,train
mp-aaaewzxw,MgFe2S2(O4F)2,train
mp-aaaewzxl,MgCo6(O2F)4,test
mp-aaaewzug,MgFe6(O5F)2,test
mp-aaaewzxv,BaSrMg(FeO2)4,train
mp-aaaewzya,MgV2(PO5)2,train
mp-aaaewzyg,MgNb4O10,train
mp-aaabxgov,TiReTc2,test
mp-aaabxgpt,Y11In9Ni4,train
mp-aaabxgot,YbLuRh2,train
mp-aaabxgow,Li2TlAg,train
mp-aaabxgqa,HoGaRh2,train
mp-aaabxgqv,Ti2ReIr,train
mp-aaabxgqs,Li2HgAu,train
mp-aaabxgos,Yb2AgPb,train
mp-aaabxgpp,Eu3P,train
mp-aaabxgql,TiSnRh2,train
mp-aaabxgru,YbCdHg2,train
mp-aaabxgqr,Li2TlBi,train
mp-aaabxgqn,LiPrTl2,test
mp-aaabxgri,TiZnAu2,train
mp-aaabxgro,YbBiPd2,train
mp-aaabxgpi,TiMn2V,train
mp-aaabxgrg,Ti2ReNi,train
mp-aaabxgrh,CaAg2Sn,train
mp-aaabxgrk,LuCd2,train
mp-aaabxgrl,CoTc3,train
mp-aaabxgrp,Li2InSn,test
mp-aaabxgqp,Li2TlAu,test
mp-aaabxgrq,LiPrHg2,train
mp-aaabxgrs,YbCdAu2,test
mp-aaabxgph,ThSnPd2,test
mp-aaabxgou,TiRe2W,train
mp-aaabxgpb,Y2ZnIn,test
mp-aaabxgrn,Li2YbGe,train
mp-aaabxgqt,Li2PrTl,train
mp-aaabxgrr,YbCdAg2,train
mp-aaabxgqm,LiSm2Ru,train
mp-aaabxgrv,Ga2IrRh,train
mp-aaabxgqq,Ti2MnNi,train
mp-aaabxgrf,YReB4,train
mp-aaabxgrj,Li2HgPd,train
mp-aaabxgpk,TiSiOs2,train
mp-aaabxgqo,LiSnAu2,train
mp-aaabxgrm,Li5(Cu2P3)2,train
mp-aaabxgqu,YbCl2,train
mp-aaabxgtu,LaYbHg2,train
mp-aaabxgsj,YbGaRh2,train
mp-aaabxgsn,ThZnRh2,test
mp-aaabxgry,GaTc2W,test
mp-aaabxgtg,TiMn2Ga,test
mp-aaabxgse,YbGa2Ir,train
mp-aaabxgrx,GdCdHg2,train
mp-aaabxgrz,Y2MgGe2,train
mp-aaabxgsc,Li2TeO3,test
mp-aaabxgsh,YbCeHg2,test
mp-aaabxgsb,YbErRh2,train
mp-aaabxgts,BeSiNi2,test
mp-aaabxgss,YbHgPd2,train
mp-aaabxgsa,YbGaAu2,train
mp-aaabxgsu,Ti2MnOs,train
mp-aaabxgtn,TmRh2Pb,test
mp-aaabxgtr,CrSiRu2,train
mp-aaabxgsl,YbHfRh2,train
mp-aaabxgta,YbInRh2,train
mp-aaabxgte,Lu5Rh3,test
mp-aaabxgrw,YbCdPd2,train
mp-aaabxgsk,YbGeO3,train
mp-aaabxgtl,YbHfIr2,train
mp-aaabxgsi,YbGaPd2,test
mp-aaabxgtf,Ga2CoRu,test
mp-aaabxgsd,YbDyRh2,train
mp-aaabxgso,TlW2(Cl3O)2,train
mp-aaabxgsf,YbErPd2,train
mp-aaabxgtm,CrPd3,train
mp-aaabxgtp,YbInAg2,train
mp-aaabxgtj,YbHoRh2,train
mp-aaabxgsq,YbGdRh2,test
mp-aaabxgtt,LiSc2Rh,train
mp-aaabxgsx,YbInPd2,test
mp-aaabxgto,TmPaTc2,test
mp-aaabxgtq,YbInHg2,train
mp-aaabxgvd,Lu2CuIr,test
mp-aaabxgtv,LiSc2Ru,train
mp-aaabxgue,TaZnRh2,train
mp-aaabxgud,Ti2MoPt,train
mp-aaabxguj,TiTc2Sb,train
mp-aaabxgua,Yb2BiAu,train
mp-aaabxgtx,LuCo2Sn,train
mp-aaabxguh,Ti2MoIr,train
mp-aaabxgup,YbPd2Au,train
mp-aaabxgvu,LuHfRu2,test
mp-aaabxgvx,NaYbAu2,train
mp-aaabxgvw,LuInAg2,test
mp-aaabxgvh,LaYbZn2,train
mp-aaabxguk,TiTc2W,test
mp-aaabxgvq,Ti2OsRu,train
mp-aaabxgvv,Lu2CuPt,train
mp-aaabxgun,YbMgTl2,train
mp-aaabxgve,Lu2CuOs,train
mp-aaabxgul,LaYbAg2,train
mp-aaabxgvp,YbPaPt2,test
mp-aaabxgvr,YbNdZn2,train
mp-aaabxgwc,Yb2CuRh,train
mp-aaabxgug,LuGaCu2,train
mp-aaabxgtw,LuCdRh2,test
mp-aaabxguf,TaZnCo2,train
mp-aaabxgty,GaCu3,train
mp-aaabxguq,YbPd2Pb,test
mp-aaabxgvm,LiSiRu2,train
mp-aaabxgtz,Yb2AsAu,test
mp-aaabxgub,LuPaTc2,train
mp-aaabxgwd,Ac2SiPd,train
mp-aaabxguc,LuRh3,train
mp-aaabxgui,LiNd2Ir,train
mp-aaabxgvc,YbPaRu2,train
mp-aaabxgvo,Ti2TcIr,test
mp-aaabxguo,YbMgHg2,train
mp-aaabxgum,LiSmHg2,train
mp-aaabxgvk,YbPaRh2,test
mp-aaabxgvt,Yb2CuIr,train
mp-aaabxgwi,Li2TmIn,train
mp-aaabxgwo,LiZrPt2,test
mp-aaabxgxo,Li2CaPb,train
mp-aaabxgwf,YbNbRu2,train
mp-aaabxgwe,PaBi3,train
mp-aaabxgwl,Li2TlPd,train
mp-aaabxgxw,Ti3Tl,test
mp-aaabxgwg,PaAu3,train
mp-aaabxgxf,GdMgZn2,train
mp-aaabxgxm,Li2CaIn,train
mp-aaabxgws,LiZr2Os,train
mp-aaabxgwt,Li2ZnAu,train
mp-aaabxgxs,YbPmAg2,train
mp-aaabxgwv,TmCdAg2,train
mp-aaabxgwz,Ti2RePt,train
mp-aaabxgxe,Li2SmIn,test
mp-aaabxgxj,TmCdAu2,train
mp-aaabxgxv,Ti3Os,train
mp-aaabxgxp,LiZr2Tc,train
mp-aaabxgwj,LuMgAu2,test
mp-aaabxgww,Li2AgHg,train
mp-aaabxgwx,Li3Ag,train
mp-aaabxgxb,Li2AgAu,train
mp-aaabxgxq,YbPmAu2,train
mp-aaabxgwk,CeAgAu2,train
mp-aaabxgwq,LiZrRh2,train
mp-aaabxgwp,Li2YTl,train
mp-aaabxgwh,LaYbCd2,test
mp-aaabxgwu,LiZr2Re,test
mp-aaabxgxk,TiSnRu2,train
mp-aaabxgwr,Be2CuPt,train
mp-aaabxgxr,GaGeRu2,train
mp-aaabxgxt,Li2AcIn,train
mp-aaabxgxa,Ti2TcNi,train
mp-aaabxgxh,CeAgHg2,train
mp-aaabxgwy,Ti2TcOs,train
mp-aaabxgwm,Tm(Al2Cu)4,train
mp-aaabxgxg,LuInRh2,train
mp-aaabxgxu,TiZnCo2,train
mp-aaabxgyj,Li2AcSn,train
mp-aaabxgxz,YbPmPt2,train
mp-aaabxgzc,Li2CePb,train
mp-aaabxgyc,YbPmPd2,train
mp-aaabxgyd,LiZn3,train
mp-aaabxgxx,BeCo2Si,train
mp-aaabxgyi,LiZn2Rh,test
mp-aaabxgym,TiVRe2,train
mp-aaabxgzr,YbPrAg2,train
mp-aaabxgyg,CdAg3,train
mp-aaabxgyo,Yb2CdSn,train
mp-aaabxgyy,Ti2TcPt,test
mp-aaabxgzg,LiSc2Tc,train
mp-aaabxgzo,ThSnRu2,test
mp-aaabxgye,Yb2HgPb,test
mp-aaabxgyf,Yb2HgGe,train
mp-aaabxgyh,YbPmHg2,test
mp-aaabxgyr,MgAlIr2,train
mp-aaabxgzk,LiThAu2,train
mp-aaabxgyn,Lu2ZnTc,train
mp-aaabxgyp,MgAlAg2,train
mp-aaabxgyu,LiZrAu2,train
mp-aaabxgzd,LiSiIr2,train
mp-aaabxgzf,Li2MgSn,train
mp-aaabxgyl,Li2AcPb,train
mp-aaabxgyx,AcTiO3,test
mp-aaabxgza,TiZnCu2,train
mp-aaabxgze,YbF2,train
mp-aaabxgzj,LiMg2,train
mp-aaabxgya,BeSiIr2,train
mp-aaabxgzh,KNpAgS3,train
mp-aaabxgyk,TiVTc2,train
mp-aaabxgyq,YbPmZn2,test
mp-aaabxgyz,Cd2PtRh,train
mp-aaabxgyw,Cd2PdRh,train
mp-aaabxgyb,YbPmRh2,train
mp-aaabxgyv,LiZrIr2,train
mp-aaabxgzb,Ti2TcPd,train
mp-aaabxgys,FeH4Br3N,train
mp-aaabxgzp,LuInNi2,train
mp-aaabxhac,AcTlAg2,train
mp-aaabxgzy,LiHo2Rh,test
mp-aaabxgzx,AcYbZn2,train
mp-aaabxhaa,IrCl3,train
mp-aaabxhai,Li2CaSn,train
mp-aaabxhav,LuCdAg2,train
mp-aaabxhbd,CdPd3,test
mp-aaabxgzs,Ti2ReRh,train
mp-aaabxhaj,Li2CaSi,test
mp-aaabxhak,BeAlIr2,test
mp-aaabxhah,LiGaAg2,train
mp-aaabxhar,PHPb2F10,train
mp-aaabxham,CeAlAg2,train
mp-aaabxhap,Li2CeTl,test
mp-aaabxhae,CoRe3,train
mp-aaabxhaf,K3Bi(AsSe2)6,train
mp-aaabxhas,TmNi2Sn,train
mp-aaabxhab,AcSnAu2,train
mp-aaabxhaw,YbPrHg2,train
mp-aaabxgzu,AcAg3,train
mp-aaabxgzw,AcTlAu2,train
mp-aaabxhax,AcMgCd2,test
mp-aaabxhan,LuReTc2,test
mp-aaabxgzz,CaNdHg2,train
mp-aaabxhbb,TmCdHg2,train
mp-aaabxgzt,TmNpRu2,train
mp-aaabxhay,CsAgPSe3,train
mp-aaabxhaz,TmMgHg2,test
mp-aaabxhba,TmCdPd2,train
mp-aaabxhal,Ce5Al2Ru3,test
mp-aaabxhaq,KTm2Cu3Se5,train
mp-aaabxhbc,BaTlHg2,test
mp-aaabxgzv,Ac2IrAu,train
mp-aaabxhad,LiHo2Ru,train
mp-aaabxhbe,Li2CaGe,train
mp-aaabxhbi,Y3Al7Cu2,train
mp-aaabxhbf,Li2AgPd,train
mp-aaabxhby,CaBi3,train
mp-aaabxhbw,Er2InAg,train
mp-aaabxhbj,YbSmZn2,train
mp-aaabxhbh,Al2IrRu,train
mp-aaabxhbu,YbTl2Cd,train
mp-aaabxhbn,YbSnAu2,train
mp-aaabxhcl,LiNdTl2,test
mp-aaabxhcs,ErNbOs2,train
mp-aaabxhcd,DyThTc2,train
mp-aaabxhbk,YbSnRh2,train
mp-aaabxhbq,HfGaIr2,train
mp-aaabxhbo,YbSbPd2,train
mp-aaabxhbx,Dy2TlCd,train
mp-aaabxhbs,CaLaCd2,test
mp-aaabxhbt,AlVRu2,train
mp-aaabxhcn,EuInAu2,train
mp-aaabxhcb,DyZrRu2,train
mp-aaabxhct,YbRh2Pb,train
mp-aaabxhcg,CaSmHg2,train
mp-aaabxhbg,LuCdHg2,train
mp-aaabxhbv,ErI3,train
mp-aaabxhbl,YbSmRh2,train
mp-aaabxhbm,YbScRh2,train
mp-aaabxhch,CaPrZn2,test
mp-aaabxhcr,CsCr5Te8,test
mp-aaabxhcj,LiNd2Al,test
mp-aaabxhco,CdPt3,train
mp-aaabxhca,Dy2TlAg,train
mp-aaabxhbz,DyMgTl2,train
mp-aaabxhck,Ac2ZnGe,train
mp-aaabxhcq,Be2RhAu,train
mp-aaabxhcf,DyTmMg2,train
mp-aaabxhcm,YbSmHg2,test
mp-aaabxhcc,CaCdAu2,train
mp-aaabxhce,Hf2ZnRe,test
mp-aaabxhci,AcBiAu2,train
mp-aaabxhbp,YbPrZn2,train
mp-aaabxhbr,YbTlPd2,train
mp-aaabxhdm,Ti3In,test
mp-aaabxhds,Gd2PdRu,train
mp-aaabxhda,GdCdPd2,train
mp-aaabxhcv,Gd2IrPd,train
mp-aaabxhel,MgTaOs2,train
mp-aaabxhcw,EuSiO3,test
mp-aaabxhdr,HfFe2Sn,train
mp-aaabxhcz,AlZnRh2,train
mp-aaabxhdy,LiGd2Ru,train
mp-aaabxheg,B2S3,test
mp-aaabxhei,TbMgAu2,test
mp-aaabxhcu,Dy2Ge5Rh3,train
mp-aaabxhdd,GaNiRh2,train
mp-aaabxhes,NaNd(SO4)2,train
mp-aaabxhep,MgTaIr2,train
mp-aaabxheq,NdAu3,train
mp-aaabxhdg,CaCeHg2,train
mp-aaabxhdh,Ga2IrRu,train
mp-aaabxheo,NdMgAg2,test
mp-aaabxhec,HfSiRu2,test
mp-aaabxheh,Nd2CdIn,test
mp-aaabxheu,MgSc2Tl,train
mp-aaabxhee,NdMgAu2,test
mp-aaabxhdn,NaEuTl2,train
mp-aaabxhem,MgTaRh2,train
mp-aaabxhcx,Al2FeIr,test
mp-aaabxhdc,EuRuO3,train
mp-aaabxhea,CaPrAg2,train
mp-aaabxher,MgSc2Cd,train
mp-aaabxhdw,AcN,train
mp-aaabxhet,MgSc2Ru,train
mp-aaabxhed,NdDyMg2,train
mp-aaabxhdl,CeYMg2,train
mp-aaabxheb,CaSmZn2,train
mp-aaabxhdz,GdMgRh2,train
mp-aaabxhej,MgScRh2,train
mp-aaabxhen,MgSnRh2,test
mp-aaabxhcy,Dy(Ni2P)2,test
mp-aaabxhef,NdMgCd2,train
mp-aaabxhex,Zr3N2,train
mp-aaabxhgf,HfZnAu2,train
mp-aaabxhft,Ca2HgPb,train
mp-aaabxhfp,AcCrO3,train
mp-aaabxhfu,Ba2HgPb,train
mp-aaabxhev,MgSc2Os,test
mp-aaabxhfb,MgSiRh2,train
mp-aaabxhfl,CuH6BrN2,test
mp-aaabxhfz,Ho2IrRu,train
mp-aaabxhfs,CaCdHg2,train
mp-aaabxhfv,Ac2IrPd,train
mp-aaabxhew,MgSc2Tc,train
mp-aaabxhfy,Ho2OsRu,train
mp-aaabxhge,HoTaRu2,train
mp-aaabxhgi,Tm2TlAg,train
mp-aaabxhga,HoNbRu2,train
mp-aaabxhgj,V3Os,train
mp-aaabxhfi,HfZnCu2,train
mp-aaabxhfw,HfZn3,train
mp-aaabxhfc,Hf2CoTc,train
mp-aaabxhgc,HfTc2W,train
mp-aaabxhfk,HfZnCo2,train
mp-aaabxhfr,Ac2MgSn,train
mp-aaabxhgp,LuTaOs2,train
mp-aaabxhgq,NaTmTl2,train
mp-aaabxhfx,HoNbOs2,test
mp-aaabxhgt,Lu2TlAg,train
mp-aaabxhfj,CeNiO3,test
mp-aaabxhfo,Er2CuOs,train
mp-aaabxhgn,LuTaRu2,train
mp-aaabxhgo,DyNbRu2,train
mp-aaabxhfd,GdSnRh2,train
mp-aaabxhfq,ErHg3,test
mp-aaabxhgm,LuTc2W,train
mp-aaabxhez,Tm2IrRh,train
mp-aaabxhgd,Be2PdRh,test
mp-aaabxhfa,MgSiIr2,train
mp-aaabxhgh,Tm2RuPt,train
mp-aaabxhgk,Tm2RuRh,test
mp-aaabxhho,TiBeCo2,train
mp-aaabxhha,LuSbRu2,train
mp-aaabxhhd,TiFe2Si,train
mp-aaabxhhw,Y2AgIr,train
mp-aaabxhic,Y2PdRu,train
mp-aaabxhgz,LuSbRh2,train
mp-aaabxhhb,TiBe2Ir,train
mp-aaabxhgv,Lu2TlCd,train
mp-aaabxhgu,Na2TlSb,train
mp-aaabxhgy,Zr6Al16Ru7,train
mp-aaabxhhc,TiGaPd2,train
mp-aaabxhia,YMgHg2,train
mp-aaabxhid,GdCdAu2,train
mp-aaabxhhf,TiBeRh2,train
mp-aaabxhhp,TiAlRh2,train
mp-aaabxhif,KTl2Bi,train
mp-aaabxhim,Li2PdAu,train
mp-aaabxhht,TiGaRh2,train
mp-aaabxhih,YMgAu2,train
mp-aaabxhhh,Lu2AgIr,test
mp-aaabxhhr,TiAlRu2,train
mp-aaabxhik,ThSnAu2,test
mp-aaabxhgw,VFe3,train
mp-aaabxhhe,TiGaIr2,train
mp-aaabxhhq,TiBeIr2,train
mp-aaabxhhs,YGaRh2,test
mp-aaabxhhv,YZrRu2,train
mp-aaabxhib,YMgRh2,train
mp-aaabxhie,TiInPd2,train
mp-aaabxhij,Y2RuRh,train
mp-aaabxhhy,YMgAg2,test
mp-aaabxhhu,YLuMg2,train
mp-aaabxhhz,YInRh2,train
mp-aaabxhil,Yb2CdIn,train
mp-aaabxhhi,LiSm2Ir,test
mp-aaabxhhx,VRh3,test
mp-aaabxhii,HoMg3,train
mp-aaabxhhj,Lu2AgOs,train
mp-aaabxhhm,LiSm2Os,train
mp-aaabxhig,TiInRh2,train
mp-aaabxhiw,Ti3Zn,train
mp-aaabxhiz,CeCd2,train
mp-aaabxhip,Li2NdTl,train
mp-aaabxhkc,Ti2MnRh,train
mp-aaabxhjk,Li2SmTl,train
mp-aaabxhin,YbAgPd2,test
mp-aaabxhjf,Li2LaTl,train
mp-aaabxhjg,Li2PrIn,test
mp-aaabxhje,Li2MgCd,train
mp-aaabxhkd,HfSnRu2,train
mp-aaabxhjw,Yb2AgSn,train
mp-aaabxhjx,TiTc2Mo,train
mp-aaabxhjd,Li2LaIn,train
mp-aaabxhjn,AcYbHg2,train
mp-aaabxhio,Li2NdAl,train
mp-aaabxhit,Ti2ZnRe,train
mp-aaabxhjb,Li2YbSi,train
mp-aaabxhjq,Yb2AgRh,train
mp-aaabxhjv,Lu2CdIn,train
mp-aaabxhix,Ti2ZnTc,train
mp-aaabxhjl,Ti3Bi,train
mp-aaabxhiu,Ti3Pb,train
mp-aaabxhjj,AcAg,train
mp-aaabxhir,Li2NdIn,train
mp-aaabxhiv,CeCdAu2,train
mp-aaabxhjm,Li2SnPt,train
mp-aaabxhkf,HfSnRh2,train
mp-aaabxhiq,Li2YbPb,train
mp-aaabxhjp,TmSbPd2,train
mp-aaabxhkb,Gd2ZnRu,train
mp-aaabxhke,CaNdZn2,train
mp-aaabxhjh,Li2PrPb,test
mp-aaabxhjr,LuCdPd2,train
mp-aaabxhjt,Pm2SiNi,train
mp-aaabxhjo,Pm2SiHg,train
mp-aaabxhjy,LuBr3,train
mp-aaabxhka,CaDyRh2,train
mp-aaabxhiy,TlCdRh2,test
mp-aaabxhjc,Li2YbSn,train
mp-aaabxhji,LiY(MoO4)2,train
mp-aaabxhmy,Ba2TlCd,train
mp-aaabxhmx,AgBr,test
mp-aaabxhkk,CaTmPt2,train
mp-aaabxhmp,CaHoRh2,train
mp-aaabxhkj,AcMgHg2,train
mp-aaabxhmm,CaSmRh2,train
mp-aaabxhkg,AcSi3,train
mp-aaabxhki,Be2NiPt,test
mp-aaabxhmu,BeVCo2,test
mp-aaabxhkl,CaNdRh2,test
mp-aaabxhmg,CeCdHg2,train
mp-aaabxhmr,ErSnRu2,train
mp-aaabxhmv,Ac2ZnSi,train
mp-aaabxhnh,BaBSbS4,train
mp-aaabxhnm,Ba(NdS2)2,test
mp-aaabxhkm,CaDyHg2,train
mp-aaabxhms,AcMg,train
mp-aaabxhnf,ErTaOs2,train
mp-aaabxhnk,Ba2GdB2ClO6,train
mp-aaabxhmd,LiNiO2,train
mp-aaabxhml,CaCdPd2,train
mp-aaabxhmn,Er2PdRu,test
mp-aaabxhmw,DySnRh2,train
mp-aaabxhnb,DyLuMg2,train
mp-aaabxhkh,CaYHg2,train
mp-aaabxhmq,Al2IrOs,train
mp-aaabxhnc,AlCuPd2,train
mp-aaabxhmt,DySnAu2,test
mp-aaabxhnd,EuCdAu2,train
mp-aaabxhne,BaNaScSi2O7,train
mp-aaabxhkn,Ca2SnHg,train
mp-aaabxhmo,CaThRh2,test
mp-aaabxhni,BaNaP3H3(NO2)3,train
mp-aaabxhno,CaB2(H7N)2,train
mp-aaabxhnv,Al(Ni3B2)4,train
mp-aaabxhtz,Ca3Sn2S7,test
mp-aaabxhnq,Ba2YB2ClO6,test
mp-aaabxhnu,Ca5Al2(SiN4)2,train
mp-aaabxhnt,Ba3In(BO3)3,train
mp-aaabxhue,CoMoH2SeO7,test
mp-aaabxhns,CaReH4ClO6,train
mp-aaabxhts,CrH9(BrN)3,train
mp-aaabxhqd,TiFe2Ge,train
mp-aaabxhot,Cd(PO3)2,train
mp-aaabxhty,Ca2SnS4,train
mp-aaabxhtx,Ca4SnS6,train
mp-aaabxhnr,Bi3BrO4,test
mp-aaabxhqz,Gd4Ni13C4,test
mp-aaabxhtl,Ce4MgRu,train
mp-aaabxhtv,CaSnS3,test
mp-aaabxhtu,Ca2SnS4,train
mp-aaabxhqe,TiMn2Ge,train
mp-aaabxhuf,Co2(SnTe)3,train
mp-aaabxhyy,Ce3AgGeS7,test
mp-aaabxhve,CaSn2S5,test
mp-aaabxhur,Ca3Sn2S7,test
mp-aaabxhug,CsSi,test
mp-aaabxhvh,Ca3SnS5,train
mp-aaabxhuq,Cs9AlO4,train
mp-aaabxhuy,Ce3MnAlS7,train
mp-aaabxhvr,CaSnS3,test
mp-aaabxhut,CaSnS3,test
mp-aaabxhvb,Ca2SnS4,train
mp-aaabxhwi,NaEu2Sn,train
mp-aaabxhwk,Ca6Sn5S16,train
mp-aaabxhuu,Ca2SnS4,train
mp-aaabxhvo,Ce3AlCrS7,train
mp-aaabxhvs,Ca2SnS4,train
mp-aaabxhvc,CaSnS3,test
mp-aaabxhvp,Ce3MgAlS7,train
mp-aaabxhvd,CaSnS3,test
mp-aaabxhvt,Ca2SnS4,train
mp-aaabxhuz,CsGe,test
mp-aaabxhwl,Ca2SnS4,train
mp-aaabxhya,Ca2SnS4,train
mp-aaabxhvu,Ca2SnS4,train
mp-aaabxhxl,CaSnS3,test
mp-aaabxhzh,CsNa2Be6(BO3)5,train
mp-aaabxiah,KSr2Cd2Sb3,train
mp-aaabxhzg,CsAsH6(CSe)2,train
mp-aaabxhzq,Ca3Sn4S11,train
mp-aaabxhza,CaSnS3,test
mp-aaabxhzc,Gd2TlCd,train
mp-aaabxiai,LiMgH6Ir,test
mp-aaabxhzp,Ca3Sn4S11,train
mp-aaabxhyz,Ce3SiAgS7,train
mp-aaabxhzl,Cs2Sr2(CO3)3,train
mp-aaabxiaf,KPPdS4,train
mp-aaabxiao,KGeBiS4,train
mp-aaabxhzj,CsAg2AsS3,train
mp-aaabxhzx,CaSnS3,test
mp-aaabxiad,CuH3NCl,test
mp-aaabxiag,KSc(BH4)4,train
mp-aaabxhzo,Cs2MgP4(HO2)8,train
mp-aaabxiaj,K2Na(H2N)3,train
mp-aaabxiaq,La(ZnAs)3,train
mp-aaabxiat,KSiBiS4,train
mp-aaabxiay,GdFeB4,train
mp-aaabxibj,Li3AsH36(SeN3)4,test
mp-aaabxibi,La2Mg(NiH4)2,train
mp-aaabxiaw,Cs2MoSe4,train
mp-aaabxibl,Sr17(Li2Hg3)3,train
mp-aaabxibk,Rb2SbBr6,train
mp-aaabxiar,NaSc(BH4)4,train
mp-aaabxibc,K3P2AuSe8,train
mp-aaabxibf,K3TaF8,train
mp-aaabxias,La2Si4CN6,train
mp-aaabxibb,H34C19,test
mp-aaabxiba,H16RhN5(Cl2O)3,train
mp-aaabxibe,K5La4Si4O16F,train
mp-aaabxibh,LiMgB3(H9N)2,train
mp-aaabxibd,K3Dy(AsS4)2,train
mp-aaabxica,RbTh3F13,test
mp-aaabxiaz,DyAgH2C2SO9,train
mp-aaabxibg,K8Zr6BBr20,train
mp-aaabxice,Cs4P2PdSe8,test
mp-aaabxidc,RbMnP3HO10,test
mp-aaabxicb,Er2(Ga3Co)3,train
mp-aaabxidb,FeSCl7,train
mp-aaabxici,La3MnAlS7,train
mp-aaabxick,La3MnW(SO2)3,train
mp-aaabxicd,Gd4Ga16Co3,train
mp-aaabxicj,La3CrW(SO2)3,train
mp-aaabxicl,ReTeSeCl4,train
mp-aaabxicm,La3ScBeS7,train
mp-aaabxief,LiNd9Mo16O35,train
mp-aaabxiet,LiMg149,train
mp-aaabxicg,La17Al4(Si3N11)3,train
mp-aaabxicz,K2CrH2F8,train
mp-aaabxich,La2PC,train
mp-aaabxidg,RbLiH12Se3N4,train
mp-aaabxidd,ReTeSCl4,train
mp-aaabxide,La3NiBr3,test
mp-aaabxifu,Gd2(Ga3Co)3,train
mp-aaabxigv,YbB2C,train
mp-aaabxigw,Ca2SnS4,train
mp-aaabxigy,UTa2S6Cl6O,train
mp-aaabxihn,Ca3Sn2S7,test
mp-aaabxigr,SrSn3Sb4,test
mp-aaabxigt,TiZnH12(OF)6,train
mp-aaabxigs,TbAgH2C2SO9,test
mp-aaabxihg,CaSnS3,test
mp-aaabxihp,Ca2SnS4,train
mp-aaabxihl,U(PO3)4,train
mp-aaabxifm,Gd3Ni19B10,train
mp-aaabxihk,Ca2SnS4,train
mp-aaabxigx,CaSnS3,test
mp-aaabxifv,FeH6C2(NO2)2,train
mp-aaabxigz,Ca2SnS4,train
mp-aaabxihc,CaSnS3,test
mp-aaabxihm,CaSnS3,test
mp-aaabxihe,Ca2SnS4,train
mp-aaabxigb,Gd5(C2Cl)3,train
mp-aaabxigq,TiMnH12(OF)6,train
mp-aaabxifz,CaSnS3,test
mp-aaabxihf,Ca2SnS4,train
mp-aaabxijd,Ca3Sn2S7,test
mp-aaabxiht,CaSnS3,test
mp-aaabxihs,Ca2SnS4,train
mp-aaabxils,CaSnS3,test
mp-aaabxiif,CaSnS3,test
mp-aaabxihq,Ca3SnS5,train
mp-aaabximi,Ca5Sn4S13,train
mp-aaabxihu,Ca2SnS4,train
mp-aaabxije,Ca7Sn3S13,train
mp-aaabxile,Ca2SnS4,train
mp-aaabxiik,CaSnS3,test
mp-aaabxipa,CaSnS3,test
mp-aaabxilz,Ca2SnS4,train
mp-aaabximh,CaSnS3,test
mp-aaabxioi,Th2Ni7,train
mp-aaabxijf,Ca4SnS6,train
mp-aaabxilx,CaSnS3,test
mp-aaabxijh,Ca3Sn2S7,test
mp-aaabxiie,CaSnS3,test
mp-aaabxiih,CaSn2S5,test
mp-aaabxikc,CaSnS3,test
mp-aaabxikz,CaSnS3,test
mp-aaabxiij,Ca3Sn2S7,test
mp-aaabxiix,Ca3SnS5,train
mp-aaabxijr,Ca2SnS4,train
mp-aaabxipi,Ca4Sn5S14,train
mp-aaabxisn,Ca2AsAu,train
mp-aaabxiti,SmCl2,train
mp-aaabxiqb,Ti13Si31Ni40,train
mp-aaabxitb,ScCdAg2,train
mp-aaabxisq,BeGaIr2,train
mp-aaabxipz,CaSnS3,test
mp-aaabxish,BeSiOs2,train
mp-aaabxisj,ScZn2Ag,train
mp-aaabxisr,Sc2CuPt,test
mp-aaabxist,LiHfPd2,train
mp-aaabxisx,TaTiOs2,test
mp-aaabxitm,EuSnAu2,train
mp-aaabxitc,Sm2PdRu,test
mp-aaabxita,Rb,train
mp-aaabxite,SmHoMg2,train
mp-aaabxisi,LiDyTl2,train
mp-aaabxisk,Sc2CoOs,train
mp-aaabxitk,LiTm2Co,test
mp-aaabxitp,ReOs3,train
mp-aaabxisv,LiY2Pt,train
mp-aaabxisw,Ac2CuSi,train
mp-aaabxito,SmZn2Ag,test
mp-aaabxitf,SmMgCd2,test
mp-aaabxiqf,CaSnS3,test
mp-aaabxiso,TaBeRu2,train
mp-aaabxisl,LiDy2Ru,train
mp-aaabxisu,TaMn2Al,test
mp-aaabxitn,LiEr2Tc,train
mp-aaabxisy,La2ZnIr,train
mp-aaabxisp,LiCd2Rh,train
mp-aaabxiss,LaSnAu2,train
mp-aaabxisz,Al2RuPt,train
mp-aaabxitl,ScVRu2,train
mp-aaabxitj,ScZnPd2,test
mp-aaabxiua,EuMgGe,train
mp-aaabxits,CaMgHg2,train
mp-aaabxiud,Sr5Cd2Sb5F,train
mp-aaabxiuo,PuO2,train
mp-aaabxiuh,SmDyMg2,train
mp-aaabxitr,SmGa3,test
mp-aaabxitv,BaNaHg2,train
mp-aaabxitz,ScPaOs2,train
mp-aaabxiuu,SrMgTl2,train
mp-aaabxiuy,PrCdAu2,train
mp-aaabxiux,SmAgAs2,train
mp-aaabxitq,Sm2IrPd,train
mp-aaabxitx,Sr2CdSn,train
mp-aaabxitw,LiHfRh2,test
mp-aaabxiui,LiCd2Au,train
mp-aaabxiuw,SrLi2Pb,train
mp-aaabxivm,Pr4Ge7,train
mp-aaabxivb,SrCdHg2,train
mp-aaabxiug,SmCd3,train
mp-aaabxivd,SmMgHg2,train
mp-aaabxivl,Pm3Pb,test
mp-aaabxiul,Sr2AgPt,test
mp-aaabxiuf,SmCdHg2,test
mp-aaabxiut,SrLi2Sn,train
mp-aaabxiva,PrMgCd2,train
mp-aaabxitu,ScNbRu2,train
mp-aaabxius,LiGaPt2,test
mp-aaabxive,Sm2ZnIr,train
mp-aaabxivi,CeZn2Ag,train
mp-aaabxiun,Pm3Si,test
mp-aaabxiur,Sr2SnHg,train
mp-aaabxiuv,SrInHg2,train
mp-aaabxiuk,LiTm2Rh,train
mp-aaabxiue,ScGaRu2,train
mp-aaabxitt,LiHo2Ga,train
mp-aaabxium,Pm3Sn,train
mp-aaabxiuz,PrCdHg2,train
mp-aaabxivj,ScInIr2,train
mp-aaabxivk,RbNpCuS3,train
mp-aaabxiup,LiCa2Tl,train
mp-aaabxivh,Pu3O2,train
mp-aaabxiwh,LiCa2In,train
mp-aaabxiwq,LiTm2Ir,test
mp-aaabxivp,Sr2BiAu,train
mp-aaabxiwj,Er2OsPd,train
mp-aaabxivv,Pm3Tl,train
mp-aaabxivx,CaInHg2,train
mp-aaabxiwk,Er2IrRu,train
mp-aaabxiwa,LiCd2Ag,train
mp-aaabxiwd,Sr2HgPb,train
mp-aaabxiwp,Sr2GaGeN,train
mp-aaabxiwz,RbSn3,train
mp-aaabxiwi,TcOs3,train
mp-aaabxiwe,Sr2LiIn,train
mp-aaabxiwm,TaFeRu2,train
mp-aaabxiws,LiCa2Ir,train
mp-aaabxivy,Sr,train
mp-aaabxiwn,CaPrHg2,test
mp-aaabxixg,Tb2IrPd,train
mp-aaabxiwu,CaNdCd2,train
mp-aaabxixf,LiY2Ir,test
mp-aaabxivn,Sm2TlCd,train
mp-aaabxiwx,Li3Pt,train
mp-aaabxixc,TbAl3,train
mp-aaabxiwt,LiGa2Ni,train
mp-aaabxiwv,LaCdAg2,train
mp-aaabxixe,TbMgHg2,train
mp-aaabxivr,SrOsO3,train
mp-aaabxivw,Pm,train
mp-aaabxivu,LiGaPd2,test
mp-aaabxivt,LiGaNi2,train
mp-aaabxiwc,LiCd2Pt,train
mp-aaabxiwr,Ce3(TaN3)2,train
mp-aaabxivs,LiCd2Pd,train
mp-aaabxiwl,Sc3OsC4,train
mp-aaabxiwg,LiCa2Hg,train
mp-aaabxiww,Li3In,train
mp-aaabxixa,TbB4Ru,train
mp-aaabxiwo,SmAgHg2,train
mp-aaabxixd,Sc2ZnIr,train
mp-aaabxiya,DyCdAg2,train
mp-aaabxixm,Sc2ZnGa,train
mp-aaabxixu,LiZn2Pd,train
mp-aaabxixp,LaAgHg2,test
mp-aaabxiyn,LiHo2Os,train
mp-aaabxiyp,Be2CoNi,train
mp-aaabxiyx,DyPaRu2,train
mp-aaabxiye,CdAgPd2,test
mp-aaabxixw,LiZn2Ni,test
mp-aaabxiyd,RhCl2,test
mp-aaabxiyi,Re3Os,train
mp-aaabxiyj,LiTm2Os,test
mp-aaabxiyu,DyCdPd2,train
mp-aaabxiyw,DyPaTc2,train
mp-aaabxiyy,Be2IrPt,test
mp-aaabxixo,LiGdAu2,train
mp-aaabxixs,LaBi3,test
mp-aaabxixt,TaAlFe2,train
mp-aaabxixv,LiZn2Pt,train
mp-aaabxixy,SmAgAu2,train
mp-aaabxixl,Ac2GePd,train
mp-aaabxixn,Sc2ZnOs,train
mp-aaabxixj,Ce2AgPb,test
mp-aaabxiys,Be2CoIr,test
mp-aaabxiza,Tb2IrRh,train
mp-aaabxiyv,Ho2MgAl,test
mp-aaabxiyg,ScTc3,train
mp-aaabxiyq,LiAlCu2,train
mp-aaabxiyt,BeVOs2,train
mp-aaabxixz,LiZn2Au,train
mp-aaabxiyo,Be2CoPt,train
mp-aaabxixx,LiZn2Ir,test
mp-aaabxiyb,CaPrCd2,train
mp-aaabxiyh,ScCdHg2,train
mp-aaabxiyl,LiHo2Pt,train
mp-aaabxixk,SmMgRh2,train
mp-aaabxiyc,LiZnPd2,train
mp-aaabxiyz,Tc3Pt,train
mp-aaabxiyk,CaMgTl2,train
mp-aaabxiyr,Be2CuIr,train
mp-aaabxixi,SmPb3,train
mp-aaabxixq,TbGa3,train
mp-aaabxizg,TbHg3,train
mp-aaabxizk,Ga2RuRh,train
mp-aaabxizl,LiCo2Si,train
mp-aaabxizh,LiHo2Tc,test
mp-aaabxizq,CeTlAg2,train
mp-aaabxizb,Ho2CuRu,train
mp-aaabxizi,TbTe,train
mp-aaabxjan,AcInHg2,test
mp-aaabxizx,Pu,test
mp-aaabxizn,LiCeTl2,test
mp-aaabxizc,Ho2CuRh,test
mp-aaabxizo,RePO5,train
mp-aaabxjal,Al2CoIr,train
mp-aaabxizf,LiInAu2,train
mp-aaabxizp,AcIn3,train
mp-aaabxizr,Eu2HgGe,train
mp-aaabxjaq,Tb2Ni12As7,train
mp-aaabxizt,Tb2MgGe2,train
mp-aaabxjae,KNpCuS3,test
mp-aaabxjaj,Cu3Si,train
mp-aaabxizz,Be2RuAu,train
mp-aaabxjaf,LiTmPt2,train
mp-aaabxizj,Tb2IrRu,train
mp-aaabxjap,Pr3MnAlS7,train
mp-aaabxizd,LiTb2Ir,test
mp-aaabxizy,AlCuAu2,train
mp-aaabxjah,CaGdHg2,train
mp-aaabxjak,Eu3Tl,test
mp-aaabxjam,Ho2ZnRu,test
mp-aaabxjab,TbVB4,train
mp-aaabxjac,CeSnAu2,train
mp-aaabxjad,AcAgTe2,train
mp-aaabxizw,BeVFe2,test
mp-aaabxjaa,InCuPd2,train
mp-aaabxjar,Pu2HgSb,train
mp-aaabxjcg,K2U2O5,train
mp-aaabxjaz,Ba2CdPb,train
mp-aaabxjaw,Al2FeNi,test
mp-aaabxjbi,Li3Ge,train
mp-aaabxjbe,AcCdAg2,train
mp-aaabxjax,K3InAu5,train
mp-aaabxjbo,DyMgSn,train
mp-aaabxjby,PuCl2,train
mp-aaabxjbq,Ca2MgIn,train
mp-aaabxjeg,ThPbAu2,test
mp-aaabxjce,LiTmPd2,train
mp-aaabxjbj,Li3Cd,train
mp-aaabxjbs,TcRh3,train
mp-aaabxjeh,KEuAsS4,train
mp-aaabxjas,Al2RuRh,train
mp-aaabxjbl,TcIr3,train
mp-aaabxjck,Pr3Sn5Au6,train
mp-aaabxjbx,Tc3Ni,train
mp-aaabxjcc,K2SrIn7,train
mp-aaabxjbr,Tc,train
mp-aaabxjci,Eu3Sn,train
mp-aaabxjbn,Al3Tc,train
mp-aaabxjcj,TcF3,train
mp-aaabxjcm,ThCdAg2,test
mp-aaabxjcn,Ti2Co12P7,train
mp-aaabxjbk,Er2NiOs,train
mp-aaabxjbw,TcRu3,test
mp-aaabxjgl,TaSnRu2,train
mp-aaabxjbt,ThCdAu2,train
mp-aaabxjat,Hf2TcRu,test
mp-aaabxjbm,ThCdHg2,train
mp-aaabxjek,AcPbAu2,train
mp-aaabxjcb,CeTlAu2,train
mp-aaabxjgk,Li2EuSn,train
mp-aaabxjbp,Dy2MgTl,test
mp-aaabxjhk,PuI2,train
mp-aaabxjhy,BaTbMn2O5,train
mp-aaabxjhr,TaGaFe2,train
mp-aaabxjgn,Eu2SnHg,train
mp-aaabxjhl,Sc2Ni,train
mp-aaabxjhm,Eu2PtAu,test
mp-aaabxjit,Li4V7O9F7,test
mp-aaabxjia,Ba2Tb2Mn4O11,train
mp-aaabxjhz,NaCoO2,train
mp-aaabxjic,CrH18C5(NO)4,train
mp-aaabxjii,KH4O4F,train
mp-aaabxjiv,Li4Co3NiO8,train
mp-aaabxjid,MoH18C5(NO)4,test
mp-aaabxjik,Li3Mn(NiO3)2,train
mp-aaabxjis,LiAg2F4,train
mp-aaabxjio,Li4Mn2Nb3Cr3O16,train
mp-aaabxjig,CsTi8O16,train
mp-aaabxjib,V2Sn4H24C8O9,train
mp-aaabxjkm,Li2Cr5(Si2O7)2,train
mp-aaabxjju,V3Co5O16,train
mp-aaabxjjb,Li7Ni2P7O24,train
mp-aaabxjiz,Li4Mn3Co2Ni3O16,train
mp-aaabxjkh,Mn7F16,train
mp-aaabxjkq,Li3Co13O16,train
mp-aaabxjla,Li2Ni3P9O28,train
mp-aaabxjjt,Li2Cu2F7,test
mp-aaabxjjd,Ba(WO3)6,train
mp-aaabxjlt,LiTi4O8,test
mp-aaabxjkd,Li2Mn2P2O9,train
mp-aaabxjkw,LiCu2F5,train
mp-aaabxjjz,LiFePO5,train
mp-aaabxjlf,Li2Cu3F9,train
mp-aaabxjka,CsTi6O12,train
mp-aaabxjky,Li7V(O2F)2,train
mp-aaabxjlb,La16Ni8O33,train
mp-aaabxjja,Ba8(Bi2O7)3,test
mp-aaabxjjo,Li4Nb3Fe3(SbO8)2,train
mp-aaabxjlm,LiNi(PO3)4,train
mp-aaabxjkb,Li6Mn3Cr2Fe3O16,train
mp-aaabxjnd,LiTi(Si2O5)2,train
mp-aaabxjob,Na3(Pt3O4)4,train
mp-aaabxjpp,Eu2SiO5,train
mp-aaabxjns,LiCoO2,train
mp-aaabxjmu,Li4CoNi3O8,train
mp-aaabxjnp,Li2FeSi3O8,test
mp-aaabxjnt,LiV3(OF3)2,train
mp-aaabxjmw,NbP6(WO8)3,train
mp-aaabxjno,Li3CoO3,test
mp-aaabxjmj,LiNi(PO3)4,train
mp-aaabxjnu,Li6CoNi5O12,train
mp-aaabxjnh,Co3TeO8,train
mp-aaabxjnm,La14Mn13O42,train
mp-aaabxjmy,Li3MnV3O8,train
mp-aaabxjme,Li4Co5O12,test
mp-aaabxjpv,FePtO2,train
mp-aaabxjpq,Li2Fe(PS3)2,train
mp-aaabxjpi,V16FeO41,test
mp-aaabxjmg,Tl3Os3O10,train
mp-aaabxjoi,NaTlO,train
mp-aaabxjom,LiNi(PO3)4,train
mp-aaabxjmi,Y6Cu11O24,train
mp-aaabxjnv,Li4Mn3Cr2Cu3O16,train
mp-aaabxjpd,Li6CuS4,train
mp-aaabxjok,LiVCrP2(O4F)2,train
mp-aaabxjqu,LiTi3O4,train
mp-aaabxjsc,Na2MnPCO7,test
mp-aaabxjqc,Li7(CoO3)2,train
mp-aaabxjqd,Li5(BiO3)4,train
mp-aaabxjru,BaHg3,train
mp-aaabxjqr,LiCuF4,train
mp-aaabxjql,PrSmO2,train
mp-aaabxjqy,ScSnRu2,train
mp-aaabxjrs,ScZnPt2,test
mp-aaabxjsd,Ta2CrFe,train
mp-aaabxjra,Ti3PO7,train
mp-aaabxjrm,DyMgAu2,train
mp-aaabxjrv,TaCuRh2,train
mp-aaabxjry,Ta2CrOs,test
mp-aaabxjsf,TaGaRu2,train
mp-aaabxjrg,Sc2CuAu,test
mp-aaabxjrd,CuSbRh2,train
mp-aaabxjrb,Ca2AgSn,train
mp-aaabxjrr,BeSiRh2,train
mp-aaabxjqm,Li2VFeO4,train
mp-aaabxjqq,Li4V5Sn3O16,test
mp-aaabxjsa,LiDy2Os,test
mp-aaabxjse,Al3Cr,train
mp-aaabxjpy,PrNdO2,test
mp-aaabxjrt,ScZnRh2,train
mp-aaabxjrl,Sc2CoRu,test
mp-aaabxjro,Ti3Co2P6WO24,train
mp-aaabxjqz,CaBiO3,train
mp-aaabxjqw,CrCu(PO4)2,train
mp-aaabxjre,Ta4Ni2C,train
mp-aaabxjrx,DyMgCd2,test
mp-aaabxjqp,Nb3GeS6,test
mp-aaabxjrz,Al2NiRu,train
mp-aaabxjti,LiYHg2,train
mp-aaabxjtx,LiMn(PO4)2,train
mp-aaabxjsl,RbTl2Bi,train
mp-aaabxjso,Ba5Ru2O11,train
mp-aaabxjsh,Li6Fe5CuO12,test
mp-aaabxjsu,Na6(WO3)7,train
mp-aaabxjss,Sc2CuIr,train
mp-aaabxjsz,La2AgSn,train
mp-aaabxjtd,LiCa2Ga,train
mp-aaabxjsq,ReIr3,train
mp-aaabxjtl,LiLa2Os,train
mp-aaabxjsx,Ca2BiAu,train
mp-aaabxjtc,ScPaRu2,train
mp-aaabxjte,LiLa2Ir,train
mp-aaabxjtf,LiYTl2,train
mp-aaabxjtk,LiAlNi2,train
mp-aaabxjtz,DyCdAu2,train
mp-aaabxjts,LiAlPd2,train
mp-aaabxjst,ScNbTc2,train
mp-aaabxjtt,TaTiMn2,test
mp-aaabxjtu,LiYAu2,train
mp-aaabxjtw,LiAg3F8,train
mp-aaabxjsm,TaGaOs2,train
mp-aaabxjsg,MnOF,train
mp-aaabxjsv,RbTl3,train
mp-aaabxjtm,LaTlAu2,test
mp-aaabxjty,DyMgHg2,train
mp-aaabxjtj,TaMnRu2,train
mp-aaabxjto,TaRu3,test
mp-aaabxjsw,La2AgRu,train
mp-aaabxjtb,LiCa2Cd,train
mp-aaabxjtp,LaTlAg2,test
mp-aaabxjsk,ScNbOs2,train
mp-aaabxjsy,AcSe3,test
mp-aaabxjta,Sc2CuOs,train
mp-aaabxjtn,AcGa3,train
mp-aaabxjub,LiVRh2,train
mp-aaabxjuc,RbUAuSe3,train
mp-aaabxjur,Li3MnP2O9,train
mp-aaabxjuq,RbAgF3,train
mp-aaabxjug,LiHfPt2,test
mp-aaabxjup,RbUTe3Au,train
mp-aaabxjua,BeNbRu2,train
mp-aaabxjut,La2ZnRu,test
mp-aaabxjvo,Sm2AgIr,train
mp-aaabxjux,Rb2TlAu3,train
mp-aaabxjvh,SmYMg2,train
mp-aaabxjvl,ReRh3,train
mp-aaabxjvb,V2Si4O11,train
mp-aaabxjuv,Ca2TlCd,train
mp-aaabxjvj,SmCu4Ag,test
mp-aaabxjum,BeFeRh2,train
mp-aaabxjuu,LaMgCd2,train
mp-aaabxjvd,SmH3,train
mp-aaabxjud,DyMgRh2,train
mp-aaabxjus,TaTiRe2,train
mp-aaabxjuh,BeSiRu2,test
mp-aaabxjuw,ScMnRh2,train
mp-aaabxjva,Ca2ZnRh,test
mp-aaabxjuf,LaMgHg2,train
mp-aaabxjui,LaZnAu2,train
mp-aaabxjuj,BeCrRu2,test
mp-aaabxjuo,ScInRh2,test
mp-aaabxjvn,SmMgAu2,train
mp-aaabxjuz,SmCdAg2,train
mp-aaabxjuy,Sm2NiIr,test
mp-aaabxjve,ScUTc2,train
mp-aaabxjvf,Sm2IrRu,test
mp-aaabxjvg,SmZnAu2,train
mp-aaacehxx,YWN3,train
mp-aaacehyp,SrTcN3,train
mp-aaacehxv,LaOsN3,train
mp-aaacehym,TiPN3,test
mp-aaacehyn,SrWN3,train
mp-aaacehyh,LaTcN3,train
mp-aaacehyo,LaWN3,train
mp-aaacehxr,LaMoN3,train
mp-aaacehxz,YReN3,test
mp-aaacehyl,SrReN3,train
mp-aaacehxp,LaWN3,train
mp-aaacehyd,YWN3,train
mp-aaacehxt,Cs2RbInF6,train
mp-aaacehxu,CaReN3,test
mp-aaacehya,LaCrN3,train
mp-aaacehyi,LaTaN3,train
mp-aaacehyc,LaReN3,train
mp-aaacehyg,Cs2RbGaF6,train
mp-aaacehxw,Cs2NaAsCl6,train
mp-aaacehye,CaWN3,test
mp-aaacehyj,LaOsN3,train
mp-aaacehxy,Cs2NaInH6,train
mp-aaacehyf,YWN3,train
mp-aaacehyv,LaWN3,train
mp-aaacehzd,LaOsN3,train
mp-aaacehza,CaTcN3,train
mp-aaacehyq,YReN3,test
mp-aaacehzi,LaWN3,train
mp-aaacehzk,Cs2AlGaH6,train
mp-aaacehzn,HfTeSe4,train
mp-aaaceibf,Cu,train
mp-aaaceipw,P2O5,train
mp-aaacehyt,LaMoN3,train
mp-aaacehyw,CaTcN3,train
mp-aaacehzh,YWN3,train
mp-aaacehyr,CsRb2GaF6,train
mp-aaacehys,LaWN3,train
mp-aaacehzj,YReN3,test
mp-aaacehzf,LaCoN3,test
mp-aaaceiqd,MoS2,train
mp-aaacehzc,YTcN3,train
mp-aaacehzg,Cs2NaCaCl6,train
mp-aaacehzl,CaMoN3,train
mp-aaacehyu,LaOsN3,train
mp-aaacehyx,CaMoN3,train
mp-aaacehyz,BaReN3,train
mp-aaacehzb,Cs2KInF6,train
mp-aaaceibj,LaWN3,train
mp-aaacehyy,BaWN3,train
mp-aaacehze,Cs2NaAlH6,train
mp-aaaceicv,Ag,test
mp-aaaceieo,Cu,train
mp-aaacekmp,Sr6(RhO3)5,train
mp-aaacekmb,Eu(Mo3S4)2,train
mp-aaacelrh,Cs2IBrCl6,test
mp-aaaceiqe,Na2Cl,test
mp-aaacejdm,SrTa2H2O7,train
mp-aaacejdx,H2O,train
mp-aaacekhd,In6ReO12,train
mp-aaaceqef,SnGe,train
mp-aaaceqeg,NdB4,test
mp-aaaceqeh,CO,train
mp-aaaceiql,Ag2WS4,train
mp-aaacejee,C,test
mp-aaaceldc,Pr7O12,train
mp-aaacejdo,H6PbCI3N,test
mp-aaaceixd,CuSnF6,train
mp-aaacelok,In(Mo3Se4)2,test
mp-aaacekve,Y7FeI12,train
mp-aaaceiqg,Mo9HS18,train
mp-aaacekik,Ho7FeI12,train
mp-aaaceptv,S,train
mp-aaaceiwm,TiAgF6,train
mp-aaaceiwv,AgSnF6,train
mp-aaaceiwc,Au(OF3)2,test
mp-aaacekym,VCu3Te4,test
mp-aaacejdg,C,test
mp-aaacejds,ScClO,train
mp-aaacekzk,NbCu3Te4,train
mp-aaaceqby,NbS2,train
mp-aaaceqcx,PbBrCl,train
mp-aaacejdw,Na2ZrO3,test
mp-aaaceqew,CO2,train
mp-aaaceqfw,CO2,train
mp-aaaceqev,HC,test
mp-aaaceqep,BaTiO3,train
mp-aaaceqfm,H6PbCI3N,test
mp-aaaceqfe,H2CO,test
mp-aaaceqet,HC,test
mp-aaaceqei,HC2,train
mp-aaaceqfq,H4C5O2,train
mp-aaaceqfs,H4C2O,train
mp-aaaceqfd,VMo,train
mp-aaaceqeq,RbBaSiHO4,train
mp-aaaceqey,HC3,train
mp-aaaceqfc,H4C6O,train
mp-aaaceqfr,H4C2O,train
mp-aaaceqfx,CsBaSiHO4,train
mp-aaaceqfo,RbSrSiHO4,train
mp-aaaceqft,H2CSO4,train
mp-aaaceqeu,CO3,train
mp-aaaceqes,KBaSiHO4,train
mp-aaaceqfb,H6PbCI3N,test
mp-aaaceqeo,KCaSiHO4,train
mp-aaaceqez,Ti5Si3C,test
mp-aaaceqfa,HC6,test
mp-aaaceqfp,H2C3,train
mp-aaaceqfn,CsSrSiHO4,test
mp-aaaceqer,Si3H,train
mp-aaacestw,TiReN3,train
mp-aaacesul,HAuO2,train
mp-aaacestx,Cs2RbInBr6,train
mp-aaaceqgc,Cs2Si(HO2)2,train
mp-aaacerpx,Nb3AlC2,test
mp-aaacerpy,Nb2AlC,train
mp-aaaceqge,H6PbCBr3N,train
mp-aaaceqgg,HCO,train
mp-aaaceqny,Fe11MoC4,train
mp-aaacesui,LaAuO2,test
mp-aaacesub,Cs2TlInH6,train
mp-aaaceqfy,H2CO,test
mp-aaaceqgk,SnH6CI3N,train
mp-aaaceqfz,H6PbCI3N,test
mp-aaaceqif,VFe11C4,train
mp-aaaceqgi,GeH6CI3N,train
mp-aaacesty,Ba6In2NF,test
mp-aaacesue,CaCr2O4,train
mp-aaacestz,Cs2NaInBr6,test
mp-aaacesua,Cs2TlInBr6,train
mp-aaaceqic,LiAlB4,train
mp-aaaceqgj,SiH6CI3N,train
mp-aaacesuk,CuPtO2,test
mp-aaaceqmj,LiS4,train
mp-aaacesuj,CuHO2,train
mp-aaacesup,LiAuO2,train
mp-aaacesus,LiAgO2,train
mp-aaacesum,CuHO2,train
mp-aaacesur,LiAuO2,train
mp-aaacesvt,LiAgO2,train
mp-aaacesuy,AgBiO2,test
mp-aaacesut,CdAgO2,train
mp-aaacesvh,AgAuO2,train
mp-aaacesuw,KAgO2,train
mp-aaacesvb,CuPdO2,train
mp-aaacesvj,BaAgO2,train
mp-aaacesvl,TlAuO2,train
mp-aaacesvr,LiCuO2,test
mp-aaacesuv,AgBiO2,test
mp-aaacesvk,AgAuO2,train
mp-aaacesuu,CdAgO2,train
mp-aaacesun,Mg(CrSe2)2,train
mp-aaacesva,AgBiO2,test
mp-aaacesvq,LiCuO2,test
mp-aaacesvm,AgBiO2,test
mp-aaacesuq,AgNO2,train
mp-aaacesuo,AgHO2,train
mp-aaacesux,TlCuO2,train
mp-aaacesuz,AgBiO2,test
mp-aaacesvf,CuAgO2,train
mp-aaacesvi,CuAuO2,train
mp-aaacesvn,AgAuO2,train
mp-aaacesvd,CuHgO2,train
mp-aaacesvo,AgClO2,train
mp-aaacesvp,HAuO2,train
mp-aaacesvs,LiAgO2,train
mp-aaaceswd,CuHO2,train
mp-aaacesvu,BaAgO2,train
mp-aaaceswj,CaAgO2,train
mp-aaacesvy,FeAuO2,train
mp-aaacesvz,MnAgO2,train
mp-aaaceswm,TlAuO2,train
mp-aaaceswr,AgClO2,train
mp-aaaceswu,AgClO2,train
mp-aaaceswf,AgHgO2,test
mp-aaaceswh,LaAuO2,test
mp-aaaceswc,HAuO2,train
mp-aaaceswq,CuPdO2,train
mp-aaacesws,PbAuO2,train
mp-aaacesvx,CuBrO2,train
mp-aaacesvw,LiAgO2,train
mp-aaaceswv,AgClO2,train
mp-aaaceswp,CuBrO2,train
mp-aaaceswn,BaAuO2,train
mp-aaaceswk,AgPtO2,train
mp-aaaceswl,AgPtO2,train
mp-aaaceswo,TlAgO2,train
mp-aaacesww,AuClO2,train
mp-aaaceswb,LiAgO2,train
mp-aaaceswa,CrAuO2,train
mp-aaaceswg,KAuO2,train
mp-aaaceswe,AgHgO2,test
mp-aaaceswi,CaAgO2,train
mp-aaaceswt,PbAuO2,train
mp-aaaceswx,AgPbO2,train
mp-aaacesxk,MgAuO2,test
mp-aaacesxb,CuBrO2,train
mp-aaacesxf,AuO2F,test
mp-aaacesxh,TlCuO2,train
mp-aaacesxc,CsAuO2,train
mp-aaacesxe,CuClO2,train
mp-aaacesxu,TlCuO2,train
mp-aaacesxp,CdAuO2,train
mp-aaacesxq,AgPdO2,train
mp-aaacesxt,NaCuO2,train
mp-aaacesxs,AuBrO2,train
mp-aaacesxv,PbAuO2,train
mp-aaacesyd,PdAuO2,test
mp-aaaceswz,AgPbO2,train
mp-aaacesxn,CuO2F,test
mp-aaaceswy,CuClO2,train
mp-aaacesxg,AgO2F,train
mp-aaacesxj,MgCuO2,train
mp-aaacesxy,AuClO2,train
mp-aaacesxd,PbAuO2,train
mp-aaacesxr,AgPdO2,train
mp-aaacesxw,CuO2F,test
mp-aaacesxa,AgAsO2,train
mp-aaacesxi,CaAgO2,train
mp-aaacesxz,AgBrO2,train
mp-aaacesya,AgBrO2,train
mp-aaacesxm,BaCuO2,train
mp-aaacesxl,AuBrO2,train
mp-aaacesxo,CdAuO2,train
mp-aaaceszp,NaAuO2,train
mp-aaacesye,RbAgO2,train
mp-aaaceszo,KAgO2,train
mp-aaaceszq,PdAuO2,test
mp-aaacetaa,SrAgO2,train
mp-aaaceszs,AuClO2,train
mp-aaacetcg,CoAuO2,train
mp-aaacetah,CuO2F,test
mp-aaacesyh,CuBiO2,train
mp-aaacetag,AgRhO2,train
mp-aaacetcj,CoAuO2,train
mp-aaacetci,MnAgO2,train
mp-aaacetac,KAgO2,train
mp-aaacesyg,CuBiO2,train
mp-aaaceszu,SrAuO2,test
mp-aaaceszm,SrAgO2,train
mp-aaaceszy,CuPtO2,test
mp-aaaceszi,BiAuO2,train
mp-aaaceszk,RbAgO2,train
mp-aaaceszl,SrAgO2,train
mp-aaacetch,CrAuO2,train
mp-aaacetae,CuClO2,train
mp-aaaceszz,PdAuO2,test
mp-aaacetai,RbAgO2,train
mp-aaaceszv,NiAuO2,train
mp-aaacetab,AgO2F,train
mp-aaacetaj,PbAuO2,train
mp-aaacetsb,AlP,train
mp-aaacetdg,Ca3TiNiO6,train
mp-aaacetpo,Cu3OF5,train
mp-aaacetcl,MnAuO2,train
mp-aaacetdc,VCuO2,train
mp-aaacetpi,Ce4GdO9,train
mp-aaacetcp,NiAuO2,train
mp-aaacetqx,Li(CoO2)3,test
mp-aaacetli,NbAgF6,train
mp-aaacetde,C,test
mp-aaacetpz,Li(Fe2O3)4,train
mp-aaacetqs,LiVP2(HO4)2,train
mp-aaacetsd,H6CIN,test
mp-aaacetss,La7YAl8O24,train
mp-aaacetdf,MnAuO2,train
mp-aaacetoy,Ca3TiNiO6,train
mp-aaacetrk,Fe5O7F3,train
mp-aaacetsn,H6C6NO,train
mp-aaacetsr,La8Al7GaO24,train
mp-aaacetck,MnAgO2,train
mp-aaacetdd,VCuO2,train
mp-aaacetst,La7ScAl8O24,train
mp-aaacetqh,K(WO3)3,train
mp-aaacetsc,H6CIN,test
mp-aaacetpj,TbTa3O9,train
mp-aaacetrl,Fe4O7F,train
mp-aaaceuoq,RbSnCl3,train
mp-aaaceuqf,RbCaCl3,train
mp-aaaceuop,RbSrCl3,test
mp-aaacetsx,CsNa7Ta8O24,train
mp-aaacettw,BaC,train
mp-aaaceuou,TlCoF3,train
mp-aaaceuph,RbPdCl3,train
mp-aaacetty,BSb,train
mp-aaaceuqg,RbCaBr3,test
mp-aaacettf,Na8Ta7VO24,train
mp-aaaceuok,CaTlF3,train
mp-aaacetsu,La8Al7BO24,test
mp-aaaceupi,RbPdBr3,train
mp-aaaceuqb,RbSnF3,train
mp-aaaceuqd,RbInCl3,train
mp-aaacetuk,ZnO,test
mp-aaaceuon,TlGeBr3,train
mp-aaaceuqc,RbInBr3,train
mp-aaaceupk,RbPbBr3,test
mp-aaacetsv,La8Al7InO24,train
mp-aaacetsw,La8MgAl7O24,train
mp-aaaceuol,CaTlCl3,train
mp-aaaceuoh,TlCuCl3,train
mp-aaaceuoo,TlAgBr3,train
mp-aaaceuqe,RbCuBr3,test
mp-aaacettx,BOs,test
mp-aaaceuom,TlAgF3,train
mp-aaaceuor,RbSnBr3,test
mp-aaaceuot,TlFeF3,test
mp-aaaceuum,CsScBr3,train
mp-aaaceuqj,RbAgCl3,train
mp-aaaceuqm,RbInCl3,train
mp-aaaceuus,CsInI3,train
mp-aaaceuuk,CsPdBr3,train
mp-aaaceurm,LiSnCl3,train
mp-aaaceurr,CsTlF3,train
mp-aaaceuud,RbSeBr3,train
mp-aaaceuvl,CsCaI3,train
mp-aaaceurj,KHfO3,train
mp-aaaceuri,RbAgBr3,train
mp-aaaceuvc,RbCaCl3,train
mp-aaaceuqu,RbAgBr3,train
mp-aaaceurq,CsTlF3,train
mp-aaaceuva,CsInF3,train
mp-aaaceuvb,CsInBr3,train
mp-aaaceuwk,MgAgF3,train
mp-aaaceurw,CsTlF3,train
mp-aaaceuwe,BaHfS3,train
mp-aaaceuvd,RbCaI3,train
mp-aaaceurx,MnInF3,train
mp-aaaceuwt,YReN3,test
mp-aaaceurn,KGeCl3,test
mp-aaaceurp,InGeCl3,train
mp-aaaceuub,CsSrBr3,train
mp-aaaceuxr,RbTlBr3,train
mp-aaaceuwr,NiAgF3,train
mp-aaaceuuc,CsSnF3,train
mp-aaaceuvw,CsAgBr3,train
mp-aaaceuun,CsNaF3,train
mp-aaaceuwc,BaZrSe3,train
mp-aaaceuul,CsPdBr3,train
mp-aaaceuwn,BaHfS3,train
mp-aaaceuwp,NiBiO3,train
mp-aaaceuws,RbSeBr3,train
mp-aaacevdw,BaHfO3,train
mp-aaaceuyn,CsSeBr3,train
mp-aaacevdn,CaTcO3,train
mp-aaaceuzd,NiAgF3,train
mp-aaaceuxy,InSnBr3,train
mp-aaaceuym,KGeBr3,test
mp-aaaceuyp,CsSeBr3,train
mp-aaaceuyt,BaHfS3,train
mp-aaaceuzg,CaTcO3,train
mp-aaacevaf,CsSnF3,train
mp-aaacevcv,CaTcO3,train
mp-aaaceuyv,KCaCl3,test
mp-aaacevdh,ZnAgF3,test
mp-aaaceuze,CsInI3,train
mp-aaaceuyr,CsSrI3,train
mp-aaaceuyw,CuAgF3,train
mp-aaaceuys,MgAgF3,train
mp-aaaceuxx,KCrCl3,train
mp-aaaceuyo,CuAgF3,train
mp-aaaceuzh,CsSrBr3,train
mp-aaaceuyu,KCrCl3,train
mp-aaaceuzi,RbTlF3,train
mp-aaacevcx,NiBiO3,train
mp-aaaceuzc,CsCaI3,train
mp-aaacevdg,RbCaBr3,test
mp-aaaceuzj,CsScBr3,train
mp-aaacevdf,InPbCl3,train
mp-aaaceuzb,BaZrSe3,train
mp-aaacevdx,KAgBr3,train
mp-aaacevci,InPbCl3,train
mp-aaaceven,InGeCl3,train
mp-aaacevfz,RbTlF3,train
mp-aaacevgm,RbSnF3,train
mp-aaacevdz,InSnBr3,train
mp-aaacevfv,RbPbBr3,test
mp-aaacevel,InSnCl3,test
mp-aaacevfr,KCaBr3,train
mp-aaacevfy,RbTlBr3,train
mp-aaacevgh,CaTlF3,train
mp-aaacevga,TlAgBr3,train
mp-aaacevfk,RbCaI3,train
mp-aaacevku,TlInCl3,train
mp-aaacevfj,LiSnCl3,train
mp-aaacevgb,CsNaF3,train
mp-aaacevfu,RbOsO3,train
mp-aaacevgd,RbSnCl3,train
mp-aaacevgq,NaOsO3,train
mp-aaacevjz,TlGeF3,train
mp-aaacevfw,RbPbCl3,test
mp-aaacevee,InSnCl3,test
mp-aaacevdy,KAgCl3,train
mp-aaacevge,KGeBr3,test
mp-aaacevgp,TlCdF3,train
mp-aaacevka,TlGeF3,train
mp-aaacevgc,TlAgCl3,train
mp-aaacevef,CsSrCl3,train
mp-aaacevem,KAgBr3,train
mp-aaacevft,KCaCl3,test
mp-aaacevjy,TlHgF3,train
mp-aaacevkb,TlInCl3,train
mp-aaacevfx,RbPbCl3,test
mp-aaacevgf,KGeCl3,test
mp-aaacevgt,NaMoO3,train
mp-aaacevlf,TlGeCl3,train
mp-aaacevqn,K,train
mp-aaacevly,MnTlF3,train
mp-aaacevlk,TlAgCl3,train
mp-aaacevlg,TlGeCl3,train
mp-aaacevlb,MgTlF3,train
mp-aaacevlh,TlZnF3,train
mp-aaacevlr,RbSrCl3,test
mp-aaacevlm,KAgCl3,train
mp-aaacevlv,TlCdF3,train
mp-aaacevlp,RbInCl3,train
mp-aaacevlx,TlNiF3,train
mp-aaacevmr,TlNiO3,train
mp-aaacevqz,YC,train
mp-aaacevli,TlGeBr3,train
mp-aaacevll,KCaBr3,train
mp-aaacevlu,TlHgF3,train
mp-aaacevpt,Br,train
mp-aaacevpw,Br,train
mp-aaacevnk,RbInBr3,train
mp-aaacevqm,H9C8NO2,test
mp-aaacevqw,Cu,train
mp-aaacevmw,TlPdF3,train
mp-aaacevrc,YC,train
mp-aaacevqp,Ge,train
mp-aaacevra,YC,train
mp-aaacevmo,RbSnBr3,test
mp-aaacevps,Al,train
mp-aaacevmx,CaTlCl3,train
mp-aaacevpd,TlNiO3,train
mp-aaacevpy,C,test
mp-aaacevrd,YSb,test
mp-aaacevrt,KO3,train
mp-aaacevty,TiFe2Sb,train
mp-aaacevsj,K2O,train
mp-aaacevtw,TiMo,train
mp-aaacevua,TiAu,train
mp-aaacevrh,ThC,test
mp-aaacevrr,TmGe,train
mp-aaacevrs,TlS,train
mp-aaacevuj,TiAl3,train
mp-aaacevrv,K2O,train
mp-aaacevry,TlFeSe2,test
mp-aaacevta,TlCdSe2,train
mp-aaacevrf,YN,train
mp-aaacevro,TiN,train
mp-aaacevrx,K2O2,train
mp-aaacevsh,TlCrSe2,train
mp-aaacevub,TiFeCoSb,train
mp-aaacevtd,TiPt,train
mp-aaacevrj,TiN,train
mp-aaacevsi,TlCdS2,test
mp-aaacevts,TiGaFeCo,train
mp-aaacevrw,KO2,train
mp-aaacevsz,TiNi,train
mp-aaacevtx,TiH,train
mp-aaacevtb,TiRu3,train
mp-aaacevrz,TlCdTe2,train
mp-aaacevrg,TcN,train
mp-aaacevtz,TiFeCoSi,train
mp-aaacevtt,TiInFe2,test
mp-aaacevuc,TiFeCoAs,train
mp-aaacevuh,Ti3In,test
mp-aaacevui,TiAlFeCo,train
mp-aaacevru,K2O,train
mp-aaacevyh,Ti2MnSn,train
mp-aaacevxj,Ti2GaFe,train
mp-aaacevup,Ti3Ge,train
mp-aaacevun,TiAu,train
mp-aaacevwd,Ti3Al,train
mp-aaacevuo,Ti3Si,test
mp-aaacevxk,Ti2CoSi,test
mp-aaacevuq,Ti3Ga,train
mp-aaacevuk,Ti3Sn,train
mp-aaacevxt,Ti2AlFe,train
mp-aaacevyu,Ti2AlCr,train
mp-aaacevzt,TbTlTe2,train
mp-aaacevzu,TbFeC2,train
mp-aaacevzv,TbH3,test
mp-aaacevzp,TcN,train
mp-aaacevzq,TcB,train
mp-aaacevzr,TbTlS2,train
mp-aaacevxe,Ti2GaCo,train
mp-aaacevxr,Ti2CoGe,train
mp-aaacevyk,TcN,train
mp-aaacevzs,TcB,train
mp-aaacevya,Ti2InNi,train
mp-aaacevxw,Ti2AlZn,test
mp-aaacevzw,TbPd,test
mp-aaacevwx,Ti2MnSi,test
mp-aaacevyd,Ti2AlCu,train
mp-aaacevxs,Ti2AlV,test
mp-aaacevxd,Ti2GaNi,train
mp-aaacevym,ThCoC2,train
mp-aaacevve,TiFe2As,test
mp-aaacevww,Ti2InCo,train
mp-aaacevxc,Ti2MnAl,test
mp-aaacewao,SnO,test
mp-aaacewae,SmTlTe2,train
mp-aaacewal,TaHgS2,train
mp-aaacevzy,NaTbS2,train
mp-aaacewcy,ScAl3,train
mp-aaacewci,NbNi3,train
mp-aaacewcr,AgN,train
mp-aaacewcv,Sc2MnSi,train
mp-aaacevzz,NaTbSe2,train
mp-aaacewch,SiHgP2,test
mp-aaacewai,TaInSe2,train
mp-aaacewaf,TaPd,train
mp-aaacewbx,SmGa,train
mp-aaacewcj,Fe3Ni,test
mp-aaacewap,SrPd,train
mp-aaacewan,TbAu,train
mp-aaacewaq,SmNiC2,train
mp-aaacewar,SmNi,train
mp-aaacewcx,ScC,train
mp-aaacewck,SmCoC2,train
mp-aaacewby,SmFeC2,train
mp-aaacewak,SmTlS2,train
mp-aaacewab,KTbS2,train
mp-aaacewac,TbNi,train
mp-aaacewcn,SmAu,train
mp-aaacewcz,ScC,train
mp-aaacewcm,SiNi,test
mp-aaacewcp,RuN,train
mp-aaacewcs,BMo,train
mp-aaacewdb,Sc2MnSn,train
mp-aaacewah,TaCuN2,train
mp-aaacewaj,SmTlSe2,train
mp-aaacewcu,Si,train
mp-aaacewda,ScAl,train
mp-aaacewdc,Sc2MnSi,train
mp-aaacewff,RhN,train
mp-aaacewgv,PrRh,test
mp-aaacewez,Sc2MnC,train
mp-aaacewgk,Pd3N,train
mp-aaacewey,Sc2MnC,train
mp-aaacewgh,PrPd,train
mp-aaacewgi,Pd3N,train
mp-aaacewgj,PdN,train
mp-aaacewgl,PrN,test
mp-aaacewhj,NdTlTe2,train
mp-aaacewhh,OsN,train
mp-aaacewfi,ReN,train
mp-aaacewfq,RbNaH2,train
mp-aaacewgm,Pd3N,train
mp-aaacewgt,PdN,train
mp-aaacewfh,RbYS2,train
mp-aaacewgy,OsC,train
mp-aaacewer,Sc2MnGe,train
mp-aaacewfl,RbSmTe2,train
mp-aaacewgq,PdN,train
mp-aaacewfa,Sc2MnGe,train
mp-aaacewgo,Pd3Au,train
mp-aaacewfb,RuC,train
mp-aaacewgw,PrAu,train
mp-aaacewfg,ReN,train
mp-aaacewgd,PrRhC2,train
mp-aaacewge,PrTlTe2,train
mp-aaacewgx,OsN,train
mp-aaacewfj,RbSnS2,test
mp-aaacewgf,PrTlSe2,train
mp-aaacewgg,PuCoC2,train
mp-aaacewhi,NiBi,train
mp-aaacewjq,NbNi3,train
mp-aaacewkc,NbCr3,train
mp-aaacewiv,NbN,train
mp-aaacewki,Nb3Ni,train
mp-aaacewhz,NdRh,train
mp-aaacewma,Nb3Fe,test
mp-aaacewjo,NbPt,train
mp-aaacewid,NdNi,test
mp-aaacewlz,Nb3Cr,train
mp-aaacewmk,NaSmSe2,train
mp-aaacewnd,ZnN,train
mp-aaacewkd,NbFe3,test
mp-aaacewmu,NaScS2,train
mp-aaacewly,Nb3Fe,test
mp-aaacewmv,NaPrSe2,train
mp-aaacewic,NdAu,test
mp-aaacewmg,Nb3Cr,train
mp-aaacewka,NbC,train
mp-aaacewkg,Nb3Ni,train
mp-aaacewke,NbCr3,train
mp-aaacewib,NiHO2,train
mp-aaacewjp,NbC,train
mp-aaacewit,NbN,train
mp-aaacewmh,NaSmTe2,train
mp-aaacewmi,NaYSe2,train
mp-aaacewia,NdPd,train
mp-aaacewmo,NaVS2,train
mp-aaacewkh,Nb3Fe,test
mp-aaacewlx,Nb3Ni,train
mp-aaacewkf,NbCr3,train
mp-aaacewne,NaNdS2,train
mp-aaacewkb,NbFe3,test
mp-aaacewmb,Nb3Cr,train
mp-aaacewmp,NaSmS2,train
mp-aaacewnt,ZnN,train
mp-aaacewns,YTi,train
mp-aaacewqf,WN2,train
mp-aaacewoq,MnSiNi2,train
mp-aaacewng,NaLaSe2,train
mp-aaacewnz,NaCeSe2,train
mp-aaacewnh,ZnN,train
mp-aaacewny,NaDyS2,test
mp-aaacewoj,Na,train
mp-aaacewpw,MnSe,train
mp-aaacewoy,MnP,train
mp-aaacewoz,MnN,test
mp-aaacewpy,MnFe3,train
mp-aaacewqb,Mn3Fe,train
mp-aaacewqo,Mn2SiNi,test
mp-aaacewoe,Na3N,train
mp-aaacewpz,MnCo3,train
mp-aaacewol,MoN,train
mp-aaacewop,MnSn,test
mp-aaacewnx,NaGdSe2,train
mp-aaacewod,Na3N,train
mp-aaacewnf,NaNdSe2,train
mp-aaacewok,MoPt,train
mp-aaacewpv,MnO,train
mp-aaacewqa,YAg2,train
mp-aaacewqn,Mn2SnRu,train
mp-aaacewqi,MnGaFeCo,test
mp-aaacewog,N2,train
mp-aaacewqw,Mn2CuSb,train
mp-aaacewni,NaHoSe2,train
mp-aaacewnw,NaDySe2,test
mp-aaacewqg,Mn3Ga,train
mp-aaaceyyj,Si,train
mp-aaaceyxb,Li(CN)2,train
mp-aaaceyuv,Y2ZnSe4,train
mp-aaacewrg,Mn2SiRu,test
mp-aaaceyup,Y2ZnS4,test
mp-aaacezre,B12W,train
mp-aaaceyuy,Y2MgS4,test
mp-aaaceyyn,Mn3N2,train
mp-aaaceyuw,Cu2PPd2,test
mp-aaaceyum,Sc2ZnS4,test
mp-aaaceyux,BeC2,test
mp-aaaceyut,Mg(ScSe2)2,train
mp-aaaceyul,TaO3,train
mp-aaaceywr,Li48P16S61,test
mp-aaacezqw,C4O3,train
mp-aaacezrc,HfB12,train
mp-aaacezpz,CaFeO3,train
mp-aaaceyuq,Sc2ZnSe4,train
mp-aaaceyxe,Si(CO)2,train
mp-aaacezqj,LiC6,train
mp-aaaceyur,Zn(InSe2)2,train
mp-aaaceyxc,H2CO3,train
mp-aaaceyvi,Mg(InSe2)2,train
mp-aaaceyyi,Na2H3CO6,train
mp-aaacezrf,LuNiC2,train
mp-aaacezrp,LuGa,train
mp-aaacezro,LuSi,train
mp-aaacezyh,LiRh3,train
mp-aaacfaab,InBi,test
mp-aaacezyn,KCoCl3,train
mp-aaacezya,LuCuS2,train
mp-aaacezye,LiTiS2,train
mp-aaacezyd,LiSnS2,train
mp-aaacfaac,HfN,test
mp-aaacfaad,LiB,train
mp-aaacfadh,HoAs,train
mp-aaacezyf,MoP,train
mp-aaacfaam,HoN,train
mp-aaacfadd,HoBi,train
mp-aaacezyg,LiScS2,train
mp-aaacezyk,LiO3,train
mp-aaacezzw,WN,train
mp-aaacezrg,LuTlS2,train
mp-aaacezyi,ZrB6,train
mp-aaacezri,LuFeC2,train
mp-aaacezzu,VN,train
mp-aaacezrh,PrBi,test
mp-aaacezyj,IrC,train
mp-aaacfaae,MnGa,train
mp-aaacezrk,C4O3,train
mp-aaacezrn,LuTlSe2,train
mp-aaacezzt,LiBe,test
mp-aaacezzz,LiB,train
mp-aaacfaaf,MoP,train
mp-aaacfade,Li2SnIr,train
mp-aaacezzv,IrC,train
mp-aaacezrq,LuCoC2,train
mp-aaacezzs,IrC,train
mp-aaacezrr,LiZrSe2,train
mp-aaacfaal,HoP,test
mp-aaacfadg,HfN,test
mp-aaacfadp,LaC,test
mp-aaacfakm,LaPt,train
mp-aaacfajo,CsLiICl,train
mp-aaacfaix,SnS2,test
mp-aaacfajd,NaLiICl,test
mp-aaacfalp,LaGa,train
mp-aaacfakx,LaPd,train
mp-aaacfanl,TcN,train
mp-aaacfann,TcB,train
mp-aaacfano,TcB,train
mp-aaacfaok,SiC,train
mp-aaacfaol,ReN,train
mp-aaacfanm,TcN,train
mp-aaacfaon,ReN,train
mp-aaacfako,HfPd,train
mp-aaacfalg,HfC,train
mp-aaacfamv,GeC,train
mp-aaacfaoz,ErH,train
mp-aaacfapa,TlN,train
mp-aaacfakp,LaRh,train
mp-aaacfakr,VCo,train
mp-aaacfalf,KZrS2,train
mp-aaacfaoy,TmSb,train
mp-aaacfamu,GeC,train
mp-aaacfale,HfIr,train
mp-aaacfans,TcB,train
mp-aaacfadi,HfC,train
mp-aaacfajr,CsKICl,train
mp-aaacfaob,RuN,train
mp-aaacfanr,TcB,train
mp-aaacfajp,KNaICl,train
mp-aaacfakz,TcN,train
mp-aaacfaox,TlSb,train
mp-aaacfals,LaAu,train
mp-aaacfaoo,EuS,train
mp-aaacfakn,VN,train
mp-aaacfakw,VH,test
mp-aaacfaph,ErN,train
mp-aaacfapb,DyP,train
mp-aaacfapi,PuBi,test
mp-aaacfcff,CaMn8O16,test
mp-aaacfapc,ErP,train
mp-aaacfape,ErAs,test
mp-aaacfbcl,NaMn2O4,test
mp-aaacfbcm,LiMnO2,train
mp-aaacfbcn,MnHO2,test
mp-aaacfcez,Li2Mn3O6,test
mp-aaacfatu,SmH8(NO5)3,train
mp-aaacfapf,RbSb,train
mp-aaacfcey,KMn4O8,train
mp-aaacfbci,MgMn2O4,train
mp-aaacfbck,KMnO2,train
mp-aaacfcex,CaMn2O4,train
mp-aaacfcfd,Mn3HO6,train
mp-aaacfaqe,Ca8H3N4,train
mp-aaacfbco,KMnO2,train
mp-aaacfcfe,CaMn16O32,train
mp-aaacfbcj,MgMnO2,train
mp-aaacfcfc,KMn4O8,train
mp-aaacfcfa,KMn2O4,train
mp-aaacfapg,PtC,train
mp-aaacfcfb,LiMn4O8,train
mp-aaacfcfg,CaMn4O8,train
mp-aaacfcrn,Ca3Mn4O8,test
mp-aaacfcob,LiMn16O32,train
mp-aaacfcoa,CaMn2O4,train
mp-aaacfcjt,KMn2O4,train
mp-aaacfclp,Mg2Mn3O6,train
mp-aaacfcvg,NaMn2O4,test
mp-aaacfcnx,MgMn4O8,train
mp-aaacfcrk,NaMn4O8,train
mp-aaacfcwj,Mn2HO4,test
mp-aaacfcwk,NaMn2O4,test
mp-aaacfcik,CaMnO2,test
mp-aaacfcrm,NaMn8O16,test
mp-aaacfcil,Mn8HO16,train
mp-aaacfcwi,K3Mn4O8,test
mp-aaacfcfi,CaMnO2,test
mp-aaacfcrj,NaMn16O32,train
mp-aaacfcvf,MgMn2O4,train
mp-aaacfcrp,MgMn2O4,train
mp-aaacfcln,CaMn4O8,train
mp-aaacfclo,MgMn4O8,train
mp-aaacfclq,CaMnO2,test
mp-aaacfcrl,LiMn3O6,train
mp-aaacfdgv,CaMnO2,test
mp-aaacfczu,KMnO2,train
mp-aaacfdcl,CaMn4O8,train
mp-aaacffrm,Sc3Al3C2O5,test
mp-aaacfdtt,LiMnO2,train
mp-aaacfdtw,NaMn2O4,test
mp-aaacfdtx,HfB6,test
mp-aaacfcwl,NaMn2O4,test
mp-aaacfcwo,MgMn2O4,train
mp-aaacffsk,Sm2Co12P7,train
mp-aaacfdzq,WS,test
mp-aaacfczw,MgMnO2,train
mp-aaacfdci,Mn2HO4,test
mp-aaacfdzs,CsB3PbF12,train
mp-aaacfcwn,Li3Mn4O8,test
mp-aaacfeij,PrB12,test
mp-aaacfcwp,MgMn6O12,train
mp-aaacfdtv,MgMn4O8,train
mp-aaacfeim,NdB12,train
mp-aaacfeio,Mn3(HO3)2,train
mp-aaacfdgw,CaMn2O4,train
mp-aaacfeis,LiMn4O8,train
mp-aaacffsj,Sm6GaCo2,test
mp-aaacfdzo,HPbI3,test
mp-aaacfdzp,SmB12,train
mp-aaacfdzw,CCl4,train
mp-aaacfdzu,CsBPb(IF2)2,train
mp-aaacffyo,Yb3U,train
mp-aaacffuv,Sm2AlGe6,train
mp-aaacfgit,Ho3Pu,train
mp-aaacfgcp,Tm3Ni7B2,train
mp-aaacffxv,Tb2Co3Ge5,train
mp-aaacfgah,Sm3Gd,test
mp-aaacfgiq,Na3Co,train
mp-aaacffve,Sm3Au,train
mp-aaacfftn,Sm3Np,train
mp-aaacfgdu,Zr9CoMo4,train
mp-aaacfgjf,Pa3Mo,train
mp-aaacfgiw,P2S7,train
mp-aaacfgid,Lu(BRh)4,test
mp-aaacffux,SmGe2Pt,train
mp-aaacffuu,Sm3In,train
mp-aaacffwi,Sm2CuAs3O,train
mp-aaacffsn,Sm2InHg,train
mp-aaacfggm,PaNi2Ge,train
mp-aaacffuw,SmHSO5,train
mp-aaacffvd,SmGd3,train
mp-aaacffxt,Sm2Mn12P7,train
mp-aaacfggy,Gd2AgRh,test
mp-aaacfggp,Tl3Bi,train
mp-aaacfggo,UCd2O5,train
mp-aaacffvc,Tl3Os,train
mp-aaacffwf,Sm2(Ga3Co)3,train
mp-aaacfftv,TmNp3,train
mp-aaacfggn,LaPrIn2,test
mp-aaacfgjk,Hf3Pb,train
mp-aaacfgmx,GdB12,train
mp-aaacfgnt,ErNp3,train
mp-aaacfgna,ZnBi,train
mp-aaacfgrw,Er2Co3Ge5,train
mp-aaacfgoz,CeGa4Co9,test
mp-aaacfgkd,Na3Pu,test
mp-aaacfgqr,Ce(CuSb)2,train
mp-aaacfgnq,EuInNi5,train
mp-aaacfgsq,AgSO4,train
mp-aaacfgoe,CeYTl2,test
mp-aaacfgqs,Ce(FeB)4,train
mp-aaacfgrv,CeY3,train
mp-aaacfgpa,AcEuAu2,train
mp-aaacfgsm,Ce2SnSe4,train
mp-aaacfgpe,Nd7Co3,train
mp-aaacfgqy,LiCeSn,train
mp-aaacfgsp,CePS,train
mp-aaacfgjy,Eu(MgBi)2,train
mp-aaacfgkq,PmPu3,test
mp-aaacfgti,Ce4Si3Rh4,train
mp-aaacfgqu,Ce(YS2)3,train
mp-aaacfgqt,CeLu3,train
mp-aaacfgkc,Eu3Re,train
mp-aaacfgpf,Er3(In2Co)2,train
mp-aaacfgsl,Ce2HfSe5,train
mp-aaacfgog,ErPu3,train
mp-aaacfgra,Ce3Cu,train
mp-aaacfgnu,CeSm3,test
mp-aaacfhmh,CoNi,train
mp-aaacfhbv,Sb4S3N6(OF)12,train
mp-aaacfhbx,Na2Al2(SiO4)3,test
mp-aaacfhbb,Mg(InSe2)2,train
mp-aaacfhak,Rb(Zr3Te4)4,test
mp-aaacfgtr,CeZnIn,train
mp-aaacfhbz,CrCuN6Cl5,test
mp-aaacfhcb,ZnP2NO9,train
mp-aaacfhjr,CsH3,train
mp-aaacfhay,Zn3In2O6,train
mp-aaacfhmj,KNdS2,train
mp-aaacfhmk,CeS,train
mp-aaacfhcd,Sn3PO6,test
mp-aaacfhbd,K3Hf2Se11,train
mp-aaacfhmc,BaO2,train
mp-aaacfhbe,Ta36B4C35,train
mp-aaacfhmg,CdC,test
mp-aaacfhme,BiB,test
mp-aaacfhmm,KYS2,train
mp-aaacfhca,Pr(NO5)3,test
mp-aaacfhml,CdC,test
mp-aaacfhmi,CoMo,train
mp-aaacfiqj,HoTlS2,train
mp-aaacfiqa,HfPd3,train
mp-aaacfipw,InAs,train
mp-aaacfiwh,CoW,test
mp-aaacfiwj,GaCo2Ni,train
mp-aaacfiri,HgPt3,train
mp-aaacfiua,Ge,train
mp-aaacfird,InAgSe2,train
mp-aaacfitv,HfAu,test
mp-aaacfiwl,GaBN2,test
mp-aaacfiwm,GaN,test
mp-aaacfirk,HfPd,train
mp-aaacfiqe,IrN,train
mp-aaacfiuk,TlAs,train
mp-aaacfiva,HfIr,train
mp-aaacfiph,KNaH2,train
mp-aaacfity,HfCd,train
mp-aaacfixp,Fe3Ni,test
mp-aaacfipg,KLuS2,train
mp-aaacfiuq,TlP,train
mp-aaacfhmp,KSmSe2,train
mp-aaacfiub,HW,train
mp-aaacfiqb,HfRu3,train
mp-aaacfiqh,HoTlTe2,test
mp-aaacfirl,HfOs3,train
mp-aaacfisw,HfAl3,test
mp-aaacfiqi,InPd3,train
mp-aaacfiqk,HoAu,test
mp-aaacfirj,HfPt,test
mp-aaacfiui,ZnHCO4,train
mp-aaacfixo,FeCo3,train
mp-aaacfiqf,InSb,train
mp-aaacfirm,SnPO4F,train
mp-aaacfius,TlN,train
mp-aaacfjai,CrCu2Si,train
mp-aaacfjac,DyAu,train
mp-aaacfixy,Fe3Ni,test
mp-aaacfjag,CuI,train
mp-aaacfizr,ErTlTe2,train
mp-aaacfjah,CrNi3,train
mp-aaacfjny,Cr3Ni,train
mp-aaacfjoa,CrCo3,train
mp-aaacfjbt,CrInCu2,train
mp-aaacfjnz,Co3Mo,train
mp-aaacfjcy,CrH,test
mp-aaacfjnx,CrCo2As,train
mp-aaacfiyr,FeB,train
mp-aaacfjlw,CrCo2Si,train
mp-aaacfixt,Ga,train
mp-aaacfjcx,CrInNi2,train
mp-aaacfjma,SnPOF7,train
mp-aaacfixq,FeNi3,train
mp-aaacfizk,EuTlS2,train
mp-aaacfjci,Cs,train
mp-aaacfixr,FeNi3,train
mp-aaacfjlv,CaSe,test
mp-aaacfjnu,Co3W,train
mp-aaacfizq,ErH,train
mp-aaacfizs,DyTlTe2,train
mp-aaacfjnv,Cr3Ni,train
mp-aaacfizu,NaEuS2,train
mp-aaacfjlx,CrFe2Sb,train
mp-aaacfjly,CrFe2Sn,test
mp-aaacfjcg,CrNi3,train
mp-aaacfjch,CrNi3,train
mp-aaacfjqr,Co3Ni,train
mp-aaacfjoc,Cr3Fe,train
mp-aaacfjod,Ba,test
mp-aaacfjoe,Cr3Ni,train
mp-aaacfjwd,BeSiP2,train
mp-aaacfjrs,CeH3,train
mp-aaacfjvj,CdTe,train
mp-aaacfjvz,BW,train
mp-aaacfjyp,AlCu3,train
mp-aaacfjyq,AlGaN2,train
mp-aaacfjwr,BaPd,train
mp-aaacfjwc,BiI3,train
mp-aaacfjwn,Be,train
mp-aaacfjxq,AlVFeCo,test
mp-aaacfjwe,BrCl,test
mp-aaacfjwx,BaGaCu2,train
mp-aaacfjyo,Al3V,train
mp-aaacfjsl,C,test
mp-aaacfjxk,BeSe,train
mp-aaacfjxm,B2CN,train
mp-aaacfjwk,Ca,train
mp-aaacfjof,Cr3Fe,train
mp-aaacfjrq,C,test
mp-aaacfjvk,CdSiP2,train
mp-aaacfjvv,CdN,train
mp-aaacfjxl,B2CN,train
mp-aaacfjxo,B2AsP,train
mp-aaacfjxj,BC2N,train
mp-aaacfjwa,BiPd,train
mp-aaacfjwb,CdN,train
mp-aaacfjwm,BaO,train
mp-aaacfjws,BaGaSiH,train
mp-aaacfjxn,B2CN,train
mp-aaacfkbi,VTe2,test
mp-aaacfkbm,WC,train
mp-aaacfjyv,TmTlTe2,train
mp-aaacfkeg,Ti2In,test
mp-aaacfkas,AuN,train
mp-aaacfkcr,AuC,train
mp-aaacfkdd,TmCd2,test
mp-aaacfkdk,TiGePt,train
mp-aaacfkfe,Ti2Ga,train
mp-aaacfkbq,Au,test
mp-aaacfjys,AuN,train
mp-aaacfkfm,ThH2,train
mp-aaacfkge,CeTe,test
mp-aaacfkdg,TiS2,train
mp-aaacfjyr,AlBN2,train
mp-aaacfkdt,Ti2Si,train
mp-aaacfkdh,TiO2,train
mp-aaacfybl,CaGaGeH,train
mp-aaacfybe,CePd,train
mp-aaacfybz,ZrTe2,test
mp-aaacfybf,CeAu,train
mp-aaacfycr,Ti2Re,train
mp-aaacfybp,BaCaO2,test
mp-aaacfybh,CaZnSe2,test
mp-aaacfybt,AlCo3,train
mp-aaacfybv,ZrAu2,train
mp-aaacfybw,Zr2Cd,test
mp-aaacfybx,Zr2Zn,train
mp-aaacfycn,TiPd2,test
mp-aaacfybi,CaGaSiH,test
mp-aaacfycq,Ti2Rh,train
mp-aaacfybu,ZrPd2,train
mp-aaacfybg,C,test
mp-aaacfycp,TiAu2,train
mp-aaacfybq,Ba2BrN,train
mp-aaacfyce,YSb2,train
mp-aaacfych,PbS,train
mp-aaacfycf,YAu2,train
mp-aaacfyci,NbInSe2,train
mp-aaacfycl,VCoSn,train
mp-aaacfybo,Ba2NF,train
mp-aaacfyco,Tm,train
mp-aaacfyby,YbBiPt,train
mp-aaacfybj,CaGaSnH,train
mp-aaacfycj,CeRh,train
mp-aaacfyck,TmSbPd,train
mp-aaacfycm,TmSb2,train
mp-aaacfycs,GaBi,train
mp-aaacfydq,NbTe2,train
mp-aaacfyct,TbSb2,train
mp-aaacfycv,Pt2W,test
mp-aaacfyda,Li,train
mp-aaacfydf,HoNiBi,train
mp-aaacfydl,MnSn,test
mp-aaacfydp,ScCu2,test
mp-aaacfydd,KEuS2,train
mp-aaacfydg,MgNi,train
mp-aaacfydt,HfAu2,train
mp-aaacfydv,MnSn,test
mp-aaacfyeb,CrNiSb,train
mp-aaacfydn,EuPd,train
mp-aaacfycz,LiHPd,train
mp-aaacfydb,LiCdAs,train
mp-aaacfydo,ScAu2,train
mp-aaacfycx,LuAg2,train
mp-aaacfyea,PmN,train
mp-aaacfyec,CeBiPt,train
mp-aaacfyeg,AlTc2,train
mp-aaacfycy,AlBi,train
mp-aaacfydh,BaC2,train
mp-aaacfydk,LaH3,test
mp-aaacfydu,Hf2Hg,train
mp-aaacfydw,Hf2Cd,test
mp-aaacfydi,NbN,train
mp-aaacfydr,NbPd2,train
mp-aaacfydy,DySb2,test
mp-aaacfydm,GdCoC2,train
mp-aaacfyee,PtC,train
mp-aaacfycu,ScAg2,train
mp-aaacfydc,LaBiPt,train
mp-aaacfyds,LuAu2,train
mp-aaacfydz,ErSb2,train
mp-aaacfyde,VI2,train
mp-aaacfycw,PaC2,train
mp-aaacfydx,CrN,test
mp-aaacfyef,PtC,train
mp-aaacfyvz,ScBPt3,test
mp-aaacfyep,ThAu,test
mp-aaacfyes,Ba2Zn,train
mp-aaacfyil,GaP,train
mp-aaacfywc,Ca(BeAs)2,train
mp-aaacfywx,Ba2H3I,test
mp-aaacfywd,Dy(CuS)2,train
mp-aaacfywe,Ho(CuS)2,train
mp-aaacfywl,TiSnO3,train
mp-aaacfyet,AlAu2,train
mp-aaacfyws,YbH3Pd,train
mp-aaacfywj,Tb(CuS)2,train
mp-aaacfywm,Tm(CuS)2,train
mp-aaacfywg,Lu(CuS)2,train
mp-aaacfyww,Ba2ClF3,train
mp-aaacfyxb,CN2,train
mp-aaacfyer,EuC2,test
mp-aaacfywf,LaBPt3,train
mp-aaacfywt,YbNiH3,train
mp-aaacfyxa,BaMgSn,train
mp-aaacfywi,SnPd3C,train
mp-aaacfywb,YPd3C,train
mp-aaacfywn,Tm3AlN,train
mp-aaacfywy,KCdSb,train
mp-aaacfyim,CeGa,train
mp-aaacfywh,ScPd3C,train
mp-aaacfywr,YPt3C,train
mp-aaacfywv,BC5,train
mp-aaacfyeq,GdFeC2,train
mp-aaacfywu,AuN2,train
mp-aaacfywz,BaMgPb,train
mp-aaacfywo,Y(CuS)2,train
mp-aaacfywq,YBPt3,train
mp-aaacfywp,YBPd3,train
mp-aaacfywa,ScPt3C,train
mp-aaacfywk,Tb3AlN,train
mp-aaacfyxo,CeTlCd,train
mp-aaacfyxd,CaBiAu,train
mp-aaacfyyd,DySe2,train
mp-aaacfyxe,CaCoSi,train
mp-aaacfyxj,CeS2,train
mp-aaacfyxx,DyScSb,train
mp-aaacfyxp,CeTlZn,train
mp-aaacfyxv,DyS2,train
mp-aaacfyxy,CsHSO3,train
mp-aaacfyyh,ErS2,train
mp-aaacfyxg,CeCoSi,train
mp-aaacfyxi,CeSbPd,train
mp-aaacfyxm,CeSi2Mo2C,train
mp-aaacfyxu,DyAlZn,test
mp-aaacfyxf,CeO2,train
mp-aaacfyxr,CeZnGa,train
mp-aaacfyxw,CeSbAu,train
mp-aaacfyxn,CeTeCl,train
mp-aaacfyyb,DyZnIn,train
mp-aaacfyyf,ErCuSn,train
mp-aaacfyyj,ErZnIn,train
mp-aaacfyxc,Ca2H3Br,train
mp-aaacfyxl,CeSe2,train
mp-aaacfyyg,ErH2,train
mp-aaacfyyk,ErZnGa,test
mp-aaacfyxs,CoAs2,train
mp-aaacfyyc,DyZnGa,train
mp-aaacfyxh,CePbAu,train
mp-aaacfyya,DyTlZn,test
mp-aaacfyye,Er2Mg3Ru,test
mp-aaacfyxt,CoPPd,train
mp-aaacfyyi,ErTlZn,train
mp-aaacfyxk,CeO2,train
mp-aaacfyxz,DyTe2,train
mp-aaacfyyl,Eu2H3Br,train
mp-aaacfyzp,HfO2,train
mp-aaacfyyo,ErZnGa,test
mp-aaacfyys,EuHgPb,train
mp-aaacfyym,ErTe2,train
mp-aaacfyyw,EuZnGe,train
mp-aaacfyzb,GdSe2,train
mp-aaacfyze,Hf2TaN3,train
mp-aaacfyzj,Hf5Pb,test
mp-aaacfyzo,HfVSi,train
mp-aaacfyza,GdS2,train
mp-aaacfyzh,HfCuSn,train
mp-aaacfyzl,HfSb2,train
mp-aaacfyzm,HfTa2N3,test
mp-aaacfyzq,HgSe,train
mp-aaacfyyr,EuCdSn,train
mp-aaacfyzc,GdTlZn,train
mp-aaacfyzf,GdZnIn,test
mp-aaacfyzg,HfGa4Co,train
mp-aaacfyzk,HfN2,train
mp-aaacfyyp,EuBiAu,train
mp-aaacfyzd,Hf2GaSb3,train
mp-aaacfyyt,EuZnGe,train
mp-aaacfyyz,GdCuPb,train
mp-aaacfyyn,Eu2H3Cl,test
mp-aaacfyzi,HfGaCu,train
mp-aaacfyyu,EuO2,train
mp-aaacfyyq,EuCdPb,train
mp-aaacfyzn,HfTaNO3,test
mp-aaacfyyv,EuSnHg,train
mp-aaacfyyx,EuZnGe,train
mp-aaacfyyy,GdAlZn,test
mp-aaacfzac,IrN,train
mp-aaacfyzv,HoS2,train
mp-aaacfyzs,HoCuSn,train
mp-aaacfyzr,HoCo3Cu2,train
mp-aaacfzak,LaNi2Rh3,train
mp-aaacfyzu,HfVGe,train
mp-aaacfzah,KMnBi,train
mp-aaacfzam,LaPbAu,train
mp-aaacfyzt,HoFeSi,test
mp-aaacfzbd,Li3CeSb2,train
mp-aaacfyzz,HoSI,test
mp-aaacfzan,LaSbPd,train
mp-aaacfzax,LaTlZn,train
mp-aaacfyzy,In2Cu,train
mp-aaacfzbe,Li3CeBi2,train
mp-aaacfzaa,HoTe2,train
mp-aaacfzai,LaCoSi,test
mp-aaacfzag,LaAl2BRu2,train
mp-aaacfzav,LaTlCd,train
mp-aaacfzae,KCdAs,train
mp-aaacfzaj,LaCuPb,train
mp-aaacfzao,LaGe2Ir3,train
mp-aaacfzat,LaS2,test
mp-aaacfzaz,LaZnGa,train
mp-aaacfyzw,HoSe2,train
mp-aaacfzab,IrN2,train
mp-aaacfzbg,Li3HoSb2,train
mp-aaacfzal,LaNi3Rh2,train
mp-aaacfzap,LaSbTe,train
mp-aaacfzau,LaTeCl,train
mp-aaacfzba,LaZnIn,train
mp-aaacfzbf,Li3DySb2,train
mp-aaacfyzx,HoZnIn,train
mp-aaacfzad,BaTi2As2O,train
mp-aaacfzaf,KMgP,train
mp-aaacfzcj,LuSe2,test
mp-aaacfzdh,NdSe2,train
mp-aaacfzby,Li3YBi2,train
mp-aaacfzbm,Li3PrBi2,train
mp-aaacfzbk,Li3LaBi2,train
mp-aaacfzbv,Li3PrSb2,train
mp-aaacfzbz,LiBeB,train
mp-aaacfzcl,Mg2Sn,test
mp-aaacfzbi,Li3LaAs2,train
mp-aaacfzcc,LiMnSb,train
mp-aaacfzch,LiY(CuP)2,train
mp-aaacfzct,MnCoSb,train
mp-aaacfzcw,MoSeS,train
mp-aaacfzdb,NbGeSb,test
mp-aaacfzck,Mg2Ge,train
mp-aaacfzcz,MoS2,train
mp-aaacfzcp,MgSc3Ru2,train
mp-aaacfzcs,MnGaGe,train
mp-aaacfzcy,MgCoGe,train
mp-aaacfzcm,Mg2Si,train
mp-aaacfzci,LuS2,train
mp-aaacfzco,MgCuGe,train
mp-aaacfzbw,Li3SmBi2,test
mp-aaacfzdd,NdCoP,train
mp-aaacfzde,NdSbTe,test
mp-aaacfzbx,Li3SmSb2,train
mp-aaacfzcb,LiFeAs,train
mp-aaacfzdc,NbGeAs,train
mp-aaacfzbl,Li3NdSb2,train
mp-aaacfzcn,MgAgSb,train
mp-aaacfzda,Na2Cl,test
mp-aaacfzca,LiCe(CuP)2,test
mp-aaacfzcf,LiO2,train
mp-aaacfzcq,MnCuAs,train
mp-aaacfzcu,MnS2,train
mp-aaacfzdi,NdTeCl,train
mp-aaacfzdf,NdSbPd,train
mp-aaacfzcx,MoSe2,train
mp-aaacfzfy,PdO2,train
mp-aaacfzgc,PaP2,train
mp-aaacfzge,PrCoSi,train
mp-aaacfzep,OsN2,train
mp-aaacfzdt,NpTe2,train
mp-aaacfzdn,NiPRh,test
mp-aaacfzdj,NdTlCd,train
mp-aaacfzdm,NdZnIn,test
mp-aaacfzdo,NpSbTe,train
mp-aaacfzen,OsN,train
mp-aaacfzgi,PrPbAu,test
mp-aaacfzia,PrSe2,train
mp-aaacfzij,RbMnBi,train
mp-aaacfzgm,PrCuPb,train
mp-aaacfzeo,OsC2,train
mp-aaacfzeq,OsN2,train
mp-aaacfzds,NpSeO,train
mp-aaacfzfs,PaSb2,train
mp-aaacfzgf,PrCuSn,test
mp-aaacfzig,PrZnGa,train
mp-aaacfzdl,NdTlZn,train
mp-aaacfzdq,NdGeAu,test
mp-aaacfzii,Re2N,train
mp-aaacfzga,PdCl2,train
mp-aaacfzih,PtN2,train
mp-aaacfzdp,NdPbAu,test
mp-aaacfzib,PrTeCl,test
mp-aaacfzgl,PrSbPd,train
mp-aaacfzgh,PrFeSi,test
mp-aaacfzgj,PrCoP,train
mp-aaacfzgo,PrSbPt,train
mp-aaacfzic,PrTlCd,test
mp-aaacfzgd,PdCl2,train
mp-aaacfzhw,PrSbTe,train
mp-aaacfzim,PrZnIn,train
mp-aaacfzio,PuSe2,train
mp-aaacfzon,SmGeRu,train
mp-aaacfznn,ReN2,test
mp-aaacfzml,ReN2,test
mp-aaacfzin,PuSbTe,train
mp-aaacfzoi,CaSnHg,train
mp-aaacfzmi,ReN,train
mp-aaacfznk,ReN2,test
mp-aaacfzny,PrGeAu,train
mp-aaacfzoo,SmPbAu,test
mp-aaacfzud,SmTlCd,train
mp-aaacfznt,KMgAs,train
mp-aaacfzof,SmGeAu,test
mp-aaacfzog,SmMnSi,train
mp-aaacfznh,ReN2,test
mp-aaacfznm,RuN2,test
mp-aaacfzom,SmCoSi,train
mp-aaacfznr,CaSnHg,train
mp-aaacfzug,SrF2,train
mp-aaacfzub,SmSe2,test
mp-aaacfzmh,ReC2,train
mp-aaacfzod,SmCoP,train
mp-aaacfzoj,KMgBi,train
mp-aaacfztm,Pd2N,test
mp-aaacfzpq,SmSbTe,train
mp-aaacfzni,ReN2,test
mp-aaacfznv,LaSe2,test
mp-aaacfzmk,ReC2,train
mp-aaacfzob,SiC2,train
mp-aaacfzoh,SmSbPd,train
mp-aaacfzol,PuTe2,train
mp-aaacfznq,CN2,train
mp-aaacfzue,SmTlZn,train
mp-aaacfznx,PaP2,train
mp-aaacfztn,PdN2,test
mp-aaacfzuf,SmZnGa,test
mp-aaacfzoe,SmFeSi,train
mp-aaacfzuh,SrSnHg,train
mp-aaacfzwl,TbSbPd,train
mp-aaacfzuv,TaTi2N3,train
mp-aaacfzwp,TcN,train
mp-aaacfzuo,SmTe2,train
mp-aaacfzvb,SrZnSn,train
mp-aaacfzut,TaN2,test
mp-aaacfzwm,Tc2N,train
mp-aaacfzwu,TbTe2,test
mp-aaacfzyd,ThSbSe,test
mp-aaacfzye,ThPSe,train
mp-aaacfzva,TbGeAu,test
mp-aaacfzuk,Ta2N3O,test
mp-aaacfzus,Ta2TiN3,train
mp-aaacfzvd,Ta2N3F,train
mp-aaacfzuu,TaN2,test
mp-aaacfzux,TbCuSn,test
mp-aaacfzyg,ThBiTe,train
mp-aaacfzws,Te2W,train
mp-aaacfzuy,TaSe2,train
mp-aaacfzwt,Th2HN3,test
mp-aaacfzyh,ThTeAs,train
mp-aaacfzur,Sr2H3I,test
mp-aaacfzyx,AlB3N4,train
mp-aaacfzuz,SrHgPb,train
mp-aaacfzyb,ThAsSe,train
mp-aaacfzyy,Al3BN4,train
mp-aaacfzyw,Al3GaN4,train
mp-aaacfzwn,TcB2,train
mp-aaacfzvc,SrZnPb,test
mp-aaacfzyc,ThAsS,train
mp-aaacfzyf,ThSbTe,train
mp-aaacfzyv,Al(PO3)3,train
mp-aaacgaed,Ba3Ga3N5,test
mp-aaacgadx,B2S2O9,train
mp-aaacgaea,AlPO4,train
mp-aaacfzyz,Al7Si3BO18,train
mp-aaacgadz,AlPO4,train
mp-aaacgaef,Ba4Mg(SiN3)2,test
mp-aaacgaec,AlPO4,train
mp-aaacgadw,AlGa3N4,train
mp-aaacgaee,Ba4GaN3O,train
mp-aaacgaek,Ba2B10O17,train
mp-aaacgaeh,Ba2NaO,train
mp-aaacgaei,Ba3Ca2(SiN3)2,test
mp-aaacgaeg,Ba2CaSi4(BO7)2,train
mp-aaacgady,AlPO4,train
mp-aaacgaem,Ba3P6(N4O3)2,train
mp-aaacgaeb,AlPO4,train
mp-aaacgaej,Ba3MgGeN4,train
mp-aaacgael,Ba3NaY3(Si3O10)2,train
mp-aaacgaer,Ba8Al10B12O41,train
mp-aaacgaep,Ba3Y2(B2O5)3,train
mp-aaacgafb,BaB2S3O13,train
mp-aaacgafd,BaCa3O4,train
mp-aaacgaen,Ba3ZnB5PO14,train
mp-aaacgaet,BaAl2Si3(NO)4,train
mp-aaacgaes,Ba2P2O7,train
mp-aaacgaez,BaAlSi4N5O3,train
mp-aaacgaeq,Ba2Mg(BO2)6,train
mp-aaacgaeu,BaAl4O7,train
mp-aaacgaew,BaAl4O7,train
mp-aaacgaex,BaAl2(SiO4)2,test
mp-aaacgafg,BaZrO3,train
mp-aaacgaev,Ba9Y2(SiO4)6,test
mp-aaacgafe,BaCaB2O5,train
mp-aaacgaeo,Ba3Si2(B3O8)2,train
mp-aaacgaff,BaCaP2O7,test
mp-aaacgafk,BaGe(S2O7)3,train
mp-aaacgafu,BaSr2Mg(SiO4)2,train
mp-aaacgafi,BaY4Si5O17,train
mp-aaacgaft,BaS4O13,train
mp-aaacgafo,Ca16(SiN2)17,train
mp-aaacgaga,Ca6Ge2O,train
mp-aaacgafq,BaNaB5O9,train
mp-aaacgafj,BaLi2Mg(PO4)2,train
mp-aaacgafw,Ca2B2O5,train
mp-aaacgafz,Ca2SiO4,test
mp-aaacgafl,BaMg2Si2O7,train
mp-aaacgafn,BaNa2Mg(PO4)2,train
mp-aaacgafx,Ca2GeO4,train
mp-aaacgafv,Ca2B2O5,train
mp-aaacgafh,Be(PN2)2,train
mp-aaacgafr,BaNaLi3(BO2)6,train
mp-aaacgagb,Ca3Ga2(GeO4)3,train
mp-aaacgafm,BeGeN2,train
mp-aaacgafy,Ca2SiO4,test
mp-aaacgagp,CaMg3SiN4,train
mp-aaacgagj,CaAl2SiO6,train
mp-aaacgagl,Ca4Al6SO16,train
mp-aaacgagc,Ca3ZnGe5O14,train
mp-aaacgagg,Ca8Si5O18,train
mp-aaacgagi,CaAl2SiO6,train
mp-aaacgagt,CaAl2SiO6,train
mp-aaacgagm,Ca4SiN4,train
mp-aaacgagr,CaS3O10,train
mp-aaacgagf,Ca10Ge16(B2O17)3,train
mp-aaacgagu,CaAl2SiO6,train
mp-aaacgage,CaAl2SiO6,train
mp-aaacgago,Ca5(SiN3)2,test
mp-aaacgagq,CaMg(SiO3)2,train
mp-aaacgagw,CaAl2SiO6,train
mp-aaacgagx,CaAl2SiO6,train
mp-aaacgahc,Ce2B8O15,train
mp-aaacgahf,Ce5Zr3O16,test
mp-aaacgahi,CeGaO3,train
mp-aaacgahk,CeZr3O8,train
mp-aaacgahb,Ce3ZrO8,test
mp-aaacgahr,Cs2Li5(BO2)7,test
mp-aaacgahd,Ce(PO3)4,train
mp-aaacgahn,Cs2BaP2O7,test
mp-aaacgahm,Cs2Al2B2O7,test
mp-aaacgagz,Ce3Zr5O16,train
mp-aaacgahs,Cs3BO3,train
mp-aaacgahl,CeZr7O16,train
mp-aaacgahg,CeZrO4,test
mp-aaacgahp,Cs2Ba3(P2O7)2,test
mp-aaacgahh,Ce4B14O27,train
mp-aaacgahj,CePO4,train
mp-aaacgaho,Cs2B2S3O13,test
mp-aaacgahq,Cs2Li2B2P4O15,train
mp-aaacgahz,Cs3Li4(BO2)7,train
mp-aaacgahy,Cs3Y(PO4)2,train
mp-aaacgahu,Cs2MgSi5O12,train
mp-aaacgaht,Cs2Sr2Li3B3(PO4)6,train
mp-aaacgalo,CsBaLiP2O7,train
mp-aaacgalt,Cs4Si3O8,train
mp-aaacgalv,CsLi(B3O5)2,train
mp-aaacgalq,CsB5O8,train
mp-aaacgahv,Cs2Na2Sr(B3O5)6,train
mp-aaacgahw,Cs4ZnO3,test
mp-aaacgalw,CsLi4(BO2)5,train
mp-aaacgaly,CsBe4(BO3)3,train
mp-aaacgalx,CsBS3O11,train
mp-aaacgalu,CsCa10(PO4)7,train
mp-aaacgamp,BaNaEu(SiO3)3,train
mp-aaacgama,CsZr2Al(PO4)4,test
mp-aaacgami,RbEu(PO3)4,test
mp-aaacgaml,EuAl3(BO3)4,test
mp-aaacgamd,CsZn4(BO3)3,test
mp-aaacgamb,CsMgBO3,train
mp-aaacgamm,EuAl2O4,train
mp-aaacgamn,Eu(NO3)3,train
mp-aaacgamg,EuMg3SiN4,train
mp-aaacgame,LiEuO2,train
mp-aaacgamh,NaEuGeO4,train
mp-aaacgalz,CsSi2BO6,train
mp-aaacgamo,EuBN2,train
mp-aaacgamf,CsY(PO3)4,train
mp-aaacgamj,Eu3AlO5,train
mp-aaacgamk,EuZn(BO2)5,train
mp-aaacgaoj,K2Na3P3O10,train
mp-aaacgamq,CsEu(PO3)4,train
mp-aaacgamu,GaB3N4,test
mp-aaacgaod,K2Ge(S2O7)3,train
mp-aaacgamw,SiO2He,train
mp-aaacgamv,SiO2He,train
mp-aaacgamr,KEu(PO3)4,test
mp-aaacgaoh,K2Mg2Si2O7,train
mp-aaacgamt,Eu2Ge(BO4)2,train
mp-aaacgamz,K2Ca3Si3O10,train
mp-aaacgaoc,K2CeAl(SiO3)4,train
mp-aaacganb,K2Ca3Si3O10,train
mp-aaacgaog,K2Li3B(P2O7)2,test
mp-aaacgams,BaEu2O4,test
mp-aaacgana,K2Ca4Si8O21,train
mp-aaacgamx,Ga3BN4,train
mp-aaacgamy,K2Al2Si3O10,train
mp-aaacgaof,K2La2B2O7,train
mp-aaacgaop,K2NaZn(BO2)5,train
mp-aaacgaok,K2LiB(PO4)2,train
mp-aaacgaor,K3B(SO4)3,test
mp-aaacgaov,K3La(PO4)2,train
mp-aaacgaoo,K3Zn(BO2)5,train
mp-aaacgaoy,K4P2O7,test
mp-aaacgaow,K3LiP2O7,train
mp-aaacgaol,K2S2O3,train
mp-aaacgaot,K2Zn(PO3)4,test
mp-aaacgaoz,K5B(SO4)4,train
mp-aaacgaoq,K4Al3(SiO4)3,train
mp-aaacgaon,K2Si(S2O7)3,train
mp-aaacgapb,K8NO3,train
mp-aaacgaom,K2SN2O5,train
mp-aaacgaou,K2ZrSi2O7,train
mp-aaacgapc,K8N3O,test
mp-aaacgapd,K8PO3,test
mp-aaacgapf,KAl9O14,train
mp-aaacgapk,KBe2B3O7,train
mp-aaacgast,La3BN2O3,train
mp-aaacgasm,KNa2BN2,train
mp-aaacgapg,KB(SO4)2,train
mp-aaacgapi,KMg6P7O24,train
mp-aaacgasu,La5S4NO2,train
mp-aaacgape,KAl(PO3)4,train
mp-aaacgasn,KSi2BO6,test
mp-aaacgapl,KBe2B3O7,train
mp-aaacgasw,LaPO4,train
mp-aaacgass,La4B10O21,test
mp-aaacgaph,KB(S2O7)2,train
mp-aaacgasp,KPSO2,train
mp-aaacgasq,La2B8O15,test
mp-aaacgasr,La3Si6N11,train
mp-aaacgasv,LaNO4,train
mp-aaacgaxe,Li2Ca3N6,train
mp-aaacgavn,LaSi3N5,train
mp-aaacgaxh,Li2S2O7,train
mp-aaacgaxf,Li14P2(N2O)3,train
mp-aaacgaxo,Li8NO3,train
mp-aaacgaxd,Li2Ca2Si2O7,train
mp-aaacgaxi,Li3B11O18,train
mp-aaacgaxk,Li4Ca2Mg(SiN3)2,train
mp-aaacgavo,LaZn(BO2)5,train
mp-aaacgaxn,Li2PNO2,train
mp-aaacgaxr,Li3AlSiO5,train
mp-aaacgaxt,LiB3O5,train
mp-aaacgaxm,Li5B(SO4)4,test
mp-aaacgaxs,Li6B4O9,train
mp-aaacgaxg,Li2Ge4O9,test
mp-aaacgaxj,Li2B3PO8,train
mp-aaacgaxq,Li3B(PO4)2,train
mp-aaacgbba,Mg2SiO4,train
mp-aaacgaza,Mg(NO3)2,train
mp-aaacgaxx,Li8PO3,train
mp-aaacgayy,LiCa3Si2N5,test
mp-aaacgazc,LiB(S2O7)2,train
mp-aaacgbbe,MgSi2O5,train
mp-aaacgbaw,LiB(SO4)2,train
mp-aaacgaxu,LiBeBO3,test
mp-aaacgaxy,LiAl(GeO3)2,test
mp-aaacgaxv,Li4P2O7,train
mp-aaacgazb,LiGe2N3,train
mp-aaacgbbc,Mg2SiO4,train
mp-aaacgbay,LiCaMgSiN3,test
mp-aaacgaxz,LiCaAlN2,train
mp-aaacgayz,LiLaO2,train
mp-aaacgbaz,LiMg3P3O11,test
mp-aaacgbax,LiCaAl3N4,train
mp-aaacgbbh,MgSiO3,test
mp-aaacgaya,Li8N3O,test
mp-aaacgbbf,MgSiO3,test
mp-aaacgbbm,MgS2O7,train
mp-aaacgbcx,Na2Si(S2O7)3,train
mp-aaacgbcf,Na2Al2Si3O10,train
mp-aaacgbbo,MgSiO3,test
mp-aaacgbci,Na2Be4B4O11,train
mp-aaacgbbn,MgSiO3,test
mp-aaacgbbp,MgSiO3,test
mp-aaacgbck,Na2LiB5(PO7)2,train
mp-aaacgbbi,MgSiO3,test
mp-aaacgbcl,Na2Mg2P3NO9,train
mp-aaacgbcy,Na3Zn(BO2)5,train
mp-aaacgbcg,Na2B4O7,train
mp-aaacgbcj,Na2Ge(S2O7)3,train
mp-aaacgbdr,Na6Si2O7,train
mp-aaacgbtn,Rb8NO3,train
mp-aaacgbdb,Na3Li2Al(SiO4)2,train
mp-aaacgbcz,Na3Al2(PO4)3,train
mp-aaacgbef,KNO3,test
mp-aaacgbdt,Na2ZnB6O11,train
mp-aaacgbdc,Na3LiP2O7,train
mp-aaacgbtj,SrMg3SiN4,test
mp-aaacgbta,Sr4S3O,train
mp-aaacgbto,Sr4Li2Si4N8O,train
mp-aaacgbtr,Rb8PO3,train
mp-aaacgbkr,MgSiO3,test
mp-aaacgbts,NaGa(GeO3)2,train
mp-aaacgbtk,ZrSiO4,train
mp-aaacgbtq,Zn2SiO4,train
mp-aaacgbtm,Na8N3O,train
mp-aaacgbds,Na2SrMg(PO4)2,test
mp-aaacgbda,Na4Mg3P4O15,train
mp-aaacgbtv,Na5B(SO4)4,train
mp-aaacgbuj,Rb5GaO4,train
mp-aaacgbue,SiP2O7,test
mp-aaacgbuc,SrBe2(PO4)2,test
mp-aaacgbul,Y2SiP4O15,test
mp-aaacgbuu,NaBe(BO2)3,train
mp-aaacgbug,Zn2SiO4,train
mp-aaacgbut,ZnSiO3,test
mp-aaacgbuw,Zr2Ga(PO4)3,train
mp-aaacgbuf,Zn2SiO4,train
mp-aaacgbtu,Y4Si2S3O7,train
mp-aaacgbus,SrZrO3,train
mp-aaacgbuh,SrGe2(BO4)2,train
mp-aaacgbur,RbBe2B3O7,train
mp-aaacgbuv,Rb8N3O,test
mp-aaacgbum,RbMgPO4,train
mp-aaacgbui,Sr2Si(S2O7)4,train
mp-aaacgbuq,Rb5Li6(BO2)11,train
mp-aaacgbvg,Zn2SiO4,train
mp-aaacgbva,Rb2Na(NO3)3,test
mp-aaacgbve,SrMgB2O5,train
mp-aaacgbvn,Rb3Zn(BO2)5,train
mp-aaacgbvd,RbMgBO3,test
mp-aaacgbuy,SrGe(PO4)2,train
mp-aaacgbvi,Na8PO3,train
mp-aaacgbvh,Sr3BeB6O13,train
mp-aaacgbvq,NaLi2B(PO4)2,train
mp-aaacgbvb,ZnGeO3,train
mp-aaacgbuz,SrMgP3N5O2,train
mp-aaacgbvp,Na8NO3,train
mp-aaacgbvl,Rb2Ca2(SiO3)3,train
mp-aaacgbvs,NaLaSiO4,train
mp-aaacgbux,SrLiAl3N4,train
mp-aaacgbvr,Sr2LiBeB3O8,train
mp-aaacgbvc,RbB3O5,train
mp-aaacgbvm,Sr3Y2(BO3)4,train
mp-aaacgbwp,Y(NO3)3,test
mp-aaacgbxv,SiGeN2O,train
mp-aaacgbwb,NaSr(PO3)3,train
mp-aaacgbwg,Rb4B2S4O17,train
mp-aaacgbvy,SrBeB2O5,train
mp-aaacgbwf,NaAl(SiO3)2,train
mp-aaacgbvu,Sr3Ge2(B3O8)2,test
mp-aaacgbwo,SrB4O7,train
mp-aaacgbwk,Li4P2O7,train
mp-aaacgbvz,NaB(S2O7)2,train
mp-aaacgbxb,NaCa(PO3)3,train
mp-aaacgbxw,Sr2Ge(S2O7)4,test
mp-aaacgbwc,NaB(SO4)2,train
mp-aaacgbwi,Rb2Li5(BO2)7,train
mp-aaacgbwh,Si(GeN2)2,train
mp-aaacgbwa,RbY(PO3)4,train
mp-aaacgbye,ZnSiN2,test
mp-aaacgbyd,Rb2Si(S2O7)3,train
mp-aaacgbxx,Rb2Li3B(P2O7)2,train
mp-aaacgbyj,Zn2SiO4,train
mp-aaacgbxz,Rb2GeB4O9,test
mp-aaacgbyh,Sr6Y2Al4O15,train
mp-aaacgbzf,PSN9,train
mp-aaacgbyg,Y4AlSiNO8,train
mp-aaacgbyn,Zn2SiO4,train
mp-aaacgbyb,Sr5(Ga3O7)2,train
mp-aaacgbyi,Rb3B(SO4)3,train
mp-aaacgbxy,SrY2Si3O10,train
mp-aaacgbyp,Sr2Ga2O5,train
mp-aaacgbyq,Na7Al4P9O32,train
mp-aaacgbyr,Sr4Li2B12O23,train
mp-aaacgbzg,YBe2B5O11,test
mp-aaacgctv,LiMg6Cr,test
mp-aaacgcdw,Rb2MgSi5O12,train
mp-aaacgcbl,Y(PO3)3,test
mp-aaacgcpf,LaMg6Nb,train
mp-aaacgchf,Y(PO3)3,test
mp-aaacgcpr,CeMg6Mo,train
mp-aaacgcpt,CeMg6Mo,train
mp-aaacgcrh,NaLaMg6,train
mp-aaacgctr,CeMg6Cd,test
mp-aaacgctx,LiMg6Sb,train
mp-aaacgcpp,NaMg6Si,train
mp-aaacgcpn,LaMg6Ga,train
mp-aaacgctc,LaMg6Si,train
mp-aaacgcty,LiMg6Ga,train
mp-aaacgcph,CsMg6Si,train
mp-aaacgcpi,SrLaMg6,train
mp-aaacgcrc,NaLaMg6,train
mp-aaacgcpg,LaMg6Sb,train
mp-aaacgcts,LiMg6Sb,train
mp-aaacgcpj,BaLaMg6,test
mp-aaacgcfg,Rb4Ge3B6O17,train
mp-aaacgcpl,CsLaMg6,train
mp-aaacgcps,CeHfMg6,train
mp-aaacgcpu,NaCeMg6,train
mp-aaacgctz,LiMg6C,train
mp-aaacgcpm,CeMg6C,train
mp-aaacgcpq,NaMg6Si,train
mp-aaacgctt,LiMg6Bi,train
mp-aaacgctw,LiMg6Cd,train
mp-aaacgcpo,CeHfMg6,train
mp-aaacgcri,CeMg6W,train
mp-aaacgcrj,CeMg6W,train
mp-aaacgctu,LiMg6Cd,train
mp-aaacgcup,KMg6Bi,train
mp-aaacgcul,LiMg6Cr,test
mp-aaacgcud,LiMg6Si,train
mp-aaacgcun,LiLaMg6,train
mp-aaacgcuv,KMg6Cr,train
mp-aaacgcuc,NaLiMg6,train
mp-aaacgcut,KBaMg6,train
mp-aaacgcus,KMg6Cd,train
mp-aaacgcuk,RbLiMg6,train
mp-aaacgcvk,LiMg6Nb,train
mp-aaacgcuo,KMg6Bi,train
mp-aaacgcuz,LiMg6Mo,test
mp-aaacgcvh,KHfMg6,train
mp-aaacgcua,LiMg6Bi,train
mp-aaacgcuq,LiLaMg6,train
mp-aaacgcuj,CsLiMg6,train
mp-aaacgcux,HfMg6Ti,train
mp-aaacgcvm,Mg6TiGa,train
mp-aaacgcuf,LiMg6B,train
mp-aaacgcui,RbLaMg6,test
mp-aaacgcum,KMg6Cd,train
mp-aaacgcvb,KMg6Cr,train
mp-aaacgcvj,RbLiMg6,train
mp-aaacgcvr,LiC12,train
mp-aaacgcvd,KLiMg6,train
mp-aaacgcue,LiMg6Nb,train
mp-aaacgcuw,KSrMg6,train
mp-aaacgcuy,KNaMg6,train
mp-aaacgcvq,LiMg6W,test
mp-aaacgcvo,Mg6TiBi,test
mp-aaacgcvi,Mg6TiB,test
mp-aaacgcuu,KMg6Ga,train
mp-aaacgcvf,KMg6Nb,train
mp-aaacgcvp,Mg6TiSb,train
mp-aaacgcvc,CsLiMg6,train
mp-aaacgcve,HfMg6Ti,train
mp-aaacgcug,SrLiMg6,train
mp-aaacgcub,NaLiMg6,train
mp-aaacgcuh,LiMg6Si,train
mp-aaacgcur,KMg6Sb,train
mp-aaacgcva,LiMg6B,train
mp-aaacgcvg,Mg6TiGa,train
mp-aaacgcvn,Mg6TiB,test
mp-aaacgcvl,SrLiMg6,train
mp-aaacgcwj,Mg6TiSb,train
mp-aaacgcxa,LiMg6Ti,train
mp-aaacgcvv,KLiICl,test
mp-aaacgcxq,Mg6TiC,train
mp-aaacgcvy,Rb2Ge(S2O7)3,train
mp-aaacgcxh,NaMg6Ti,train
mp-aaacgcwv,KLiMg6,train
mp-aaacgcxg,KMg6Nb,train
mp-aaacgcxx,Mg6TiMo,train
mp-aaacgcxt,Mg6SnBi,train
mp-aaacgcvw,H4C,train
mp-aaacgcwm,Mg6TiNb,train
mp-aaacgcwt,Mg6TiW,test
mp-aaacgcxo,Mg6SnBi,train
mp-aaacgcxp,LaMg6Ti,train
mp-aaacgcxs,CsKMg6,train
mp-aaacgcwr,Mg6TiCr,train
mp-aaacgcwx,KMg6Ga,train
mp-aaacgcxe,Mg6TiBi,test
mp-aaacgcxl,Mg6TiSi,train
mp-aaacgcxk,Mg6TiSi,train
mp-aaacgcxm,HfMg6Sn,train
mp-aaacgcxu,HfMg6Sn,train
mp-aaacgcxd,Mg6TiCd,train
mp-aaacgcwq,KRbMg6,train
mp-aaacgcxw,Mg6CdSn,train
mp-aaacgcwp,Mg6TiCd,train
mp-aaacgcxv,Mg6CrSn,train
mp-aaacgcwo,KNaMg6,train
mp-aaacgcws,KMg6C,train
mp-aaacgcwu,Mg6TiNb,train
mp-aaacgcxc,KMg6Si,train
mp-aaacgcya,Mg6TiW,test
mp-aaacgcwk,LiMg6C,train
mp-aaacgcxn,Mg6SnSb,train
mp-aaacgcwz,BaLiMg6,train
mp-aaacgcwn,KBaMg6,train
mp-aaacgcxb,LiMg6Ti,train
mp-aaacgcxz,RbMg6Ti,train
mp-aaacgcww,Mg6TiCr,train
mp-aaacgcwy,Mg6TiMo,train
mp-aaacgcxi,KRbMg6,train
mp-aaacgcxy,NaMg6Ti,train
mp-aaacgcyk,Mg6GaSn,train
mp-aaacgcym,Mg6SnMo,train
mp-aaacgcyr,Mg6GaSn,train
mp-aaacgcyu,CsMg6Sn,train
mp-aaacgcyb,Mg6CrSn,train
mp-aaacgczj,CsMg6Ti,train
mp-aaacgdam,Mg6SnB,test
mp-aaacgcyi,Mg6SnC,train
mp-aaacgczf,LaMg6Sn,test
mp-aaacgczl,Mg6SiSn,test
mp-aaacgcyd,Mg6SnW,train
mp-aaacgcyl,SrMg6Sn,train
mp-aaacgcyy,NaMg6Sn,train
mp-aaacgczv,CsNaICl,train
mp-aaacgcze,NaMg6Sn,train
mp-aaacgczh,BaMg6Sn,train
mp-aaacgcyh,Mg6SnSb,train
mp-aaacgcyf,KMg6Si,train
mp-aaacgcye,KLaMg6,train
mp-aaacgcyp,Mg6NbSn,train
mp-aaacgcyt,LiMg6Sn,train
mp-aaacgcyw,KMg6B,test
mp-aaacgcza,Mg6SnW,train
mp-aaacgczi,KMg6Sn,train
mp-aaacgdao,KMg6C,train
mp-aaacgdbc,H6PbCNCl3,train
mp-aaacgcyv,LiMg6Mo,test
mp-aaacgczb,LaMg6Sn,test
mp-aaacgcyn,Mg6NbSn,train
mp-aaacgcyo,LiMg6Sn,train
mp-aaacgcyz,RbMg6Sn,train
mp-aaacgczc,Mg6SiSn,test
mp-aaacgcyx,SrMg6Sn,train
mp-aaacgczk,KLaMg6,train
mp-aaacgczg,CeMg6Ti,train
mp-aaacgcyc,LaMg6Ti,train
mp-aaacgczo,KMg6Mo,train
mp-aaacgcyg,Mg6SnMo,train
mp-aaacgdba,BaMg6Ti,train
mp-aaacgczn,KMg6Ti,train
mp-aaacgczp,RbMg6Sn,train
mp-aaacgcyj,KMg6Mo,train
mp-aaacgdan,Mg6VC,train
mp-aaacgdct,Ba2Y(CuO2)3,train
mp-aaacgdce,Cd4SF6,train
mp-aaacgdbe,CsPPb(IF3)2,test
mp-aaacgdbz,Mg6TiC,train
mp-aaacgdcq,Ba2NbFeO6,train
mp-aaacgdbw,CeSe2,train
mp-aaacgdcs,La(P3Os)4,train
mp-aaacgdcj,Li2SiSnS4,train
mp-aaacgdcy,LuO3,train
mp-aaacgdbq,SrMg6Ti,train
mp-aaacgdcg,Cd5(S2Cl)2,test
mp-aaacgdcw,LiGe2(PO4)3,train
mp-aaacgddc,K2Sn,test
mp-aaacgdcu,Ce(As3Ru)4,train
mp-aaacgdde,CsCr5S8,train
mp-aaacgdbd,Na2ZnSe2,test
mp-aaacgdck,P3Pd,train
mp-aaacgdcv,Ce(FeAs3)4,train
mp-aaacgdbf,KMg6B,test
mp-aaacgdbv,CsMg6Sn,train
mp-aaacgdcx,CdS,train
mp-aaacgddh,LiCeMg6,test
mp-aaacgddi,VO2,train
mp-aaacgdbj,KHfMg6,train
mp-aaacgdcb,IrO3,train
mp-aaacgdcc,Sn4SF6,train
mp-aaacgdcl,Cu2Se,train
mp-aaacgdcp,SiO2,train
mp-aaacgdca,KMg6Ti,train
mp-aaacgdci,CsKMg6,train
mp-aaacgdcr,Ce(P3Os)4,train
mp-aaacgdda,NaGe2(PO4)3,train
mp-aaacgddg,BaMg6Ti,train
mp-aaacgdef,CeMg6Ti,train
mp-aaacgdji,HfMg6V,train
mp-aaacgdiw,AlSi,test
mp-aaacgdiq,NbInRu,train
mp-aaacgdea,Mg6SnC,train
mp-aaacgdjq,Mg6VGa,train
mp-aaacgdjk,HfMg6V,train
mp-aaacgdjp,Mg6VGa,train
mp-aaacgdka,Mg6VB,train
mp-aaacgdjr,Mg6VSi,train
mp-aaacgdjy,Mg6VSi,train
mp-aaacgdjh,Mg6TiSn,train
mp-aaacgdjc,Sr2CuC(NO)2,test
mp-aaacgdij,Mg6VSb,train
mp-aaacgdik,CeMg6Sn,train
mp-aaacgdjv,LiMg6V,train
mp-aaacgdio,Mg6VSb,train
mp-aaacgdiy,In3Sb,train
mp-aaacgdjx,SrMg6V,test
mp-aaacgdff,SrMg6Ti,train
mp-aaacgdip,K2CuO2,test
mp-aaacgdiz,Ba2CuC(NO)2,train
mp-aaacgdja,TiAgSe2,train
mp-aaacgdkb,Mg6TiV,train
mp-aaacgdix,IClO3,train
mp-aaacgdjl,Mg6VCd,train
mp-aaacgdkd,Mg6NbV,train
mp-aaacgdjn,NaMg6V,train
mp-aaacgdim,LiCeMg6,test
mp-aaacgdjs,Mg6NbV,train
mp-aaacgdju,Mg6VCr,train
mp-aaacgdjt,Mg6VW,train
mp-aaacgdje,NiCl,train
mp-aaacgdjo,NaMg6V,train
mp-aaacgdjz,Mg6VCr,train
mp-aaacgdjf,Mg6VBi,train
mp-aaacgdjg,Mg6VBi,train
mp-aaacgdjj,Mg6VCd,train
mp-aaacgdjm,LiMg6V,train
mp-aaacgdjw,LaMg6V,train
mp-aaacgdkc,BaMg6V,test
mp-aaacgdke,LaMg6V,train
mp-aaacgdkh,Mg6NiBi,test
mp-aaacgdkf,KMg6V,train
mp-aaacgdky,BaMg6V,test
mp-aaacgdkm,Mg6TiV,train
mp-aaacgdnw,Mg6NiB,train
mp-aaacgdpw,KMg6V,train
mp-aaacgdlz,RbMg6V,train
mp-aaacgdmd,RbMg6V,train
mp-aaacgdno,Mg6NiW,test
mp-aaacgdnd,Mg6GaNi,train
mp-aaacgdqy,Mg6NbNi,train
mp-aaacgdrs,Mg6NiSn,train
mp-aaacgdle,Mg6VC,train
mp-aaacgdlg,Mg6GaNi,train
mp-aaacgdmj,Mg6NiW,test
mp-aaacgdkg,Mg6TiSn,train
mp-aaacgdkn,Mg6VSn,train
mp-aaacgdkj,KCeMg6,train
mp-aaacgdku,SrMg6V,test
mp-aaacgdkz,NaMg6Ni,train
mp-aaacgdkq,Mg6VSn,train
mp-aaacgdnq,HfMg6Ni,train
mp-aaacgdqr,Mg6CrNi,train
mp-aaacgduq,Mg6NiBi,test
mp-aaacgdnc,Mg6VMo,train
mp-aaacgdsf,Mg6NiSn,train
mp-aaacgdmy,Mg6CdNi,train
mp-aaacgdtu,BaNb2(FeO3)4,train
mp-aaacgdko,Mg6VMo,train
mp-aaacgdlp,Mg6NiMo,train
mp-aaacgdrw,Mg6NiC,train
mp-aaacgdnf,Mg6VB,train
mp-aaacgdkk,Mg6NiSb,train
mp-aaacgdsa,Mg6TiNi,train
mp-aaacgdsc,Mg6NiC,train
mp-aaacgdlj,RbMg6Ni,train
mp-aaacgdra,Mg6CrNi,train
mp-aaacgdrt,Mg6NiMo,train
mp-aaacgdud,KMg6Ni,train
mp-aaacgduj,Mg6VNi,train
mp-aaacgdmm,Mg6CdNi,train
mp-aaacgdsb,SrMg6Ni,test
mp-aaacgdwt,Mg6TiCo,train
mp-aaacgdxn,Mg6NbCo,train
mp-aaacgdvr,LiMg6Ni,test
mp-aaacgdvc,Mg6TiNi,train
mp-aaacgdxq,Mg6GaCu,train
mp-aaacgdyl,Mg6CoMo,train
mp-aaacgdxf,Mg6VNi,train
mp-aaacgdxm,CsMg6V,train
mp-aaacgdxy,Mg6CuBi,train
mp-aaacgdym,Mg6CoBi,test
mp-aaacgdyi,Mg6CoSn,train
mp-aaacgdxj,HfMg6Co,test
mp-aaacgdxd,Mg6NbCo,train
mp-aaacgdxu,Mg6CoSi,train
mp-aaacgdxw,Mg6CuBi,train
mp-aaacgdxh,Mg6CoMo,train
mp-aaacgdxr,Mg6CoC,train
mp-aaacgdyd,Mg6CuSb,train
mp-aaacgdyj,Mg6NbCu,test
mp-aaacgdxs,HfMg6Co,test
mp-aaacgdxz,Mg6CoW,train
mp-aaacgdxk,Mg6CoW,train
mp-aaacgdxo,Mg6CrCo,test
mp-aaacgdxp,Mg6CoSi,train
mp-aaacgdyb,LaMg6Ni,train
mp-aaacgdyc,Mg6CoSb,test
mp-aaacgdxl,Mg6NbNi,train
mp-aaacgdxv,BaMg6Ni,train
mp-aaacgdye,Mg6CrCu,train
mp-aaacgdyf,Mg6GaCo,train
mp-aaacgdxe,Mg6CdCo,train
mp-aaacgdvx,NaMg6Ni,train
mp-aaacgdxc,Mg6SiNi,test
mp-aaacgdya,Mg6TiCo,train
mp-aaacgdyh,Mg6CoSn,train
mp-aaacgdwz,Mg6CoSb,test
mp-aaacgdxi,LaMg6Ni,train
mp-aaacgdws,BaMg6Ni,train
mp-aaacgdxg,LiMg6Co,train
mp-aaacgdwx,Mg6CdCo,train
mp-aaacgdxx,Mg6CoB,test
mp-aaacgdwy,Mg6CoBi,test
mp-aaacgdxt,NaMg6Co,train
mp-aaacgdyk,Mg6CuMo,test
mp-aaacgdyv,Mg6CoC,train
mp-aaacgeae,Mg6CuB,train
mp-aaacgdyo,HfMg6Cu,train
mp-aaacgdyp,HfMg6Cu,train
mp-aaacgdzf,LaMg6Cu,train
mp-aaacgdyx,Mg6CuSb,train
mp-aaacgdzk,Mg6CuSn,train
mp-aaacgdzz,Mg6TiCu,train
mp-aaacgdze,NaMg6Cu,train
mp-aaacgdyq,Mg6CdCu,test
mp-aaacgdzo,KMg6Cu,test
mp-aaacgdzq,NaMg6Cu,train
mp-aaacgdzs,RbMg6Cu,train
mp-aaacgdzg,Mg6CrCo,test
mp-aaacgdzt,Mg6TiCu,train
mp-aaacgdyr,BaMg6Co,train
mp-aaacgdys,Mg6NbCu,test
mp-aaacgdyt,Mg6CdCu,test
mp-aaacgdzi,Mg6SiNi,test
mp-aaacgeaf,Mg6FeBi,test
mp-aaacgdyn,Mg6CoNi,train
mp-aaachmmp,Al(CoS2)2,test
mp-aaachmlv,Ti2AlO4,train
mp-aaachmmx,Zn(CoS2)2,train
mp-aaachmjr,YTi2O4,train
mp-aaachmlo,Y(CoS2)2,test
mp-aaachmlt,Li(MnS2)2,test
mp-aaachmlw,MgTi2O4,train
mp-aaachmka,Y(MnS2)2,train
mp-aaachmju,Ti2ZnS4,train
mp-aaachmkc,Li(CrS2)2,train
mp-aaachmmg,Y(TiS2)2,train
mp-aaachmkg,Y(CrS2)2,test
mp-aaachmmv,Y(CoS2)2,test
mp-aaachmmm,Mg(TiS2)2,train
mp-aaachmjw,Ca(FeS2)2,test
mp-aaachmml,Y(CrS2)2,test
mp-aaachmjj,Y(MnS2)2,train
mp-aaachmjx,Mg(CoS2)2,train
mp-aaachmme,Ti2ZnO4,train
mp-aaachmmj,Ca(CrS2)2,test
mp-aaachmmo,Mg(CoS2)2,train
mp-aaachmmq,YTi2O4,train
mp-aaachmop,YMn2O4,test
mp-aaachmpf,Al(NiS2)2,test
mp-aaachmpb,Mn2AlS4,train
mp-aaachmpr,Ca(FeS2)2,test
mp-aaachmne,Al(FeS2)2,train
mp-aaachmnb,Li(MnS2)2,test
mp-aaachmod,Ba2MgCu3F14,train
mp-aaachmnu,Zn(NiS2)2,train
mp-aaachmmy,Li(CrS2)2,train
mp-aaachmps,Al(NiO2)2,train
mp-aaachmno,Zn(CrS2)2,test
mp-aaachmpg,Y(MnS2)2,train
mp-aaachmni,Mg(FeS2)2,train
mp-aaachmof,Y(TiS2)2,train
mp-aaachmqc,LiCr2O4,train
mp-aaachmnz,Ba2CaCu3F14,train
mp-aaachmnj,Li(VS2)2,train
mp-aaachmoh,Ca(MnS2)2,train
mp-aaachmpe,Ca(MoO2)4,train
mp-aaachmpm,Ca(NiS2)2,train
mp-aaachmqu,MgV2O4,train
mp-aaachmqe,Li(NiO2)2,train
mp-aaachmpi,AlV2O4,test
mp-aaachmqw,Y(NiO2)2,test
mp-aaachmph,Y(FeO2)2,train
mp-aaachmpn,YV2O4,train
mp-aaachmoo,Mg(MnS2)2,train
mp-aaachmow,Y(CoO2)2,train
mp-aaachmqx,V2ZnO4,train
mp-aaachmsh,AlNi3Se2ClO8,train
mp-aaachmuk,CaTi(PO3)4,test
mp-aaachmtp,YCu7O12,train
mp-aaachmtd,YTi4(CuO4)3,train
mp-aaachmrc,Li3Mn4O8,test
mp-aaachmsb,Mn4ZnO8,train
mp-aaachmtm,YCu3(SbO3)4,train
mp-aaachmtq,Sb(PO3)4,train
mp-aaachmra,AlV2O4,test
mp-aaachmtr,AlCu3(AgO3)4,train
mp-aaachmrn,Mg(FeO2)2,train
mp-aaachmsn,ZnSn(PO3)4,train
mp-aaachmsu,YMo3Se2ClO8,train
mp-aaachmsp,CaSn(PO3)4,train
mp-aaachmti,MgTi(PO3)4,train
mp-aaachmqy,LiCr2O4,train
mp-aaachmrj,CaCr2O4,train
mp-aaachmsi,Li(NiO2)4,train
mp-aaachmtk,Ti4Al(CuO4)3,train
mp-aaachmsr,Zn(CoO2)4,train
mp-aaachmru,MgMn2O4,train
mp-aaachmrx,LiMn2O4,train
mp-aaachmsk,Li3(NiO2)4,train
mp-aaachmue,Ba2ZnCu3F14,test
mp-aaachmtg,YCu3(AgO3)4,test
mp-aaachmtl,AlFe3Se2ClO8,train
mp-aaachmuo,YCu3(BiO3)4,train
mp-aaachmwz,Ca2Sn9O13,train
mp-aaachmvl,Mg2Cu9O13,train
mp-aaachmuq,AlCu3(SnO3)4,train
mp-aaachmvb,Ti9O13,train
mp-aaachmuw,Ba2CaCuBi2F14,train
mp-aaachmvc,Li3(CoO2)4,train
mp-aaachmvf,Li(CoO2)4,train
mp-aaachmul,AlCu7O12,train
mp-aaachmvk,Ti9Zn2O13,train
mp-aaachmwi,Nb2Zn2BiO8,train
mp-aaachmwo,SbO2,train
mp-aaachmww,Sr2YTlSn2O7,train
mp-aaachmvo,YCu3(SnO3)4,train
mp-aaachmwl,Nb2TeO8,train
mp-aaachmwq,Ca2Cu9O13,train
mp-aaachmwx,Mg(MoO3)2,train
mp-aaachmxa,Cu9O13,train
mp-aaachmuu,Mg2Ti9O13,train
mp-aaachmur,AlCu3(SbO3)4,train
mp-aaachmve,Ba2CaCuSb2F14,train
mp-aaachmuv,AlCu3(BiO3)4,train
mp-aaachmus,Zn(FeO2)4,train
mp-aaachmwm,CaCu(PO3)4,train
mp-aaachmwn,MgSbAs2SeO7,train
mp-aaachmvr,Zn2Cu9O13,train
mp-aaachmva,Ca2Ti9O13,test
mp-aaachmvh,Ba2CaCuAg2F14,test
mp-aaachmyw,Mg(WO3)2,train
mp-aaachmxl,ZnSbAs2SeO7,train
mp-aaachmxm,Sr2YTi2TlO7,train
mp-aaachmyd,AlCo4(CuO4)3,train
mp-aaachmxe,V2ZnO6,train
mp-aaachmxb,Ba2MgCuSb2F14,train
mp-aaachmya,ZnCr2O6,train
mp-aaachmye,MgCr2O6,train
mp-aaachmxy,Ba2ZnCuAg2F14,train
mp-aaachmxx,Ca(WO3)2,train
mp-aaachmxo,Zn(WO3)2,test
mp-aaachmzx,Ba2Mn2CuF14,test
mp-aaachmzv,YCr4(CuO4)3,test
mp-aaachmzy,YFe4(CuO4)3,train
mp-aaachmyi,AlFe4(CuO4)3,train
mp-aaachmzn,Ti5O7,train
mp-aaachmyb,AlCr4(CuO4)3,train
mp-aaachmyq,Zn(MoO3)2,train
mp-aaachmyy,Mn4Al(CuO4)3,test
mp-aaachmyj,MgCu(PO3)4,train
mp-aaachmyl,CaSbAs2SeO7,test
mp-aaachmyf,Mg2Sn9O13,train
mp-aaachmxr,Ba2ZnCuSb2F14,test
mp-aaachmyo,MgV2O6,test
mp-aaachnbt,Ba2CuMo2F14,train
mp-aaachnbp,CaNi(PO3)4,train
mp-aaachnaq,MgCr(PO3)4,train
mp-aaachnao,MgNi(PO3)4,train
mp-aaachnag,YV4(CuO4)3,train
mp-aaachnaf,Ba2ZnCuSn2F14,train
mp-aaachnab,MgCo(PO3)4,train
mp-aaachncj,Mn9O13,train
mp-aaachnah,CaMn(PO3)4,train
mp-aaachncf,AlCu3(NiO3)4,train
mp-aaachncm,Ba2MgFe2CuF14,test
mp-aaachnbe,Ba2MgCuAg2F14,train
mp-aaachnbx,Mo(PO3)4,train
mp-aaachnal,MgMn(PO3)4,train
mp-aaachnby,Ti5ZnO7,train
mp-aaachnae,AlV4(CuO4)3,train
mp-aaachnas,MgFe(PO3)4,train
mp-aaachncc,Cr9O13,train
mp-aaachnce,MgV(PO3)4,train
mp-aaachnac,YCo4(CuO4)3,train
mp-aaachnap,CaCo(PO3)4,train
mp-aaachnbc,CaV(PO3)4,test
mp-aaachnbo,CaFe(PO3)4,train
mp-aaachncd,Ba2ZnFe2CuF14,train
mp-aaachncu,YCu3(NiO3)4,train
mp-aaachneh,ZnP4WO12,test
mp-aaachnco,YCu3(MoO3)4,train
mp-aaachnds,Cu5O7,train
mp-aaachndl,Ca2Mn9O13,train
mp-aaachndq,Mg2Mn9O13,train
mp-aaachndv,Mn9Zn2O13,train
mp-aaachndb,AlCu3(MoO3)4,train
mp-aaachnei,Ba2CaCuMo2F14,train
mp-aaachndu,Ba2MgCr2CuF14,train
mp-aaachner,Zn2Ni9O13,train
mp-aaachnem,ZnSn5O7,train
mp-aaachndm,Ba2ZnCr2CuF14,test
mp-aaachncp,CaCr(PO3)4,train
mp-aaachnec,CaSn5O7,train
mp-aaachnen,Mg2Cr9O13,train
mp-aaachneo,Zn2Co9O13,test
mp-aaachneu,Ni9O13,test
mp-aaachnew,V9O13,train
mp-aaachnda,Ba2CaMn2CuF14,train
mp-aaachndf,CaP4WO12,train
mp-aaachndr,Ba2Mn2ZnCuF14,train
mp-aaachndg,Sn5O7,test
mp-aaachneq,AlCu3(WO3)4,train
mp-aaachnev,Mg2Ni9O13,train
mp-aaachnez,Ba2MgCuMo2F14,train
mp-aaachnhh,TiZnO2,train
mp-aaachnft,Ta2TiZn2O8,test
mp-aaachnhj,Ta2Zn2CuO8,train
mp-aaachngp,ZnSnO2,train
mp-aaachnfo,ZnCuO2,test
mp-aaachney,YCu3(WO3)4,train
mp-aaachngc,Mg2Ta2TiO8,train
mp-aaachnfp,MgP4WO12,train
mp-aaachngz,Ca2Ni9O13,train
mp-aaachnib,MgCuO2,train
mp-aaachnia,AlW3Se2ClO8,test
mp-aaachngt,Ca2Ta2TiO8,test
mp-aaachnhy,Zn2W9O13,test
mp-aaachnfq,Mg2Ta2SnO8,train
mp-aaachnfi,Ba2MgMn2CuF14,train
mp-aaachngx,ZnSnO2,train
mp-aaachngj,Mg2Co9O13,test
mp-aaachngk,MgTiO2,train
mp-aaachnhq,Mg2V9O13,train
mp-aaachnfl,Ca2Cr9O13,train
mp-aaachnha,Zn2Fe9O13,train
mp-aaachnhb,Mg2Ta2CuO8,train
mp-aaachnic,Mg2Fe9O13,train
mp-aaachngl,Ta2Zn2SnO8,train
mp-aaachngm,Ca2Ta2SnO8,train
mp-aaachnhl,MgSnO2,train
mp-aaachnfx,CaSnO2,train
mp-aaachnis,Sr2AlTlCo2O7,train
mp-aaachnko,MgCrO2,train
mp-aaachnij,Sr2YTlCr2O7,train
mp-aaachnjt,Mg(MoO2)4,train
mp-aaachnig,Sr2AlTlFe2O7,train
mp-aaachnkd,Sr2AlTlV2O7,train
mp-aaachniv,Ba2AlTlCu2O7,train
mp-aaachnil,Sr2YTlW2O7,train
mp-aaachnjf,Ba2Ti2AlTlO7,train
mp-aaachnim,CaCuO2,train
mp-aaachnks,Cr5O7,train
mp-aaachnjy,Ba2Ti2TlO7,train
mp-aaachnkn,Sr2YTlNi2O7,train
mp-aaachnid,CaTiO2,test
mp-aaachnie,Sr2Mn2AlTlO7,train
mp-aaachnjg,CaSnO2,train
mp-aaachnkv,Ba2TlSn2O7,train
mp-aaachnlb,ZnFe5O7,train
mp-aaachnlh,MgMnO2,train
mp-aaachnjo,Ba2YTi2TlO7,train
mp-aaachnkh,V5O7,test
mp-aaachnkg,Sr2YTlV2O7,train
mp-aaachnky,Ba2TlBi2O7,train
mp-aaachnkf,Zn2Cr9O13,train
mp-aaachniq,Ba2TlSb2O7,train
mp-aaachnjv,Ba2AlTlSn2O7,train
mp-aaachnkp,Mg2W9O13,train
mp-aaachnkr,Ta2TeO8,test
mp-aaachnme,Sr2YTiCu2O7,train
mp-aaachnmi,Mg2Ta2CoO8,test
mp-aaachnmf,Mg2Ta2CrO8,train
mp-aaachnli,Mn5O7,test
mp-aaachnlt,Sr2YCr2GaO7,train
mp-aaachnml,Ni5O7,train
mp-aaachnlu,ZnCr5O7,train
mp-aaachnmh,Mg2Ta2VO8,train
mp-aaachnlj,CaMn5O7,train
mp-aaachnni,Mg2Ta2FeO8,train
mp-aaachnma,MgNiO2,test
mp-aaachnnu,Ba2Tl2Zn2Cu3O10,train
mp-aaachnmm,SrMgTi(PO4)2,train
mp-aaachnly,Co5O7,test
mp-aaachnns,Ba2Tl2Sb3O10,train
mp-aaachnmr,Mg2Ta2MnO8,train
mp-aaachnmv,Ta2VZn2O8,train
mp-aaachnnq,Ba2Mg2Tl2Cu3O10,test
mp-aaachnnm,Ba2CaCuNi2F14,train
mp-aaachnmb,MnZnO2,test
mp-aaachnnf,Ta2Zn2FeO8,test
mp-aaachnnc,Ta2Zn2CrO8,train
mp-aaachnne,SrTiZn(PO4)2,train
mp-aaachnmz,Ba2Ca2Ti3Tl2O10,test
mp-aaachnpg,Ca2Ta2NiO8,train
mp-aaachnoh,Sr2YGaNi2O7,train
mp-aaachnny,Mg2Ta2NiO8,train
mp-aaachnps,SrTi(PO4)2,train
mp-aaachnpj,Ca2Ta2CrO8,test
mp-aaachnpp,Sr2YCu3O7,train
mp-aaachnoe,Ta2Zn2NiO8,train
mp-aaachnop,SrMgSn(PO4)2,train
mp-aaachnol,ZnCrO2,train
mp-aaachnpt,Ca2Ta2CoO8,train
mp-aaachnqb,Sr2TiCu2O7,test
mp-aaachnqe,Sn5(TeO6)3,train
mp-aaachnoc,Ti5(TeO6)3,test
mp-aaachnor,SrMgCu(PO4)2,test
mp-aaachnpy,Sr2YCu2SnO7,test
mp-aaachnod,Ba2Mg2Ti3Tl2O10,test
mp-aaachnot,SrZnCu(PO4)2,test
mp-aaachnpo,Sr2Cu2SbO7,train
mp-aaachnpx,Ca2Ta2VO8,train
mp-aaachnpw,SrSn(PO4)2,train
mp-aaachnoy,Ta2Zn2CoO8,test
mp-aaachnpk,Ca2Ta2MnO8,train
mp-aaachnqa,SrSb(PO4)2,train
mp-aaachnrx,Ca(BiO2)4,train
mp-aaachnqk,Ba2Mg2Tl2Sn3O10,train
mp-aaachnqj,Sr2Cu2TeO7,train
mp-aaachnqg,Ba2Tl2Zn2Sn3O10,test
mp-aaachnso,MgVO2,train
mp-aaachnsj,SrCaCu(PO4)2,train
mp-aaachnrd,SrCaTi(PO4)2,test
mp-aaachntp,Mg4Cu5(TeO6)3,test
mp-aaachnrs,Mg(BiO2)4,test
mp-aaachnqx,Sr2Cu2SnO7,test
mp-aaachntq,MgFeO2,train
mp-aaachnsl,Ta2Zn2WO8,train
mp-aaachnsn,Ba2Tl2Bi3O10,train
mp-aaachnry,Mg(SbO2)4,train
mp-aaachnsy,Zn(SnO2)4,train
mp-aaachntb,Ba2Ti3Tl2Zn2O10,test
mp-aaachnqp,Mg2Ta2WO8,train
mp-aaachnsc,SrCaSn(PO4)2,train
mp-aaachnrm,Sr2YCu2BiO7,train
mp-aaachnro,Mg(SnO2)4,train
mp-aaachnte,Zn(SbO2)4,train
mp-aaachntg,Sr2Cu2BiO7,train
mp-aaachnqs,SrZnSn(PO4)2,train
mp-aaachnta,MgCoO2,test
mp-aaachnse,SrBi(PO4)2,train
mp-aaachnsm,Zn(BiO2)4,test
mp-aaachnsg,Ca2Ta2FeO8,train
mp-aaachntj,Sr2YCu2SbO7,train
mp-aaachntu,Ca2Ta2WO8,train
mp-aaachnub,ZnFeO2,train
mp-aaachnuo,Ca4Sn5(TeO6)3,train
mp-aaachnwb,Ba2YTlCr2O7,train
mp-aaachnut,Sr2YCu2AgO7,test
mp-aaachnuf,Sb5(TeO6)3,train
mp-aaachntv,ZnWO2,train
mp-aaachnue,CaVO2,test
mp-aaachnun,Sr2YTaCu2O7,train
mp-aaachnvx,Sr2AlCu2SbO7,train
mp-aaachnur,Mg4Sn5(TeO6)3,train
mp-aaachnvf,Ba2Tl2Sn3O10,train
mp-aaachnwf,Ba2AlTlFe2O7,train
mp-aaachnuu,Ba2Ti3Tl2O10,train
mp-aaachnvg,CaFeO2,train
mp-aaachnwc,Ba2TlCo2O7,train
mp-aaachntz,Bi5(TeO6)3,test
mp-aaachnvy,Ba2TlFe2O7,test
mp-aaachnuk,CaMnO2,test
mp-aaachnup,CaNiO2,train
mp-aaachnus,CaCoO2,train
mp-aaachnvd,CaCrO2,train
mp-aaachnuj,VZnO2,train
mp-aaachntr,MgCuO2,train
mp-aaachnwa,Ba2Mg3Tl2(CoO3)4,train
mp-aaachnwk,SrMgMn(PO4)2,train
mp-aaachnxj,SrZnCo(PO4)2,train
mp-aaachnxt,Ba2AlTlW2O7,train
mp-aaachnwh,Ba2YTlFe2O7,train
mp-aaachnwj,Ba2YTlCo2O7,test
mp-aaachnwi,Ta2MoO8,train
mp-aaachnxm,Sr2AlCu3O7,train
mp-aaachnyl,Mg4Ti5(TeO6)3,train
mp-aaachnwn,Ta2WO8,train
mp-aaachnys,SrMgCr(PO4)2,train
mp-aaachnxl,Ba2AlTlCo2O7,train
mp-aaachnwg,Ba2TlW2O7,train
mp-aaachnyg,SrMnZn(PO4)2,train
mp-aaachnwq,Ca4Ti5(TeO6)3,train
mp-aaachnxa,Sr2AlCu2AgO7,train
mp-aaachnxq,Ba2YTlW2O7,train
mp-aaachnyq,SrMgNi(PO4)2,test
mp-aaachnwp,Ba2TlV2O7,train
mp-aaachnyb,Ba2YTlNi2O7,test
mp-aaachnyo,SrMgV(PO4)2,train
mp-aaachnxh,Zn4Sn5(TeO6)3,train
mp-aaachnxf,SrMgCo(PO4)2,test
mp-aaachobm,Ta2CrO8,train
mp-aaachoao,SrMn(PO4)2,train
mp-aaachnzy,SrCaCr(PO4)2,train
mp-aaachnzp,SrCaNi(PO4)2,train
mp-aaachoat,SrCaP2WO8,train
mp-aaachoba,Ba2Ca2Tl2Co3O10,train
mp-aaachnzm,SrCaV(PO4)2,test
mp-aaachoaa,SrCr(PO4)2,train
mp-aaachoae,Sr2AlCu2SnO7,train
mp-aaachnzv,SrZnFe(PO4)2,train
mp-aaachobh,Ti5Zn4(TeO6)3,train
mp-aaachnzt,SrCaMn(PO4)2,train
mp-aaachnyz,SrV(PO4)2,test
mp-aaachnyx,SrCaCo(PO4)2,test
mp-aaachnyt,SrMo(PO4)2,train
mp-aaachnzx,SrMgFe(PO4)2,train
mp-aaachoag,SrCo(PO4)2,test
mp-aaachnze,SrVZn(PO4)2,train
mp-aaachnzo,Ba2AlTlV2O7,train
mp-aaachnzh,Nb2Zn2SbO8,train
mp-aaachoaq,BaMn2TlO6,test
mp-aaachobb,Ba2Ca2Tl2Fe3O10,train
mp-aaachnza,SrZnCr(PO4)2,train
mp-aaachoay,SrP2WO8,test
mp-aaachobw,SrCaFe(PO4)2,test
mp-aaachobu,Ba2Ca2Mn3Tl2O10,train
mp-aaachocm,Ba2Ca2Tl2Ni3O10,train
mp-aaachocw,Ba2Mg2Tl2Ni3O10,train
mp-aaachocn,Ba2Mn3Tl2Zn2O10,train
mp-aaachobn,Sr2GaMo2O7,train
mp-aaachobr,Ba2Mg2Tl2Co3O10,train
mp-aaachobx,Mg4Co5(TeO6)3,train
mp-aaachocb,Ba2Tl2Co3O10,train
mp-aaachodh,Ca4Cu5(TeO6)3,train
mp-aaachobv,Sr2AlCu2BiO7,train
mp-aaachoby,Ba2Mg2Mn3Tl2O10,train
mp-aaachoch,Ba2Tl2Zn2Co3O10,train
mp-aaachodk,Ba2Tl2Cr3O10,train
mp-aaachobz,Ba2Mg2Tl2W3O10,train
mp-aaachoci,Mg4Ni5(TeO6)3,train
mp-aaachocd,Ba2Ca2Tl2Cr3O10,train
mp-aaachocy,Ba2Tl2Zn2Fe3O10,train
mp-aaachodd,Zn(MoO2)4,train
mp-aaachobq,SrFe(PO4)2,train
mp-aaachocj,Mn5(TeO6)3,train
mp-aaachodc,Zn4Co5(TeO6)3,train
mp-aaachobs,CaTiPO5,train
mp-aaachodb,Cr5(TeO6)3,train
mp-aaachodi,MgTiSiO5,test
mp-aaachoen,Sr2YGaCo2O7,test
mp-aaachodt,Ba2Tl2Zn2Ni3O10,train
mp-aaachoee,Zn4Cr5(TeO6)3,train
mp-aaachoej,TiZnPO5,train
mp-aaachoeb,Ba2Mg2Tl2Fe3O10,train
mp-aaachodz,Zn4Ni5(TeO6)3,test
mp-aaachoeo,Sr2AlCr2GaO7,train
mp-aaachodq,SbF5,train
mp-aaachoel,Te3Mo5O18,train
mp-aaachoep,Ba2Tl2Mo3O10,train
mp-aaachofg,Ba2Tl2W3O10,train
mp-aaachofm,MgTi4O6,test
mp-aaachoeg,Ba2Ca2Tl2W3O10,train
mp-aaachoek,Mg(Cu2O3)2,test
mp-aaachoef,Mg4Cr5(TeO6)3,train
mp-aaachodw,Zn(WO2)4,train
mp-aaachoem,V5Zn4(TeO6)3,train
mp-aaachoet,Ba2Tl2Fe3O10,train
mp-aaachodp,MgTiPO5,train
mp-aaachofk,Mg4Mn5(TeO6)3,test
mp-aaachoey,SrZnP2WO8,train
mp-aaachofh,Te3W5O18,train
mp-aaachoer,Mg4V5(TeO6)3,train
mp-aaachohz,Zn4Te3W5O18,test
mp-aaachohy,Sr2CrSO3,train
mp-aaachogi,Mg4Fe5(TeO6)3,train
mp-aaachogh,Sr3Fe2S2O5,test
mp-aaachofn,Ba2Tl2Ni3O10,train
mp-aaachogf,Ca4Co5(TeO6)3,train
mp-aaachogw,MnZnSiO5,test
mp-aaachogd,Y2MgMn2S2O5,train
mp-aaachohg,Mg4Te3W5O18,train
mp-aaachofo,TiZnSiO5,train
mp-aaachogn,Sr2MnSO3,train
mp-aaachohr,ZnCoPO5,test
mp-aaachohw,Sr2FeSO3,train
mp-aaachoge,Sr3Co2S2O5,train
mp-aaachoho,MgMo3O8,test
mp-aaachogj,Sr3Cr2S2O5,train
mp-aaachogg,Ba2Tl2Zn2Cr3O10,test
mp-aaachogy,Mn5Zn4(TeO6)3,test
mp-aaachohc,Sr2CoSO3,train
mp-aaachohk,Ni5(TeO6)3,train
mp-aaachohv,MnZnPO5,train
mp-aaachogq,Sr2TaAlCu2O7,train
mp-aaachohx,Ca4Cr5(TeO6)3,train
mp-aaachogm,Sr2YV2GaO7,train
mp-aaachojw,VPO5,train
mp-aaachoku,MgMnF4,train
mp-aaachoif,ZnSiNiO5,train
mp-aaachoin,MgCrSiO5,test
mp-aaachoiq,Ca4Te3W5O18,train
mp-aaachoia,ZnCoSiO5,train
mp-aaachojb,MgMnSiO5,train
mp-aaachois,MgCoSiO5,train
mp-aaachoik,MgCrPO5,train
mp-aaachojl,CaTi4O6,test
mp-aaachojt,VZnPO5,train
mp-aaachokq,CrPO5,train
mp-aaachokh,Ti4ZnO6,train
mp-aaachoiw,ZnCrPO5,test
mp-aaachojp,CrSiO5,train
mp-aaachojg,MgFeSiO5,train
mp-aaachoig,Ca4V5(TeO6)3,train
mp-aaachoju,MgCrSF5,train
mp-aaachojm,MgVSiO5,train
mp-aaachokb,ZnCrSF5,train
mp-aaachokz,CaFeSiO5,train
mp-aaachojo,Sr2YAlCr2O7,train
mp-aaachokf,ZnFePO5,train
mp-aaachoil,MgCoPO5,train
mp-aaachojs,MgMnPO5,train
mp-aaachoki,VZnSiO5,train
mp-aaacholb,Mg2Nb2SnO8,test
mp-aaachomz,Zn(Cu2O3)2,train
mp-aaachomg,Zn(Sn2O3)2,train
mp-aaachoms,Sr2Y2Sn2O7,train
mp-aaachomy,BaTlV2O6,test
mp-aaacholg,MgNiPO5,train
mp-aaachomv,Sr2AlGaW2O7,train
mp-aaachont,Ca4Fe5(TeO6)3,test
mp-aaachomh,Sr2GaW2O7,train
mp-aaachons,AlWO3,train
mp-aaachold,MgSiNiO5,train
mp-aaachols,TiNb2Zn2O8,test
mp-aaachomu,Zn2Bi2O5,train
mp-aaachonr,Sb2O3,train
mp-aaacholm,Mg2Nb2TeO8,train
mp-aaachoml,Sr2AlV2GaO7,test
mp-aaacholk,Mg2Nb2CoO8,train
mp-aaacholr,Nb2Zn2FeO8,train
mp-aaachomt,Sr2AlGaCo2O7,train
mp-aaachomk,Sr2Cr2GaO7,train
mp-aaacholn,MgVSF5,train
mp-aaachome,Mg2Nb2WO8,train
mp-aaachonh,Ti2O3,train
mp-aaachomw,Zn2Sb2O5,train
mp-aaacholv,Mg2Nb2AgO8,train
mp-aaacholw,Sr2TiAlCu2O7,train
mp-aaachong,Bi2O3,train
mp-aaachomm,Sr2YGaW2O7,train
mp-aaachoof,Ca4Ni5(TeO6)3,train
mp-aaachora,Zn(SnO2)2,train
mp-aaachood,BaTl(CoO3)2,train
mp-aaachopm,Sn2O3,test
mp-aaachonx,Ag2O3,test
mp-aaachopk,Mg2Nb2NiO8,train
mp-aaachonw,Sr2YAlNi2O7,train
mp-aaachopc,Nb2Zn2CuO8,train
mp-aaachopb,Mg2Nb2CrO8,test
mp-aaachops,Nb2Zn2CrO8,train
mp-aaachoou,Sr2V2GaO7,train
mp-aaachooy,Mg2Nb2VO8,train
mp-aaachopr,Ca(SbO2)2,train
mp-aaachopx,Nb2Zn2CoO8,test
mp-aaachoqj,Mg(SbO2)2,train
mp-aaachoqd,Mg(SnO2)2,train
mp-aaachoqh,Zn(SbO2)2,train
mp-aaachoqc,Nb2VZn2O8,train
mp-aaachook,Mg2Nb2MoO8,train
mp-aaachoom,Sr2YAlCo2O7,train
mp-aaachonv,Ca(Cu2O3)2,train
mp-aaachonz,Sr2YAlW2O7,train
mp-aaachopg,Mg2MnNb2O8,train
mp-aaachooi,Cu2O3,train
mp-aaachoqt,Mg(BiO2)2,test
mp-aaachoql,Ca(BiO2)2,train
mp-aaachosa,BaMgTi4O8,train
mp-aaachouc,BaZn(SbO2)4,train
mp-aaachosb,Zn(WO2)2,test
mp-aaachosc,CaTiO2,test
mp-aaachotv,BaZn(CuO2)4,train
mp-aaachorh,BaMg(SbO2)4,train
mp-aaachoto,BaZn(BiO2)4,train
mp-aaachosg,BaTi4ZnO8,train
mp-aaachorp,Sr2YMn2AlO7,train
mp-aaachosu,Sr2GaCo2O7,train
mp-aaachotp,BaMg(SnO2)4,train
mp-aaachouf,Nb2Zn2NiO8,train
mp-aaachotf,MgSi2SnO6,test
mp-aaachosn,CaCuO2,train
mp-aaachorz,Mg(WO2)2,train
mp-aaachorb,Zn(BiO2)2,train
mp-aaachosq,BaTl(NiO3)2,train
mp-aaachota,Nb2MoO8,train
mp-aaachosr,ZnNiO2,test
mp-aaachosy,ZnSnO2,train
mp-aaachosk,MgTi3(P2O7)2,train
mp-aaachott,BaMg(AgO2)4,train
mp-aaachotq,MgSn3(P2O7)2,train
mp-aaachosx,BaTl(WO3)2,train
mp-aaachord,BaMg(BiO2)4,train
mp-aaachotx,BaZn(AgO2)4,train
mp-aaachotz,ZnSi2SnO6,test
mp-aaachoth,Nb2WO8,train
mp-aaachovz,Sr2YAlFe2O7,train
mp-aaachouq,BaZn(SnO2)4,train
mp-aaachovv,Zn3Si4(MoO7)2,train
mp-aaachoup,Nb2CrO8,test
mp-aaachowq,Ca(AgO2)2,train
mp-aaachove,BaCa(AgO2)4,test
mp-aaachovw,Zn(AgO2)2,train
mp-aaachowa,ZnSbAsO5,train
mp-aaachovs,Ca2Nb2NiO8,test
mp-aaachouv,Ca2AlMoO5,test
mp-aaachovn,Ca(SnO2)2,test
mp-aaachovy,CaBiAsO5,test
mp-aaachowk,Ca2Nb2CrO8,train
mp-aaachoxg,Nb2Zn2WO8,train
mp-aaachoxi,Sr2Y2Fe2O7,train
mp-aaachowm,ZnBiAsO5,train
mp-aaachous,BaCaTi4O8,test
mp-aaachoum,BaCa(CuO2)4,train
mp-aaachoxf,Ti3Zn(P2O7)2,train
mp-aaachoxa,BaTl(MoO3)2,train
mp-aaachowb,Ca2Nb2CoO8,train
mp-aaachowj,Ca2Nb2MoO8,train
mp-aaachoxb,Ti3(P2O7)2,train
mp-aaachovx,Zn(SbO2)2,train
mp-aaachowf,Zn(BiO2)2,train
mp-aaachoyq,VZn2IrO6,test
mp-aaachoyc,CaSn3(P2O7)2,test
mp-aaachoxn,CrIrO6,train
mp-aaachoyv,BaCa(SbO2)4,train
mp-aaachoxv,ZnFeO2,train
mp-aaachoxp,YTe(WO4)2,train
mp-aaachoxl,Sn3(P2O7)2,train
mp-aaachoxy,MgVAsO5,train
mp-aaachoyu,Sr2Y2Cr2O7,test
mp-aaachoxo,MgWO2,train
mp-aaachoyd,MoO2,train
mp-aaachoyf,CaTi3(P2O7)2,test
mp-aaachozm,YAg(WO4)2,train
mp-aaachoys,MnZn2IrO6,test
mp-aaachozo,Mg2TaWO6,train
mp-aaachoyo,MoIrO6,train
mp-aaachoye,Zn2CrIrO6,train
mp-aaachoxm,CaSbAsO5,train
mp-aaachoxz,Sr2YMn2GaO7,test
mp-aaachozh,ZnFeAsO5,train
mp-aaachozc,Sr2YAlV2O7,train
mp-aaachoyn,Sr2Mn2GaO7,train
mp-aaachozl,AlCu(WO4)2,train
mp-aaachozj,CaCu3(P2O7)2,test
mp-aaachpbg,Zn(CuO2)2,train
mp-aaachpbc,IrWO6,test
mp-aaachpaz,Mg2VWO6,train
mp-aaachpbu,Mg2MoWO6,train
mp-aaachpah,BaCa(BiO2)4,train
mp-aaachozv,Sr2Y2Co2O7,test
mp-aaachpav,Mg(CuO2)2,test
mp-aaachpar,Zn(BiO2)2,train
mp-aaachpay,Ca(CuO2)2,train
mp-aaachpag,Zn2NiIrO6,test
mp-aaachpap,Ca2VWO6,test
mp-aaachpbd,ZnMoAsO5,train
mp-aaachpbx,YCo(WO4)2,train
mp-aaachpai,Ca(AgO2)2,train
mp-aaachpcg,Mg2BiWO6,test
mp-aaachpco,Mg2TiWO6,train
mp-aaachpcm,Mg2SnWO6,train
mp-aaachpch,CaP2WO7,test
mp-aaachpas,Ca2NiIrO6,train
mp-aaachpbr,Sr2YCo2O7,train
mp-aaachpcl,Mg2MnWO6,test
mp-aaachpci,Ca(SnO2)2,test
mp-aaachozt,Mg2CoWO6,train
mp-aaachpba,ZnCu3(P2O7)2,train
mp-aaachozx,CrO2,train
mp-aaachpbt,AlAg(WO4)2,train
mp-aaachpev,Ti2ZnO4,train
mp-aaachpdg,Ca2AgWO6,train
mp-aaachpek,Sr2Y2W2O7,train
mp-aaachpct,YV(WO4)2,train
mp-aaachpeq,Mg(AgO2)2,train
mp-aaachpda,Mg2FeWO6,train
mp-aaachpcy,VZn2WO6,train
mp-aaachpcx,CaMoAsO5,train
mp-aaachpfo,MgFeAsO5,train
mp-aaachpej,Mg(WO2)2,train
mp-aaachpep,Zn(SnO2)2,train
mp-aaachpeu,Zn(AgO2)2,train
mp-aaachpfh,Sr2YV2O7,train
mp-aaachpcr,Mg2AgWO6,train
mp-aaachper,Sr2YFe2O7,train
mp-aaachpfn,Mg(SnO2)2,train
mp-aaachpdy,Ca2BiWO6,train
mp-aaachped,Sr2Y2V2O7,train
mp-aaachpee,WO2,train
mp-aaachpex,Zn(CuO2)2,train
mp-aaachpdu,Mg2CrWO6,train
mp-aaachpem,MgAsWO5,train
mp-aaachpen,Ca2MoWO6,train
mp-aaachpfe,Ca2SbWO6,train
mp-aaachpfm,TiZn2WO6,train
mp-aaachpgf,FeO2,train
mp-aaachpfx,Mg(CuO2)2,test
mp-aaachpgn,Ca(MoO2)2,train
mp-aaachpfz,Mg2SbWO6,train
mp-aaachpfq,AsWO5,train
mp-aaachpgu,SbO2,train
mp-aaachpin,Sr2YMn2O7,train
mp-aaachpga,Ba(SnO2)4,train
mp-aaachphg,MgTi2O4,train
mp-aaachpgg,CaMn2O4,train
mp-aaachpgm,MgMn2O4,train
mp-aaachpht,Ti2ZnO4,train
mp-aaachpip,YSb(WO4)2,train
mp-aaachphb,Zn(SnO2)2,train
mp-aaachphk,MnZn2WO6,train
mp-aaachphi,Zn2SnWO6,test
mp-aaachphj,Ca(SbO2)2,train
mp-aaachpil,Mn2ZnO4,train
mp-aaachpih,Zn(SbO2)2,train
mp-aaachpiq,Zn(AgO2)2,train
mp-aaachphw,Sr2YMo2O7,train
mp-aaachpif,Mg(MoO2)2,train
mp-aaachpij,Ca(BiO2)2,train
mp-aaachpgv,AlV(WO4)2,test
mp-aaachpgx,Mg(SnO2)2,train
mp-aaachphm,CaTi2O4,train
mp-aaachphz,Nb2Zn2TeO8,train
mp-aaachpjw,Mg(SbO2)2,train
mp-aaachpjb,Sb3(AsO4)4,train
mp-aaachpja,Ca(CuO2)2,train
mp-aaachpjx,SnO2,train
mp-aaachpix,Mg(CuO2)2,test
mp-aaachpkl,Mg(AgO2)2,train
mp-aaachpka,BiF5,train
mp-aaachpll,BaTi4O8,train
mp-aaachpir,Zn(WO2)2,test
mp-aaachpiy,TaF5,train
mp-aaachpkc,BiO2,train
mp-aaachplu,Ba(SbO2)4,train
mp-aaachpme,Ca2YVO5,train
mp-aaachpmc,YTa(WO4)2,train
mp-aaachpmk,Zn(MoO2)2,train
mp-aaachpkv,Mg2TeWO6,test
mp-aaachpkd,YCr(WO4)2,train
mp-aaachpjm,Ca3Co3(AsO4)4,train
mp-aaachpjd,Ba2YTi3O8,train
mp-aaachpkt,Ca(AgO2)2,train
mp-aaachpkf,BaCa(SnO2)4,train
mp-aaachple,Zn2FeWO6,test
mp-aaachplv,Zn(BiO2)2,train
mp-aaachpmb,Ca(CuO2)2,train
mp-aaachpje,Zn(CuO2)2,train
mp-aaachpjr,Mg(BiO2)2,test
mp-aaachpkn,Ca(SnO2)2,test
mp-aaachpku,Zn(SnO2)2,train
mp-aaachpnz,Ca3Cr3(AsO4)4,train
mp-aaachpoo,AlBi3F15,train
mp-aaachpmp,Ti3AlF15,train
mp-aaachpmm,AlNi(WO4)2,train
mp-aaachpoh,Ca3Mn3(AsO4)4,train
mp-aaachpmu,YMo(WO4)2,train
mp-aaachpnt,Mg2CuWO6,train
mp-aaachpoi,Ca2YCoO5,train
mp-aaachpmw,Ca(WO2)2,test
mp-aaachpoa,Sn3(AsO4)4,train
mp-aaachpop,Ca2YCrO5,train
mp-aaachpoc,YFe(WO4)2,train
mp-aaachpon,ZnSn3(P2O7)2,train
mp-aaachpoe,YW3O8,train
mp-aaachpns,Ca(AgO2)2,train
mp-aaachpna,Zn(NiO2)2,train
mp-aaachpnf,Ba(BiO2)4,test
mp-aaachpms,AlSn3F15,train
mp-aaachpnp,Ti3(AsO4)4,test
mp-aaachpog,Ca2YMnO5,train
mp-aaachpnm,ZnAsWO5,train
mp-aaachpnx,AlSb3F15,test
mp-aaachpqq,Ca2YNiO5,train
mp-aaachpot,Mg3Cr3(AsO4)4,test
mp-aaachpqh,Zn(AgO2)2,train
mp-aaachpph,Bi3(AsO4)4,train
mp-aaachpoq,Zn2TeWO6,test
mp-aaachpor,Ca3Ni3(AsO4)4,train
mp-aaachpqn,YSb3F15,train
mp-aaachpre,Mg(SbO2)2,train
mp-aaachpqd,Mg(BiO2)2,test
mp-aaachppr,Ca3Fe3(AsO4)4,train
mp-aaachpps,YTi(WO4)2,test
mp-aaachppi,Sr2YNi2O7,train
mp-aaachppm,YMn(WO4)2,train
mp-aaachppn,Ca2YFeO5,train
mp-aaachpru,YSn3F15,train
mp-aaachppu,Ca2MnNb2O8,train
mp-aaachpqx,Ca(SbO2)2,train
mp-aaachpqv,Ca3Sn3(AsO4)4,train
mp-aaachpro,AlMo(WO4)2,train
mp-aaachpqu,AlFe(WO4)2,train
mp-aaachppq,YTi3F15,test
mp-aaachpqz,YBi3F15,train
mp-aaachpsk,Sb(WO4)2,train
mp-aaachptv,CoO2,train
mp-aaachpsb,Zn(SbO2)2,train
mp-aaachptd,MoO2,train
mp-aaachpti,Mg(MoO2)2,train
mp-aaachpug,Zn(MoO2)2,train
mp-aaachpsp,MoF5,train
mp-aaachpse,Zn(BiO2)2,train
mp-aaachpsv,TiAl(WO4)2,train
mp-aaachpsy,WO2,train
mp-aaachpuf,Ca(CuO2)2,train
mp-aaachpun,Mg(CoO2)2,train
mp-aaachpux,Zn(CoO2)2,train
mp-aaachpuj,TaAl(WO4)2,train
mp-aaachptx,MgCr2O4,train
mp-aaachpuq,Mn2ZnO4,train
mp-aaachpsx,WF5,train
mp-aaachpuc,Ca(MoO2)2,train
mp-aaachpta,VO2,train
mp-aaachpsd,Ba2Mg3Mn4Tl2O12,train
mp-aaachptz,CrO2,train
mp-aaachpup,MgMn2O4,train
mp-aaachpsz,Co(WO4)2,train
mp-aaachpsj,Zn(CuO2)2,train
mp-aaachpsq,Co3(AsO4)4,test
mp-aaachptk,Mg(SnO2)2,train
mp-aaachpua,Mg(WO2)2,train
mp-aaachpvk,ZnCr2O4,train
mp-aaachpve,AlAg(WO4)2,train
mp-aaachpwp,Ca(WO2)2,test
mp-aaachpwy,Ca(NiO2)2,test
mp-aaachpwl,Zn(NiO2)2,train
mp-aaachpvz,Mg(AgO2)2,train
mp-aaachpuy,Mg(NiO2)2,test
mp-aaachpxc,AlCo(WO4)2,test
mp-aaachpxe,Mg(MoO2)2,train
mp-aaachpvd,CaV2O4,train
mp-aaachpxa,Zn(WO2)2,test
mp-aaachpya,TiAl(WO4)2,train
mp-aaachpye,Sb(WO4)2,train
mp-aaachpyi,Al(WF5)3,test
mp-aaachpxo,Ca(CoO2)2,train
mp-aaachpuz,V2ZnO4,train
mp-aaachpvb,CaMn2O4,train
mp-aaachpwj,CaCr2O4,train
mp-aaachpwv,V(WO4)2,train
mp-aaachpyl,Ca2Nb2FeO8,test
mp-aaachpwn,MgV2O4,train
mp-aaachpxq,Ca2TeWO6,train
mp-aaachpwf,Zn(FeO2)2,train
mp-aaachpvy,Ca(CoO2)2,train
mp-aaachpwd,Zn(MoO2)2,train
mp-aaachpyb,Ba2YSn3O8,train
mp-aaachpym,CaCuBi2O7,train
mp-aaachpyq,MgTi2O4,train
mp-aaachqac,PWO4,train
mp-aaachpzn,Zn3Co3(AsO4)4,train
mp-aaachpyo,NiO2,train
mp-aaachpyw,AlCu(WO4)2,train
mp-aaachpyz,MgCuBi2O7,test
mp-aaachpyv,Mg3Mn3(AsO4)4,train
mp-aaachpys,ZnCuBi2O7,test
mp-aaachpyu,V3(AsO4)4,train
mp-aaachpzb,Mg3Co3(AsO4)4,train
mp-aaachpzw,LaMgCrCoO6,train
mp-aaachpzs,Mg(BiO2)2,test
mp-aaachpzy,CuMoO4,train
mp-aaachqae,Ba2YCr3O8,train
mp-aaachqad,Mn3ZnP3O13,test
mp-aaachqag,MgMo4O9,test
mp-aaachpyp,Mg(SbO2)2,train
mp-aaachpza,MnAl(WO4)2,train
mp-aaachqab,MgP3W3O13,train
mp-aaachpzm,Mg(SnO2)2,train
mp-aaachpzo,Zn3Cr3(AsO4)4,train
mp-aaachpzv,VF5,train
mp-aaachqbp,CaMo3P3O13,train
mp-aaachqai,MgMn3P3O13,train
mp-aaachqav,ZnCo4O9,test
mp-aaachqbd,Ba(NiO2)4,train
mp-aaachqan,V3ZnP3O13,train
mp-aaachqbj,Ba2YV3O8,train
mp-aaachqbc,MgMn4O9,test
mp-aaachqal,Be3Si3(MoO6)2,train
mp-aaachqbn,ZnCo3P3O13,train
mp-aaachqbz,Ba2Ti4Tl2Zn3O12,train
mp-aaachqak,CaCu2(NiO4)2,train
mp-aaachqaw,ZnMo4O9,test
mp-aaachqaz,Be3Fe2(SiO4)3,train
mp-aaachqbk,CaMn4O9,test
mp-aaachqbq,Ba(MoO2)4,train
mp-aaachqby,BaMgVF7,train
mp-aaachqcc,CaV3P3O13,test
mp-aaachqaj,ZnFe3P3O13,train
mp-aaachqbw,BaMgMoF7,train
mp-aaachqah,CuWO4,test
mp-aaachqat,Ba2Ca3Ti4Tl2O12,test
mp-aaachqcn,MgNi3P3O13,train
mp-aaachqch,BaMgCrF7,train
mp-aaachqck,BaMgMnF7,train
mp-aaachqcl,Mn4ZnO9,train
mp-aaachqco,BaMgCoF7,train
mp-aaachqcu,MgTi2Be3(SiO4)3,train
mp-aaachqdj,MgCo3P3O13,train
mp-aaachqea,Cr3P3O13,test
mp-aaachqdi,CaMn3P3O13,train
mp-aaachqcr,CaCr3P3O13,train
mp-aaachqdp,CaCo3P3O13,train
mp-aaachqdr,Mo4O9,train
mp-aaachqcx,CaP3W3O13,test
mp-aaachqed,BaMnZnF7,train
mp-aaachqef,BaCaCrF7,train
mp-aaachqdb,Ti2Be3Zn(SiO4)3,train
mp-aaachqcp,Ba2YTi3O7,train
mp-aaachqdz,Be3Cr2(SiO4)3,train
mp-aaachqdq,BaMgFeF7,test
mp-aaachqdw,BaMgWF7,train
mp-aaachqdy,BaZnMoF7,train
mp-aaachqeg,BaZnCrF7,train
mp-aaachqei,BaMgNiF7,train
mp-aaachqee,BaVZnF7,train
mp-aaachqeq,Mo3P3O13,train
mp-aaachqes,BaZnCoF7,train
mp-aaachqey,Mn3P3O13,train
mp-aaachqfr,BaCaCoF7,train
mp-aaachqfp,BaWF7,train
mp-aaachqen,ZnP3W3O13,test
mp-aaachqgu,Ca(SbO2)4,train
mp-aaachqez,BaCaMoF7,test
mp-aaachqex,V3P3O13,train
mp-aaachqgd,Be3Si3(WO6)2,train
mp-aaachqfw,BaCaVF7,test
mp-aaachqfa,BaZnWF7,train
mp-aaachqff,Be3V2(SiO4)3,train
mp-aaachqfq,BaCaFeF7,train
mp-aaachqfu,BaZnNiF7,train
mp-aaachqgb,BaMoF7,train
mp-aaachqgp,BaCaNiF7,train
mp-aaachqfs,BaCaMnF7,train
mp-aaachqgc,BaCaWF7,train
mp-aaachqhf,Ca(SnO2)4,train
mp-aaachqhi,Ca(BiO2)4,train
mp-aaachqji,Sr2AlGaCu2O7,train
mp-aaachqig,Mg(BiO2)4,test
mp-aaachqhh,Mg(SbO2)4,train
mp-aaachqhd,Zn(SnO2)4,train
mp-aaachqjl,Sr2GaSb2O7,train
mp-aaachqhv,Zn(BiO2)4,test
mp-aaachqjo,Sr2GaBi2O7,train
mp-aaachqhe,MgTi4O8,train
mp-aaachqim,Ba2YCo3O8,train
mp-aaachqjk,ZnFe4O9,train
mp-aaachqjn,MgFe4O9,test
mp-aaachqhk,ZnSnP2O7,train
mp-aaachqju,Sr2Ti2AlGaO7,train
mp-aaachqie,Ba2Ca3Tl2(SnO3)4,train
mp-aaachqiz,Sr2AlGaSn2O7,test
mp-aaachqio,W4O9,train
mp-aaachqiw,ZnNi3P3O13,train
mp-aaachqii,Sr2YGaSn2O7,train
mp-aaachqih,CaFe4O9,test
mp-aaachqjb,Ba2YSn3O7,train
mp-aaachqiv,Ni3P3O13,train
mp-aaachqip,CaMo4O9,train
mp-aaachqir,Ba2Ti3AlO7,test
mp-aaachqix,Sr2YTi2GaO7,test
mp-aaachqiy,BaTl(SbO3)2,train
mp-aaachqgw,Mg(SnO2)4,train
mp-aaachqhb,Zn(SbO2)4,train
mp-aaachqll,Be3Si3(NiO6)2,train
mp-aaachqkn,Ba2AlCu3O7,train
mp-aaachqke,Sr2GaSn2O7,train
mp-aaachqkm,BaTi2TlO6,train
mp-aaachqkk,BaCa(WO2)4,train
mp-aaachqlm,CaCuP2O7,test
mp-aaachqki,Sr2YTi2AlO7,train
mp-aaachqkg,Mg2Nb2SbO8,train
mp-aaachqkq,Mg2TiNb2O8,test
mp-aaachqjv,Sr2Ti2GaO7,train
mp-aaachqln,Sr2Y2Ti2O7,train
mp-aaachqlz,Sr2YSb2O7,train
mp-aaachqmc,BaCrF7,train
mp-aaachqlk,Ba2AlSn3O7,train
mp-aaachqma,Ba2V3O8,train
mp-aaachqkr,CaWO2,train
mp-aaachqkb,MgW4O9,train
mp-aaachqkx,BaTl(SnO3)2,train
mp-aaachqlo,BaTl(BiO3)2,train
mp-aaachqlr,Ba2Mn3AlO8,test
mp-aaachqme,Ba2Co3O8,train
mp-aaachqlw,BaTi4AlO7,train
mp-aaachqkv,Sr2YAlSn2O7,train
mp-aaachqmm,Ba2Cr3O8,test
mp-aaachqmd,BaYCu4O7,train
mp-aaachqmg,BaYTi4O7,train
mp-aaachqoa,BaYSn4O7,train
mp-aaachqnf,Ba2AlW3O8,train
mp-aaachqmz,MgCr2O5,train
mp-aaachqpg,CaMnO2,test
mp-aaachqny,Ba2AlV3O8,train
mp-aaachqna,Ba2YW3O8,train
mp-aaachqod,BaSb4O7,train
mp-aaachqph,BaSn4O7,test
mp-aaachqmo,CaP4W3O14,train
mp-aaachqmt,Ba2YNi3O8,train
mp-aaachqmu,CaCoO2,train
mp-aaachqnd,BaAlCu4O7,train
mp-aaachqnm,Ba2Sb3O7,train
mp-aaachqoo,Sb3Se2ClO8,train
mp-aaachqpa,Ba2YMo3O8,test
mp-aaachqob,BaBi4O7,train
mp-aaachqoq,Ba2AlCo3O8,train
mp-aaachqnp,Ba2AlFe3O8,train
mp-aaachqoi,Ba2Mn3O8,test
mp-aaachqpo,Ba2Bi3O7,train
mp-aaachqnv,BaAlSn4O7,test
mp-aaachqop,BaCu4O7,test
mp-aaachqoy,Ba2Sn3O7,train
mp-aaachqnk,Al2(CuO2)3,test
mp-aaachqpe,Ba2W3O8,train
mp-aaachqoh,Ba2AlCr3O8,train
mp-aaachqpj,BaTi4O7,train
mp-aaachqqt,MgCoP2O7,train
mp-aaachqqo,BaAg4O7,train
mp-aaachqrw,CaNiO2,train
mp-aaachqra,AlBi3Se2ClO8,train
mp-aaachqqu,Ba2AlMo3O8,train
mp-aaachqrf,YSn3Se2ClO8,train
mp-aaachqpt,Ba2Ti3O7,train
mp-aaachqrl,TiZnO2,train
mp-aaachqry,MgCrP2O7,train
mp-aaachqqi,Ba2AlNi3O8,train
mp-aaachqrk,Ba3Y5(NiO5)3,train
mp-aaachqrs,MnZnP2O7,train
mp-aaachqrr,MgNiP2O7,train
mp-aaachqqx,Sr2Y2Cu2O7,train
mp-aaachqsb,MgFeP2O7,test
mp-aaachqrb,VZnP2O7,train
mp-aaachqrn,MgCr2O4,train
mp-aaachqrd,MgVP2O7,train
mp-aaachqqz,AlSb3Se2ClO8,test
mp-aaacpkub,K3Cr,train
mp-aaacpkud,K3Ir,train
mp-aaacpkuf,K3Ca,train
mp-aaacpktg,In3Ni,train
mp-aaacpktm,InCu3,train
mp-aaacpktr,K3Mo,train
mp-aaacpkuk,K3Al,train
mp-aaacpkuq,HoMg3,train
mp-aaacpkul,In3Se,train
mp-aaacpkup,K3Ba,train
mp-aaacpkua,HoTmCd2,test
mp-aaacpkue,K3Li,train
mp-aaacpkug,K3Cu,test
mp-aaacpkty,InAgAu2,test
mp-aaacpktb,HoLuIr2,train
mp-aaacpktu,HoMg5,train
mp-aaacpktt,HoScZn2,test
mp-aaacpkts,K3Ba,train
mp-aaacpktd,K3Mg,test
mp-aaacpktq,K3Mg,test
mp-aaacpkuh,IBr2,test
mp-aaacpktl,In3Pt,train
mp-aaacpkuc,K3Cr,train
mp-aaacpkun,HoZr,train
mp-aaacpkuo,K3Mn,train
mp-aaacpktn,HI3,train
mp-aaacpksz,K3Li,train
mp-aaacpktv,HoTmHg2,train
mp-aaacpkuj,HoMg2,train
mp-aaacpkvp,InAsO3,test
mp-aaacpkvm,K3Ba,train
mp-aaacpkuy,K3Os,train
mp-aaacpkus,HoPaRu2,train
mp-aaacpkwk,In3Si,train
mp-aaacpkvv,K3Na,train
mp-aaacpkvc,K3Dy,test
mp-aaacpkvx,In3Pb,train
mp-aaacpkux,K3Er,train
mp-aaacpkvl,HoNpRu2,train
mp-aaacpkvt,K3Eu,train
mp-aaacpkwd,HoNp,train
mp-aaacpkvr,In3Ge,train
mp-aaacpkvf,K3Nd,train
mp-aaacpkwc,HoNp3,train
mp-aaacpkvb,HoTm3,train
mp-aaacpkvq,Li2EuIn,train
mp-aaacpkvw,HoOs3,train
mp-aaacpkwh,HoNp3,train
mp-aaacpkwj,In3Hg,train
mp-aaacpkut,HoLuCu2,train
mp-aaacpkvu,K3Li,train
mp-aaacpkwi,In3Pb,train
mp-aaacpkvk,HoU3,train
mp-aaacpkwb,K3Cr,train
mp-aaacpkuu,In3S,train
mp-aaacpkuv,K3Na,train
mp-aaacpkva,K3Ga,train
mp-aaacpkvh,K,train
mp-aaacpkvo,K3Ho,train
mp-aaacpkvj,K3Cd,train
mp-aaacpkuw,In3Sn,test
mp-aaacpkvg,In3Ga,test
mp-aaacpkvi,K3Er,train
mp-aaacpkvs,K3Mn,train
mp-aaacpkwf,In3Ni,train
mp-aaacpkuz,K3Nb,test
mp-aaacpkvd,K3Mn,train
mp-aaacpkve,K3Dy,test
mp-aaacpkwg,HoLu3,train
mp-aaacpkvz,K3Hf,train
mp-aaacpkwq,KTeO3,train
mp-aaacpkxh,KRbO3,test
mp-aaacpkwl,KPbO3,train
mp-aaacpkwm,KAlO3,test
mp-aaacpkwr,KLuO3,train
mp-aaacpkwo,KH3,train
mp-aaacpkyg,Li2BiAu,test
mp-aaacpkxg,Li2TlHg,train
mp-aaacpkxj,KSrO3,train
mp-aaacpkwp,KLiO3,test
mp-aaacpkwt,KBi3,train
mp-aaacpkxr,Li2PbAu,train
mp-aaacpkws,KAuO3,train
mp-aaacpkwv,KYO3,test
mp-aaacpkxi,Li2TlIn,train
mp-aaacpkya,Li2CdAg,train
mp-aaacpkwn,KAsO3,train
mp-aaacpkxs,Li2LuIn,train
mp-aaacpkxx,Li2TlSb,test
mp-aaacpkwu,KHoO3,train
mp-aaacpkwx,KCoO3,train
mp-aaacpkwy,KMnO3,train
mp-aaacpkye,Li2CeGa,train
mp-aaacpkxv,LaAg2Hg,train
mp-aaacpkxd,KYbO3,train
mp-aaacpkxe,KDyO3,train
mp-aaacpkxl,KLi3,test
mp-aaacpkxm,KCd3,test
mp-aaacpkxp,LaZnO3,train
mp-aaacpkxu,Li2HgBi,train
mp-aaacpkxw,Li2InBi,test
mp-aaacpkxz,La3Zn,test
mp-aaacpkyf,Li2NdPb,train
mp-aaacpkww,KZnO3,train
mp-aaacpkxa,KZrO3,train
mp-aaacpkxb,Li2GePt,test
mp-aaacpkxn,KPm3,train
mp-aaacpkyc,Li2InHg,train
mp-aaacpkyb,Li2AgBi,train
mp-aaacpkwz,KTmO3,test
mp-aaacpkxf,Li2TlCd,train
mp-aaacpkxk,KMgO3,train
mp-aaacpkxo,LaMgO3,train
mp-aaacpkxq,Li2CdPt,train
mp-aaacpkxt,Li2AgGe,train
mp-aaacpkxy,Li2ScIn,train
mp-aaacpkyd,Li2AgPb,train
mp-aaacpkyt,La3Cd,train
mp-aaacpkyk,Li2NdGa,train
mp-aaacpkyo,KMg3,train
mp-aaacpkym,Li2SmAl,train
mp-aaacpkyn,LaDyTl2,train
mp-aaacpkys,KHg3,train
mp-aaacpkyy,K3Ru,train
mp-aaacpkyu,LaF,test
mp-aaacpkzi,Li2CaTl,train
mp-aaacpkzw,LaAg3,train
mp-aaacpkzx,LaNdTl2,train
mp-aaacpkyq,KCdO3,train
mp-aaacpkzu,K3Ta,train
mp-aaacpkyv,KRbAu2,train
mp-aaacpkzk,LaErTl2,train
mp-aaacpkzq,La2RuAu,train
mp-aaacpkzs,LaHoTl2,train
mp-aaacpkzz,LaYbAu2,train
mp-aaacpkze,KSr3,train
mp-aaacpkzr,KYb3,train
mp-aaacpkzh,KOsO3,train
mp-aaacpkzp,Li2PrGa,train
mp-aaacpkyz,Li2AcAl,train
mp-aaacpkzb,La3Cl,train
mp-aaacpkyr,La3Ag,train
mp-aaacpkzc,LaPmIr2,test
mp-aaacpkzg,KAcO3,train
mp-aaacpkzm,La2MgAl,train
mp-aaacpkzy,KLi3,test
mp-aaacpkzj,La3Zr,train
mp-aaacpkyl,KGdO3,train
mp-aaacpkzt,LaPmRu2,train
mp-aaacpkyh,Li2CdBi,train
mp-aaacpkyw,GdCdRh2,train
mp-aaacpkza,La3Br,test
mp-aaacpkzd,KLa3,train
mp-aaacpkzv,La2Si2O5,train
mp-aaacpkyi,KCa3,train
mp-aaacpkyx,LaMgAu2,train
mp-aaacpkzn,KNpO3,train
mp-aaacpkyj,Li2InPb,train
mp-aaacpkyp,Li2SnPb,train
mp-aaacpkzf,LaAlAg2,train
mp-aaacpkzl,LaYbPt2,test
mp-aaacpkzo,KCa3,train
mp-aaacplaa,Li2CaAl,train
mp-aaacplbh,LaSmIr2,train
mp-aaacplaw,La2TlAg,train
mp-aaacplal,Li2CeSn,train
mp-aaacplad,K3Zn,train
mp-aaacplag,Li2CdIn,train
mp-aaacplay,LaYbRh2,train
mp-aaacplbc,KSm,test
mp-aaacplab,K3Zn,train
mp-aaacplae,KAc3,train
mp-aaacplah,LaErIn2,train
mp-aaacplak,LaSmTl2,train
mp-aaacplam,LaNdIr2,train
mp-aaacplap,In3Pd,train
mp-aaacplan,KHg3,train
mp-aaacplai,KNd,test
mp-aaacplbp,LaLuTl2,train
mp-aaacplar,LaPrIr2,train
mp-aaacplau,LaErMg2,train
mp-aaacplbb,Hf2InNi2,train
mp-aaacplbt,K3Tb,train
mp-aaacplas,LaTmTl2,train
mp-aaacplac,K3Tc,test
mp-aaacplao,KHg3,train
mp-aaacplba,K3In,train
mp-aaacplbj,KPm3,train
mp-aaacplbs,KBa3,train
mp-aaacplaf,KAc3,train
mp-aaacplaz,KPt3,train
mp-aaacplbe,LaPrMg2,train
mp-aaacplbf,K3Ru,train
mp-aaacplbn,K3Co,train
mp-aaacplbo,LaLuIn2,train
mp-aaacplat,KMg3,train
mp-aaacplbl,LaZrO3,train
mp-aaacplaj,LaY3,train
mp-aaacplbm,La3Hg,train
mp-aaacplaq,LaPr3,train
mp-aaacplav,KPm,train
mp-aaacplbi,La2MgCd,train
mp-aaacplbk,LaYbMg2,test
mp-aaacplax,KCe3,train
mp-aaacplbd,K3Yb,train
mp-aaacplbg,LaLuMg2,train
mp-aaacplbq,KCa3,train
mp-aaacplbr,LaNdMg2,train
mp-aaacplcf,La3Zn,test
mp-aaacplcj,LaPrTl2,train
mp-aaacplca,KRb3,test
mp-aaacplcg,LaYbTl2,train
mp-aaacplce,LaPtO3,test
mp-aaacplcl,La5Mg,train
mp-aaacplbw,LaHoIn2,train
mp-aaacpldc,K3Zr,train
mp-aaacplbz,K3Tm,train
mp-aaacplby,LaYbPd2,test
mp-aaacplcu,La2AgHg,train
mp-aaacpldj,KEu3,train
mp-aaacplcq,La3Sc,train
mp-aaacplcx,La3Tl,train
mp-aaacplci,KSm3,train
mp-aaacplck,K3Rb,train
mp-aaacplcp,K3Y,train
mp-aaacplcr,K3Zn,train
mp-aaacplct,KHg3,train
mp-aaacplcw,La2ZnHg,train
mp-aaacplcd,KY,test
mp-aaacplcb,KEu3,train
mp-aaacplch,K3W,train
mp-aaacplbv,K3Ta,train
mp-aaacplcz,LaU3,train
mp-aaacplbu,LaNd3,train
mp-aaacplcm,LaZn2Ag,test
mp-aaacplcv,LaYZn2,train
mp-aaacplda,KTe3,train
mp-aaacpldd,La3Ta,test
mp-aaacpldf,K3Pr,train
mp-aaacpldh,La3Cd,train
mp-aaacpldb,KRb3,test
mp-aaacplcs,La5Mg,train
mp-aaacpldg,La3Pm,train
mp-aaacplco,LaPmTl2,train
mp-aaacplcy,KIn3,test
mp-aaacplde,K3Rh,train
mp-aaacplbx,K3Tc,test
mp-aaacplcc,KYb3,train
mp-aaacpldi,K3Re,train
mp-aaacplcn,K3Os,train
mp-aaacpldl,La3Nb,train
mp-aaacpldu,Li2YAl,test
mp-aaacpled,KBr3,train
mp-aaacplen,LaAs3,train
mp-aaacpldo,K3Tl,train
mp-aaacpldw,La3Hf,train
mp-aaacpleu,La3Tb,train
mp-aaacplel,La2CdHg,train
mp-aaacplet,KSn3,train
mp-aaacplfa,KPr3,train
mp-aaacpldn,K3Rb,train
mp-aaacplds,LaNd3,train
mp-aaacpldp,LaZn3,train
mp-aaacpleb,LaPm3,test
mp-aaacplec,LaYbCu2,train
mp-aaacplek,Dy4Ga21Ni10,train
mp-aaacpldk,La3Cl,train
mp-aaacpldy,LaTmMg2,train
mp-aaacpldr,K3Tb,train
mp-aaacpldv,La3Hg,train
mp-aaacplea,LaPr3,train
mp-aaacplew,La3Ce,train
mp-aaacplep,La3Sm,train
mp-aaacpldq,LaSnO3,train
mp-aaacpleg,LaPrZn2,train
mp-aaacplei,K3Tm,train
mp-aaacples,La3Nd,train
mp-aaacpldz,LaPmMg2,test
mp-aaacpldm,La3Yb,train
mp-aaacpley,LaCe3,train
mp-aaacpldt,K3Tb,train
mp-aaacpldx,LaPmZn2,train
mp-aaacplef,La3Zr,train
mp-aaacpleo,K3Pm,train
mp-aaacpleq,KCl3,train
mp-aaacplev,KPt,train
mp-aaacplex,KBa3,train
mp-aaacpleh,K3V,test
mp-aaacpler,Li2U2O5,train
mp-aaacplez,K3Pm,train
mp-aaacplee,LaYMg2,test
mp-aaacplej,K3Th,train
mp-aaacplem,KTh3,train
mp-aaacplfk,KRb3,test
mp-aaacplfx,LaEuPt2,train
mp-aaacplfi,LaSm3,train
mp-aaacplfg,HoGePd,test
mp-aaacplfc,La3Tm,train
mp-aaacplfd,La3Ti,train
mp-aaacplfj,LaP5,test
mp-aaacplgo,LaEuAg2,test
mp-aaacplfl,LaCeMg2,train
mp-aaacplfw,Li3B,train
mp-aaacplga,Li3Nb,test
mp-aaacplgp,La5Al2Ru3,train
mp-aaacplfn,LaU3,train
mp-aaacplfu,La2SnHg,test
mp-aaacplfe,LaYb3,test
mp-aaacplfh,La3Ru,train
mp-aaacplfs,La(Mg4Al3)4,train
mp-aaacplgc,Li2YbTl,train
mp-aaacplgd,Li3Mo,train
mp-aaacplfm,La3Lu,train
mp-aaacplff,LaTa3,train
mp-aaacplfy,LaEuCd2,train
mp-aaacplgb,Li3Cr,train
mp-aaacplgj,La2CdIn,train
mp-aaacplfr,Li(Mg4Al3)4,train
mp-aaacplft,K3Th,train
mp-aaacplgi,Li3La,train
mp-aaacplfp,K3Ti,test
mp-aaacplge,K3Zr,train
mp-aaacplgh,Li3Pm,train
mp-aaacplgk,La2TlIn,train
mp-aaacplgn,Li3Ho,train
mp-aaacplfz,LaCeHg2,train
mp-aaacplfv,Li10Co4O9,train
mp-aaacplgl,La2InAg,train
mp-aaacplfq,LaEuAu2,train
mp-aaacplgg,Li2YbIn,train
mp-aaacplfo,K3Th,train
mp-aaacplgf,K3Ti,test
mp-aaacplgm,Li10Ni4O9,test
mp-aaacplgz,Li2ZnSi,train
mp-aaacplhr,Li3Eu,train
mp-aaacplgr,K,train
mp-aaacplhf,Li3Fe,test
mp-aaacplgx,LiCdHg2,test
mp-aaacplhe,Li3Ni,train
mp-aaacplii,LiY2Ga,train
mp-aaacplim,LiYPd2,test
mp-aaacplgw,Li3Pm,train
mp-aaacplgv,Li3Hg,train
mp-aaacplgy,Li3Lu,train
mp-aaacplhb,LaY3,train
mp-aaacplhg,Li3Nb,test
mp-aaacplie,LiY3,train
mp-aaacplhz,Li3Rh,train
mp-aaacplhh,LaEuPd2,test
mp-aaacplhi,LiCe2Pb,train
mp-aaacplhw,LaCoO3,train
mp-aaacplha,LaSbTe,train
mp-aaacplhc,LiCd2Ni,test
mp-aaacplhq,La3Yb,train
mp-aaacplhx,Li2YIn,train
mp-aaacplil,Li2CeIn,train
mp-aaacplio,ErMg149,train
mp-aaacplhd,K3U,train
mp-aaacplig,LiTm2Ga,train
mp-aaacplid,LiTl2Pd,train
mp-aaacplin,LiU,train
mp-aaacplhm,Li3Eu,train
mp-aaacplgu,Li3Ni,train
mp-aaacplgq,Li3Au,train
mp-aaacplho,LiCe2Os,train
mp-aaacplgt,LiCdO3,train
mp-aaacplgs,KPb3,test
mp-aaacplhl,KEu3,train
mp-aaacplhn,LaTb3,test
mp-aaacplik,LiYb2Cd,train
mp-aaacplhj,LaCeZn2,train
mp-aaacplhs,HoPu3,train
mp-aaacplia,LiTmO3,train
mp-aaacplht,LiCe2Ga,train
mp-aaacplhv,Li3Ce,train
mp-aaacplic,LiTiPd2,train
mp-aaacplih,LiYb2Al,test
mp-aaacplij,LiY3,train
mp-aaacplhu,LaGdTl2,test
mp-aaacplhy,LiCe2Al,train
mp-aaacplif,LiY2Tl,test
mp-aaacplib,LiW3,train
mp-aaacpliq,LaPu3,train
mp-aaacpliy,LiNi2Sb,train
mp-aaacplis,LiYb2In,train
mp-aaacplji,LiNpRh2,train
mp-aaacplkd,Li3Zn,train
mp-aaacpljj,LiPa,train
mp-aaacplir,LiTl3,train
mp-aaacpliv,LiY3,train
mp-aaacpljd,Li3Sn,train
mp-aaacpljn,LiPb3,test
mp-aaacplkg,LiAc2Pb,test
mp-aaacplit,Li3Rh,train
mp-aaacpljb,LiPaO3,train
mp-aaacplje,LiNi3,test
mp-aaacpliz,LiNiO3,train
mp-aaacpljf,LiNpRu2,test
mp-aaacpljv,Li3Tm,train
mp-aaacplke,LiAc2Sn,train
mp-aaacplkn,LiF,train
mp-aaacplkk,K3Ce,test
mp-aaacpljy,Li3Yb,train
mp-aaacplki,Li3Yb,train
mp-aaacpliu,Li3Np,train
mp-aaacplkj,LiAcO3,train
mp-aaacpljk,Li3Sm,train
mp-aaacplkh,Li3Zr,train
mp-aaacplkm,LiAg3,test
mp-aaacplip,LiY2Hg,train
mp-aaacpljc,La3Eu,train
mp-aaacpljz,LiAc3,train
mp-aaacpljh,Li3Gd,train
mp-aaacplkb,Li3Y,train
mp-aaacpljx,LiAcHg2,train
mp-aaacplju,Li3Tb,train
mp-aaacpljm,LiNp3,train
mp-aaacpljq,Gd(Mg4Al3)4,train
mp-aaacplko,LiBO3,test
mp-aaacplkf,LiAc2Tl,train
mp-aaacplix,K3Eu,train
mp-aaacplja,LiPd2Au,train
mp-aaacpljs,Li3Te,test
mp-aaacplkl,EuMg149,train
mp-aaacpliw,Li3Pu,train
mp-aaacpljg,Li3Sc,train
mp-aaacpljo,Fe3O4,train
mp-aaacpljp,K8Li31Al8O32,train
mp-aaacplka,Li3W,train
mp-aaacplkc,Li3W,train
mp-aaacplkq,LiAlZn2,train
mp-aaacplkp,LiGeO3,train
mp-aaacplkr,LiGePt2,train
mp-aaacpllj,LiHfAu2,train
mp-aaacplle,LiGe2Ir,test
mp-aaacplks,LiCrRh2,test
mp-aaacpllr,LiDy2Rh,train
mp-aaacplkv,LiAg2Sb,train
mp-aaacplkw,LiErO3,train
mp-aaacplme,LiEuO3,train
mp-aaacpllh,LiAl2Au,test
mp-aaacplmf,LiEr3,train
mp-aaacplmg,LiCeZn2,test
mp-aaacplmw,LiGd2In,train
mp-aaacplmx,LiMgHg2,train
mp-aaacplmy,LiMgAg2,train
mp-aaacplky,LiCu3,train
mp-aaacpllk,LiDy2In,train
mp-aaacplmd,LiCe3,train
mp-aaacplmi,LiF3,train
mp-aaacplmu,LiMnIr2,train
mp-aaacpllv,LiEu2Tl,train
mp-aaacplly,LiCu3,train
mp-aaacpllz,LiEu2Ir,train
mp-aaacplmk,LiCa3,train
mp-aaacplna,LiMg2In,train
mp-aaacpllt,LiAu3,test
mp-aaacplmv,LiNbRu2,train
mp-aaacplmz,LiMg2Au,train
mp-aaacplls,LiGa3,train
mp-aaacpllu,LiCeHg2,train
mp-aaacplmm,LiGa3,train
mp-aaacplnb,LiInHg2,train
mp-aaacplla,LiCd2Cu,train
mp-aaacplli,LiCuAu2,train
mp-aaacplll,LiCa2Pb,train
mp-aaacpllx,LiHg3,train
mp-aaacpllc,LiGa2Co,train
mp-aaacpllf,LiCl,train
mp-aaacplln,LiDy2Tl,train
mp-aaacpllo,LiHo2In,test
mp-aaacpllw,LiGe3,test
mp-aaacplmp,LiEu3,train
mp-aaacplmq,LiMgO3,train
mp-aaacplma,LiDy3,train
mp-aaacplmc,LiAg3,test
mp-aaacplmh,LiDy2Ga,test
mp-aaacplkt,LiAl2Cu,train
mp-aaacplku,LiDyO3,train
mp-aaacplkx,LiCrO3,train
mp-aaacpllb,Li3La3(MoO6)2,train
mp-aaacplld,LiBe2Pt,train
mp-aaacpllg,LiFeO3,train
mp-aaacplmr,LiLaO3,train
mp-aaacplms,LiMgCd2,test
mp-aaacplkz,LiAlO3,test
mp-aaacpllq,LiEr2Au,train
mp-aaacplmb,LiEu2Cd,test
mp-aaacplmo,LiGd2Os,test
mp-aaacplmn,K3Ce,test
mp-aaacplmt,LiMg2Cd,train
mp-aaacpllm,LiDy2Pt,train
mp-aaacpllp,LiAcRh2,train
mp-aaacplmj,LiEu2Hg,test
mp-aaacplnl,LiMg2Ni,train
mp-aaacplop,LiPrAu2,train
mp-aaacplnu,LiGdTl2,train
mp-aaacplob,LiLuRh2,train
mp-aaacplnv,LiNdO3,train
mp-aaacplnc,LiMgIn2,train
mp-aaacplnn,LiIn2Ag,train
mp-aaacplny,LiNdZn2,train
mp-aaacplon,LiLu2Re,test
mp-aaacplox,LiNdIn2,train
mp-aaacplpl,LiTb3,train
mp-aaacploz,LiYbO3,train
mp-aaacplnh,LiLu2Co,train
mp-aaacplpm,LiZnCu2,train
mp-aaacplpn,LiSi3,train
mp-aaacplos,LiRe3,train
mp-aaacplpa,LiZnPt2,train
mp-aaacploj,LiGdO3,train
mp-aaacplor,LiPmGa2,test
mp-aaacplpk,LiTi2Ir,train
mp-aaacplow,LiSiO3,train
mp-aaacplpi,Lu3Si,train
mp-aaacplok,LiMn,train
mp-aaacplol,LiPr2Ga,train
mp-aaacplpd,LiZnNi2,train
mp-aaacplng,LiLu2Pt,train
mp-aaacplnk,LiLaTl2,train
mp-aaacplne,LiMg,train
mp-aaacploi,LiPr2Rh,train
mp-aaacplns,LiHo3,train
mp-aaacplnw,LiPmO3,train
mp-aaacploh,LiPm2Sn,train
mp-aaacploo,LiPr3,train
mp-aaacplot,LiEu3,train
mp-aaacplod,LiPm3,test
mp-aaacploe,LiPr2Ir,train
mp-aaacplnd,LiLuIn2,train
mp-aaacplnz,LiPr2Al,train
mp-aaacplnp,LiIn2Ni,train
mp-aaacploa,LiGd2Al,test
mp-aaacplom,LiPrO3,train
mp-aaacploy,LiSb3,train
mp-aaacplpf,LiZrPd2,test
mp-aaacplph,LiSiAg2,train
mp-aaacplof,LiNdAu2,train
mp-aaacplpg,LiSc2Ga,test
mp-aaacplni,LiMgPb2,train
mp-aaacplnm,LiGd2Tl,train
mp-aaacplog,LiPm2Pb,test
mp-aaacplpc,LiRuO3,train
mp-aaacplnx,LiNd2Rh,test
mp-aaacplpb,LiSiPt2,train
mp-aaacplpo,LiZnCd2,train
mp-aaacplpp,LiSc2Pd,train
mp-aaacplnf,LiLu2Au,test
mp-aaacplno,LiMg,train
mp-aaacplnr,Eu5Nb4O15,train
mp-aaacploc,LiGd2Ga,train
mp-aaacploq,LiPrZn2,train
mp-aaacplnj,LiLaAu2,train
mp-aaacplnt,LiLuTl2,train
mp-aaacplov,LiPm2Co,train
mp-aaacplpe,LiZn2Ag,train
mp-aaacplpj,Lu3Al,train
mp-aaacplqh,LiSm3,train
mp-aaacplqv,Lu2GaOs,train
mp-aaacplqc,Lu2TlIn,train
mp-aaacplqr,LiSn3,test
mp-aaacplpr,LiYbAu2,test
mp-aaacplpq,LiSnPt2,train
mp-aaacplrj,Lu3Sc,train
mp-aaacplro,LiPmIn2,train
mp-aaacplrp,LuAlO3,train
mp-aaacplqp,Lu2CdOs,train
mp-aaacplqu,Lu2Ga2O5,train
mp-aaacplra,LiYb3,train
mp-aaacplqx,Lu2CoIr,train
mp-aaacplrd,Lu3Sn,test
mp-aaacplpt,LiThHg2,train
mp-aaacplpz,LiYbPb2,train
mp-aaacplrl,LiSmIn2,train
mp-aaacplrm,Lu3Np,test
mp-aaacplqs,LiThRh2,test
mp-aaacplqt,Lu2CdTc,train
mp-aaacplrk,LiPu3,test
mp-aaacplps,Lu2GaRu,train
mp-aaacplpy,Lu2CuPd,train
mp-aaacplqa,LiScRh2,train
mp-aaacplqe,Lu2CdHg,train
mp-aaacplqq,LaGd3,test
mp-aaacplpw,Lu3Cd,train
mp-aaacplpv,LiYbTl2,test
mp-aaacplqy,LiMg17Al11,train
mp-aaacplqb,LiTbIn2,train
mp-aaacplrb,LiTb3,train
mp-aaacplrn,Lu(Mg4Al3)4,test
mp-aaacplpu,Lu3Hg,train
mp-aaacplqf,Lu2CoOs,train
mp-aaacplpx,LiSm2Ga,test
mp-aaacplqi,Lu2CuAu,train
mp-aaacplqj,Lu2TlZn,train
mp-aaacplqw,LiThPt2,train
mp-aaacplqz,LiYb3,train
mp-aaacplrf,Lu3Mg,train
mp-aaacplrc,LiGdIn2,train
mp-aaacplrh,LiTe3,train
mp-aaacplri,Lu3In,train
mp-aaacplqg,LiTh2Tc,train
mp-aaacplqk,LiScIn2,test
mp-aaacplqd,LiYbPd2,train
mp-aaacplqm,Lu2PdAu,train
mp-aaacplqn,Lu2CoCu,train
mp-aaacplqo,LiSm2Al,train
mp-aaacplql,LiRh3,train
mp-aaacplry,LuMn3,train
mp-aaacplsj,LuMnRh2,train
mp-aaacplsb,LuNi3,train
mp-aaacplsn,LuAlCu2,test
mp-aaacplsp,LuHfCo2,test
mp-aaacplsg,LuMg3,train
mp-aaacplru,LuPdO3,train
mp-aaacplsf,LuMgTl2,train
mp-aaacplsw,LuNpRu2,train
mp-aaacplrq,LiTi2O4,test
mp-aaacplrs,LuGaO3,train
mp-aaacplrt,LuInPt2,test
mp-aaacplsi,LuTe,train
mp-aaacplsl,LuAgHg2,train
mp-aaacplrz,LuBiPd2,train
mp-aaacplsm,LuScCu2,train
mp-aaacplrv,LuScIr2,train
mp-aaacplrw,LuMg3,train
mp-aaacplsc,LuNpO3,train
mp-aaacplsd,LuAg3,train
mp-aaacpltb,LuTa3,train
mp-aaacplso,LuScCo2,train
mp-aaacplrx,LuHfIr2,train
mp-aaacplsa,LuHfRh2,train
mp-aaacplse,LuMgAg2,train
mp-aaacplsq,LuCdPt2,train
mp-aaacplss,LuGeO3,train
mp-aaacplrr,LuF3,train
mp-aaacplsx,LuRu3,train
mp-aaacplsk,LuScHg2,train
mp-aaacplsy,LuBi3,train
mp-aaacplsr,HfMg149,train
mp-aaacpltc,Li95Mn16O64,test
mp-aaacplsh,LuGaNi2,test
mp-aaacplst,LuMg2Sc,train
mp-aaacplsv,Mg(AlH4)2,train
mp-aaacplsz,Mg(BH4)2,train
mp-aaacplta,Lu3Tl,train
mp-aaacplth,LuReO3,train
mp-aaacplue,CsTaO3,train
mp-aaacplte,LiGd3,train
mp-aaacpltt,CsNa3,train
mp-aaacplug,CsK3,train
mp-aaacpltf,LuPaRe2,train
mp-aaacpltr,CeGd3,train
mp-aaacpltd,Lu3Th,test
mp-aaacpltw,CsTlO3,train
mp-aaacpluf,Cs3Hg,train
mp-aaacplti,LuZr3,train
mp-aaacpltu,CsK2Rb,test
mp-aaacpltx,CsPbO3,test
mp-aaacplua,CsAuO3,train
mp-aaacpltg,La3Eu,train
mp-aaacpltn,Cs2O3,train
mp-aaacpltv,CsK3,train
mp-aaacpltp,Cs2HgTe,train
mp-aaacplub,Mg149Br,train
mp-aaacpltj,LiNd6B3O13F2,train
mp-aaacpltq,Cs3As,train
mp-aaacpltm,HoMg149,train
mp-aaacplty,CsRb2Bi,train
mp-aaacpluc,CsEuO3,train
mp-aaacplud,CsTbO3,test
mp-aaacplul,CsRb3,train
mp-aaacplui,Mg149H,test
mp-aaacpluk,CsK3,train
mp-aaacplun,CsSbO3,train
mp-aaacpluj,Mg149Bi,train
mp-aaacpluo,CsGd,train
mp-aaacpluh,Mg149Ru,train
mp-aaacplux,CsAs(HO2)2,train
mp-aaacplut,CsCe,train
mp-aaacpluv,CsEu3,train
mp-aaacplup,Cs3Ca,train
mp-aaacpluu,Mg149Pt,train
mp-aaacplur,Mg149Mo,train
mp-aaacpluw,Mg149Pb,test
mp-aaacpluq,CsYbO3,train
mp-aaacplus,Cs3Ac,test
mp-aaacpluz,Mg149Au,test
mp-aaacplva,Eu2Mn2O5,train
mp-aaacplvh,Mg149Cd,train
mp-aaacplvi,Mg149Rh,test
mp-aaacplve,Mg149S,test
mp-aaacplvf,Mg149Hg,train
mp-aaacplvj,Mg149Re,train
mp-aaacplvd,CsHg3,test
mp-aaacplvg,Mg149Pd,train
mp-aaacplvq,Mg149I,train
mp-aaacplvs,Mg149Fe,train
mp-aaacplvp,Mg149Nb,train
mp-aaacplvm,Mg149Be,train
mp-aaacplvr,Mg149Ag,train
mp-aaacplvl,Mg149Cr,train
mp-aaacplvk,Mg149Cl,test
mp-aaacplvo,Gd3Ag,train
mp-aaacplvt,Mg149P,train
mp-aaacplvn,Gd2PdRh,test
mp-aaacplwb,LaPmGa2,train
mp-aaacplwk,LaPu3,train
mp-aaacplvv,LuMg149,test
mp-aaacplvw,Mg149Al,train
mp-aaacplvx,Mg149Ga,train
mp-aaacplvz,Mg149Ni,train
mp-aaacplwi,LaGd3,test
mp-aaacplvu,Mg149In,train
mp-aaacplwc,La2GaAg,train
mp-aaacplvy,GdLuRh2,train
mp-aaacplwd,LaSmMg2,train
mp-aaacplwe,LaCe3,train
mp-aaacplwh,LaEuHg2,train
mp-aaacplwf,LaSe3,train
mp-aaacplwl,Lu3Pu,train
mp-aaacplwg,La3Ho,train
mp-aaacplwj,LiGd2Rh,train
mp-aaacplxb,Mg149Mn,train
mp-aaacplxg,Mg149Se,train
mp-aaacplww,MgZrZn2,train
mp-aaacplxa,Mg16Al12Cd,train
mp-aaacplwp,MgZnNi2,train
mp-aaacplxc,Mg149Sb,train
mp-aaacplwn,MgTlO3,test
mp-aaacplwr,MgZn2Pt,test
mp-aaacplwu,MgVRu2,train
mp-aaacplwy,MgZrNi2,train
mp-aaacplxi,Mg149Si,train
mp-aaacplwq,Mn2CrSi,train
mp-aaacplwm,MgZnO3,train
mp-aaacplwt,MgZn2Rh,train
mp-aaacplxf,Mg149Sc,train
mp-aaacplwo,MgUO3,train
mp-aaacplws,MgVRh2,train
mp-aaacplwx,MgURu2,train
mp-aaacplxe,MgIn3,test
mp-aaacplxd,MgIn2,train
mp-aaacplxj,Mg149Tl,train
mp-aaacplwv,MgZn2Ir,train
mp-aaacplwz,MgZrPt2,test
mp-aaacplxp,Mg149V,train
mp-aaacplxl,Mg149Sn,train
mp-aaacplxo,Mg149Ta,train
mp-aaacplxr,Mg16Al12Ag,train
mp-aaacplxk,Mg149Tc,test
mp-aaacplxm,Mg149Te,test
mp-aaacplxn,Mg149Ti,train
mp-aaacplxu,Mg16Al12Br,train
mp-aaacplxv,Mg16Al12Ag,train
mp-aaacplxs,Mg16Al12Bi,train
mp-aaacplxq,Mg149Zn,train
mp-aaacplxt,Mg16Al12Au,train
mp-aaacplym,Mg16Al12Ga,test
mp-aaacplyj,Mg16Al12Fe,train
mp-aaacplyg,Mg16Al12Cr,train
mp-aaacplyf,Mg16Al12Cr,train
mp-aaacplxw,Mg16Al12Au,train
mp-aaacplya,Mg16Al12Cd,train
mp-aaacplyk,Mg2CdAg,test
mp-aaacplxy,Mg16Al12Bi,train
mp-aaacplyt,Mg16Al12Ge,train
mp-aaacplyu,Mg16Al12H,train
mp-aaacplyr,Mg16Al12O,test
mp-aaacplyo,NaCu3,train
mp-aaacplyd,Mg149Zr,train
mp-aaacplye,Mg16Al12Co,test
mp-aaacplxx,Mg16Al12Br,train
mp-aaacplyv,Mg16Al12Mo,train
mp-aaacplxz,Mg16Al12Cd,train
mp-aaacplyh,Mg16Al12Cu,train
mp-aaacplyn,Mg16Al12Ga,test
mp-aaacplyb,Mg16Al12Cl,train
mp-aaacplyc,Mg16Al12Cl,train
mp-aaacplyi,Mg16Al12F,train
mp-aaacplyp,Na3Ge,train
mp-aaacplyq,Mg16Al12Hg,train
mp-aaacplyx,Mg16Al12Hg,train
mp-aaacplyl,Mg16Al12Ga,test
mp-aaacplys,Mg16Al12Ge,train
mp-aaacplyw,Mg16Al12N,train
mp-aaacplze,Mg16Al12Pb,train
mp-aaacplzc,Mg16Al12Ni,train
mp-aaacplzk,Mg16Al12Os,train
mp-aaacplzf,Mg16Al12I,train
mp-aaacplyy,Mg16Al12I,train
mp-aaacplzm,Mg16Al12Pd,test
mp-aaacplzr,MgAu5,test
mp-aaacplzv,MgBi5,train
mp-aaacplzs,MgBe3,test
mp-aaacpmac,Mg16Al12Si,train
mp-aaacplzh,Mg16Al12In,train
mp-aaacplzw,Mg16Al12Pt,train
mp-aaacplzo,MgBeO3,train
mp-aaacplzz,Mg16Al12Rh,train
mp-aaacpmaa,Mg16Al12S,train
mp-aaacplza,Mg16Al12Pb,train
mp-aaacplzb,Mg16Al12In,train
mp-aaacplzn,Mg16Al12Pt,train
mp-aaacpmab,MgNi2,train
mp-aaacplzg,Mg16Al12O,test
mp-aaacplyz,Mg16Al12Pb,train
mp-aaacplzp,MgBO3,train
mp-aaacplzu,MgBi5,train
mp-aaacpmad,Mg16Al12Se,train
mp-aaacplzq,MgBi,test
mp-aaacplzt,MgBi3,train
mp-aaacpmae,Mg16Al12Sb,test
mp-aaacplzd,Mg16Al12Ir,train
mp-aaacplzx,Mg16Al12Re,train
mp-aaacplzj,MgSc5,train
mp-aaacplzl,Mg16Al12P,test
mp-aaacplzi,Mg16Al12Pd,test
mp-aaacplzy,Mg16Al12Ru,train
mp-aaacpmaf,Mg16Al12Sn,train
mp-aaacpmag,Mg16Al12Sn,train
mp-aaacpmaq,Mg16Al12Zn,train
mp-aaacpmak,Mg16Al12Tl,test
mp-aaacpmax,Mg16ScAl12,train
mp-aaacpman,Mg16Al12W,train
mp-aaacpmai,Mg16Al12Tc,train
mp-aaacpmbh,Mg17Al11Cd,train
mp-aaacpmas,Mg16BeAl12,train
mp-aaacpmal,Mg16Al12Tl,test
mp-aaacpmao,Mg16Al12Te,train
mp-aaacpmat,Mg16Al12V,train
mp-aaacpmba,Mg16TaAl12,train
mp-aaacpmbf,Mg16ZrAl12,train
mp-aaacpmau,Mg16MnAl12,train
mp-aaacpmar,Mg16Al12Zn,train
mp-aaacpmbj,Mg17Al11Hg,test
mp-aaacpmbe,Mg16TiAl12,train
mp-aaacpmbc,Mg16TaAl12,train
mp-aaacpmbg,Mg16ZrAl12,train
mp-aaacpmbi,Mg17Al11Au,train
mp-aaacpmbb,Mg16ScAl12,train
mp-aaacpmah,Mg16Al12Sn,train
mp-aaacpmay,Mg16PaAl12,test
mp-aaacpmaz,Mg16MnAl12,train
mp-aaacpmaj,Mg16Al12Te,train
mp-aaacpmam,Mg16Al12V,train
mp-aaacpmap,Mg16Al12Zn,train
mp-aaacpmbd,Mg16TiAl12,train
mp-aaacpmav,Mg16PaAl12,test
mp-aaacpmaw,Mg16ScAl12,train
mp-aaacpmcb,Mg2Al2O5,test
mp-aaacpmbk,Mg17Al11Ga,test
mp-aaacpmco,Mg2NiRh,train
mp-aaacpmce,Mg2HgAu,train
mp-aaacpmbo,Mg17Al11Rh,train
mp-aaacpmbx,Mg16UAl12,train
mp-aaacpmbs,Mg2Ag,train
mp-aaacpmdd,Mg3Os,train
mp-aaacpmbn,Mg17Al11Pt,train
mp-aaacpmbl,Mg17Al11In,test
mp-aaacpmbm,Mg17Al11Pb,train
mp-aaacpmcr,Mg2Sb,train
mp-aaacpmdh,Mg3Fe,train
mp-aaacpmck,Mg2IrRh,test
mp-aaacpmdc,Mg3Hg,train
mp-aaacpmcq,Mg2P,train
mp-aaacpmcg,Mg2CdRh,train
mp-aaacpmcv,Mg2Sc,train
mp-aaacpmcz,Mg17Al11Zn,test
mp-aaacpmbp,Mg16UAl12,train
mp-aaacpmbr,Mg17Al11Sn,train
mp-aaacpmbt,Mg2AgPd,test
mp-aaacpmcj,Mg2IrAu,train
mp-aaacpmcw,Mg2Si2O5,train
mp-aaacpmda,Mg3Ru,train
mp-aaacpmdf,Mg3Pb,train
mp-aaacpmby,Mg2Ag,train
mp-aaacpmcl,Mg2IrPd,train
mp-aaacpmcd,Mg17Al11Tl,train
mp-aaacpmcp,Mg2Pd,train
mp-aaacpmbu,Mg2AgHg,train
mp-aaacpmbz,Mg2CdHg,train
mp-aaacpmca,Mg2Ag,train
mp-aaacpmcf,Mg2CdPd,train
mp-aaacpmch,Mg2GaPd,train
mp-aaacpmci,Mg2Ge2O5,train
mp-aaacpmcn,Mg2NiIr,train
mp-aaacpmct,Mg2P,train
mp-aaacpmcm,Mg2IrPt,train
mp-aaacpmcx,Mg2Sc,train
mp-aaacpmdg,Mg3Cr,train
mp-aaacpmcy,Mg3C,train
mp-aaacpmbq,Mg16NpAl12,train
mp-aaacpmbv,Mg17Al11Si,train
mp-aaacpmbw,Mg2CdIr,test
mp-aaacpmcc,Mg2As,test
mp-aaacpmcs,Mg2Sc,train
mp-aaacpmde,Mg3Tl,test
mp-aaacpmcu,Mg2Ir2O5,train
mp-aaacpmdb,Mg3N,train
mp-aaacpmeo,MgAg2,test
mp-aaacpmeh,Mg3U,train
mp-aaacpmex,Mg5Pb,train
mp-aaacpmdp,Mg3Te,train
mp-aaacpmdz,Mg5Ag,train
mp-aaacpmdj,Mg2Ni,test
mp-aaacpmep,MgAg2,test
mp-aaacpmdv,Mg5Cu,train
mp-aaacpmdk,Mg3Tl,test
mp-aaacpmdl,Mg3Tc,train
mp-aaacpmdq,Mg2In,train
mp-aaacpmel,Mg5Sc,train
mp-aaacpmfb,Mg5In,test
mp-aaacpmfm,MgAu3,train
mp-aaacpmef,Mg5Au,test
mp-aaacpmdo,Mg3Tc,train
mp-aaacpmdn,Mg3Ru,train
mp-aaacpmdi,Mg3Sc,train
mp-aaacpmdt,Mg5Ag,train
mp-aaacpmdm,Mg3Re,test
mp-aaacpmey,Mg5Pb,train
mp-aaacpmeq,MgAgAu2,train
mp-aaacpmdx,Mg5Hg,train
mp-aaacpmeb,Mg5Ag,train
mp-aaacpmei,Mg5Pd,test
mp-aaacpmfa,Mg5Se,train
mp-aaacpmfn,MgBiO3,train
mp-aaacpmfr,MgC,train
mp-aaacpmea,Mg3V,train
mp-aaacpmen,Mg2NiH4,test
mp-aaacpmez,MgAg5,train
mp-aaacpmfc,MgAg3,train
mp-aaacpmdw,Mg5Ge,train
mp-aaacpmeg,Mg5Hg,train
mp-aaacpmej,Mg5In,test
mp-aaacpmer,Mg5Pb,train
mp-aaacpmev,Mg5Sc,train
mp-aaacpmew,Mg5In,test
mp-aaacpmfg,MgAg2,test
mp-aaacpmec,Mg5Hg,train
mp-aaacpmff,MgAg5,train
mp-aaacpmfo,MgAu3,train
mp-aaacpmfp,MgCo2Si,test
mp-aaacpmek,Mg5Pb,train
mp-aaacpmeu,Mg5Te,train
mp-aaacpmfd,Mg5Sc,train
mp-aaacpmfl,MgAs,test
mp-aaacpmdr,Mg3Pa,train
mp-aaacpmds,Mg3V,train
mp-aaacpmdu,Mg5Ag,train
mp-aaacpmdy,Mg5As,train
mp-aaacpmed,Mg5Ge,train
mp-aaacpmes,MgAlAu2,train
mp-aaacpmfe,Mg5Pt,train
mp-aaacpmfh,MgAlO3,test
mp-aaacpmfi,MgAg2,test
mp-aaacpmft,MgCo3,train
mp-aaacpmfj,MgAlNi2,train
mp-aaacpmfk,MgAu2,train
mp-aaacpmfq,MgCdPd2,train
mp-aaacpmee,Mg5Ge,train
mp-aaacpmet,Mg5In,test
mp-aaacpmfs,MgAu5,test
mp-aaacpmgj,MgGe3,train
mp-aaacpmgw,MgHgO3,train
mp-aaacpmgm,MgH3,train
mp-aaacpmga,MgCu5,train
mp-aaacpmgr,MgHg2,test
mp-aaacpmgz,MgHg5,train
mp-aaacpmgt,MgHg3,train
mp-aaacpmgb,MgGaPt2,train
mp-aaacpmhp,MgIn2,train
mp-aaacpmfu,MgAu2,train
mp-aaacpmhb,MgHg5,train
mp-aaacpmfv,MgBi5,train
mp-aaacpmgf,MgGe,train
mp-aaacpmgl,MgH,train
mp-aaacpmgq,MgHg2,test
mp-aaacpmhm,MgIn2,train
mp-aaacpmfy,MgCr,train
mp-aaacpmhr,MgIn2,train
mp-aaacpmhy,MgOs3,test
mp-aaacpmih,MgPb,train
mp-aaacpmgy,MgHgPd2,test
mp-aaacpmia,MgIn2,train
mp-aaacpmfw,MgCu3,train
mp-aaacpmgc,MgF3,train
mp-aaacpmhi,MgMnIr2,train
mp-aaacpmib,MgIn2,train
mp-aaacpmif,MgPaAu2,train
mp-aaacpmhq,MgNbOs2,test
mp-aaacpmgv,MgHg3,train
mp-aaacpmhs,MgNb3,test
mp-aaacpmhx,MgNi3,train
mp-aaacpmgd,MgGe5,train
mp-aaacpmgx,MgHg3,train
mp-aaacpmhh,MgMn,train
mp-aaacpmgk,MgGePd2,train
mp-aaacpmid,MgPaTc2,train
mp-aaacpmhd,MgInO3,train
mp-aaacpuiz,Fe3(PO8)2,test
mp-aaacpujn,ErB4Ru,test
mp-aaacpujo,Ba3SmInS6,train
mp-aaacpuik,CeVO4,train
mp-aaacpuii,Ce2Co12P7,train
mp-aaacpuij,TmCO4,train
mp-aaacpuim,CsS2(O3F)2,test
mp-aaacpujj,GdIn2Ni9,train
mp-aaacpuiv,Te2H2O3F4,train
mp-aaacpuje,Pr2Mn3Cu9P7,train
mp-aaacpujp,GdCO4,test
mp-aaacpuis,TlHgAsS3,train
mp-aaacpujh,RbGaH4,test
mp-aaacpuir,K2Cr4CdO16,test
mp-aaacpuja,Gd2Fe17C3,train
mp-aaacpuil,Ti2Co,train
mp-aaacpujf,CsGaH4,train
mp-aaacpuiu,Ca(BH4)2,train
mp-aaacpukk,Sr3CoRuO6,train
mp-aaacpukf,Na4W4O15,train
mp-aaacpujv,Pr3CoGe2,train
mp-aaacpukc,Hg4S(ICl2)2,train
mp-aaacpujq,DyIn2Ni9,test
mp-aaacpukg,Tb3SbO7,train
mp-aaacpukn,Ba(PO4)2,train
mp-aaacpujy,EuIn2Ni9,train
mp-aaacpujz,TmCrB4,train
mp-aaacpuko,BaCoAs2O7,train
mp-aaacpukr,PrVO4,train
mp-aaacpujt,GdPS,train
mp-aaacpukh,EuGe7Ir3,train
mp-aaacpuks,TmAlB4,train
mp-aaacpuki,FeB4O7,train
mp-aaacpukb,MgMn2As2(PbO9)2,train
mp-aaacpuju,TbCo9Si2,train
mp-aaacpukm,CaB2H3,train
mp-aaacpuke,TeC2S2(N2Cl)2,train
mp-aaacpujw,NdNiB4,train
mp-aaacpujs,WO3,train
mp-aaacpukl,Dy2Mn3Cu9P7,train
mp-aaacpuka,Eu2Si3Ag,test
mp-aaacpulv,NdEuCuS3,train
mp-aaacpukw,Li8Nd7Ge10,train
mp-aaacpulw,La3TiBeS7,train
mp-aaacpult,Dy3GaCoSe7,train
mp-aaacpuku,MgCrO9,test
mp-aaacpulg,Ce2Fe17C3,train
mp-aaacpuli,Gd3CuSiS7,train
mp-aaacpulu,Rb4Sn(Te2O)2,train
mp-aaacpuly,TiCo2,test
mp-aaacpumi,Ce3AlCdS7,train
mp-aaacpumc,Rb2U(PtSe2)3,train
mp-aaacpuky,MgAgSb,train
mp-aaacpuld,HfFe2,train
mp-aaacpule,GdMnGe2O7,train
mp-aaacpulr,Hf2Os,train
mp-aaacpumf,K2PtC2Cl2O5,test
mp-aaacpumg,CuCl3O2,test
mp-aaacpume,Sc2Co12P7,train
mp-aaacpukv,SmSi2Ni9,train
mp-aaacpulp,YRh3,train
mp-aaacpuma,Ca(BH4)2,train
mp-aaacpulb,LaP2H2CO6,train
mp-aaacpumh,La2Mn3Cu9P7,train
mp-aaacpulk,HoCO4,test
mp-aaacpuls,PrIn2Ni9,train
mp-aaacpumt,La3AlCdS7,train
mp-aaacpumn,Zr2Co,train
mp-aaacpumk,ErFeB4,test
mp-aaacpumo,Nd2Ni12P7,train
mp-aaacpunf,Ho3MnB7,train
mp-aaacpumx,Pr3AlNiS7,train
mp-aaacpuno,UTe(PbO4)2,train
mp-aaacpunk,HfMn,train
mp-aaacpund,Sm3AlNi8,train
mp-aaacpunj,KZn(BO2)3,train
mp-aaacpunu,Th2Fe17H3,train
mp-aaacpuny,CaSi,test
mp-aaacpunr,Cs2CuP2O7,train
mp-aaacpunh,EuB4Ru,train
mp-aaacpunt,Cd5(NO8)2,train
mp-aaacpumz,UH3CO6,test
mp-aaacpung,Sm2Mn3Cu9P7,test
mp-aaacpunl,P2PbO8,train
mp-aaacpuns,NpPH3CO5,train
mp-aaacpunw,Tb8Ga3Co,train
mp-aaacpunx,NdP3(HO2)6,train
mp-aaacpuni,Sm8Ga3Co,train
mp-aaacpumu,BaNb6O17,test
mp-aaacpumy,Co(IO4)2,train
mp-aaacpuna,Hf3AlAu2,test
mp-aaacpuog,Ce2Fe12Co5N3,train
mp-aaacpuoc,Tm2Fe17C3,train
mp-aaacpuoi,Mn,train
mp-aaacpupc,FeS2NO8,test
mp-aaacpuon,CaAl2(OF)4,train
mp-aaacpuoa,Li2In2GeS6,test
mp-aaacpuor,Li8Sm7Ge10,train
mp-aaacpuoq,LaPS,test
mp-aaacpuov,Sr2CuH2(SeO3)4,train
mp-aaacpuom,Ba2Ge4Pd5,test
mp-aaacpupi,MgSb2O,train
mp-aaacpupl,Na3Sc(BO3)2,train
mp-aaacpuof,LiEuAsS3,train
mp-aaacpupa,VIn(SeO4)2,train
mp-aaacpupf,Eu4I6O,test
mp-aaacpuop,La4NiS7,test
mp-aaacpuoy,RbMg(BrO2)3,test
mp-aaacpuot,K2CuTeO7,test
mp-aaacpuok,Pr3AlFeS7,train
mp-aaacpuoj,La3InNiS7,train
mp-aaacpuoh,Nb7As4,train
mp-aaacpupd,UCu4(MoO8)2,train
mp-aaacpuow,La3BeVS7,train
mp-aaacpuoz,FeH10S2(NO2)4,train
mp-aaacpupj,K2FeP2O7,train
mp-aaacpuqt,NaH5CO4,train
mp-aaacpupr,Ir2Os(NCl)10,train
mp-aaacpurf,NbRh3,test
mp-aaacpupn,Ca2Mn2Si4O17,train
mp-aaacpuqp,HoCrB4,train
mp-aaacpuqc,Er3GaCoS7,train
mp-aaacpuqk,Ca8In3,train
mp-aaacpuqy,Fe2AgS3,train
mp-aaacpuqv,ZrS2O9,train
mp-aaacpurl,SmPS,train
mp-aaacpuqi,EuZn11,train
mp-aaacpuql,Tb2Fe17C3,train
mp-aaacpurk,Ti6Ge5,train
mp-aaacpure,MnFe2(PO9)2,train
mp-aaacpuqe,Ho5(In2Ni)2,train
mp-aaacpura,CsRbC2,train
mp-aaacpupz,CsGa2Au3,train
mp-aaacpuqa,Dy2Si3Rh,train
mp-aaacpurc,Tb3Ni7B2,train
mp-aaacpupt,Pr3MnGaS7,train
mp-aaacpurh,Tb2Fe12P7,test
mp-aaacpurj,NpCO4,train
mp-aaacpurb,PuP2H2CO6,train
mp-aaacpupw,CuP2(HO)4,train
mp-aaacpuqg,Sr4BiO7,test
mp-aaacpuqz,PuTcB4,train
mp-aaacpurt,Tb2Mn12P7,train
mp-aaacpurr,DyH3,train
mp-aaacpuro,La3BeSbS7,train
mp-aaacpurm,Zn6Sb5,train
mp-aaacpurn,Na2TiH4O5,test
mp-aaacpurs,La3GaCoS7,test
mp-aaacpurz,Nd3GaCoSe7,train
mp-aaacpusi,Dy2Co12P7,train
mp-aaacputa,CsHCO3,train
mp-aaacpusj,Ca2Ni12As7,train
mp-aaacpuso,La3FeNiS7,test
mp-aaacpurv,K2Cr2O7,train
mp-aaacpusp,Dy3AlCoS7,train
mp-aaacpusn,Cs3Te22,train
mp-aaacpush,Gd4MgRh,train
mp-aaacpusu,Dy3GeO8,test
mp-aaacputd,V2FeAgO7,train
mp-aaacputb,Tm8Rh5C12,train
mp-aaacpury,Sm3(SiNi3)2,train
mp-aaacpusg,Zn(BH4)2,train
mp-aaacpusq,ErPS,test
mp-aaacpusr,Sm3SbO7,train
mp-aaacpuru,Nd3GaFeS7,test
mp-aaacputh,AsS2,train
mp-aaacpusy,Er3CuSnS7,test
mp-aaacpusb,W,train
mp-aaacpuse,Y8Rh5C12,train
mp-aaacpute,Zr7As4,train
mp-aaacputg,La4CrS7,train
mp-aaacputf,TiCu(O2F3)2,train
mp-aaacpuue,CsCdBO3,train
mp-aaacpuuv,Li3As,test
mp-aaacpuur,CaSi7Ir3,train
mp-aaacpuuj,YVB4,train
mp-aaacputw,PW6Cl17,train
mp-aaacputi,Dy3B7W,train
mp-aaacputy,ScCoB4,test
mp-aaacputv,KMoO4,train
mp-aaacpuuu,CuH2PbSO6,train
mp-aaacputo,PuB4Ru,train
mp-aaacputk,MnSeO4,train
mp-aaacpuuo,NiH12(N3O2)2,test
mp-aaacpuuh,Y3AlCoS7,test
mp-aaacpuus,VCuBi2O7,train
mp-aaacputp,CdI3NO,train
mp-aaacputt,TePIr,train
mp-aaacputr,Ce2Ni12As7,train
mp-aaacputj,La3BeGaS7,train
mp-aaacputx,Mo2N2O7,test
mp-aaacpuub,VO2F3,train
mp-aaacpuul,Ba8CuSi16,train
mp-aaacpuun,Ho3AlNi8,train
mp-aaacpuum,H2S,train
mp-aaacputu,KHgI3O,train
mp-aaacpuuf,Eu2ZnGe3,train
mp-aaacpuvw,TaSe3,test
mp-aaacpuuw,KH3CN,test
mp-aaacpuvv,Sr2Ca3Cu4(BiO6)2,train
mp-aaacpuvm,TbMnB4,train
mp-aaacpuvh,Tb4Ga16Co3,train
mp-aaacpuvu,K3NaMnCl6,train
mp-aaacpuuy,Rb2Cd5As4,train
mp-aaacpuvl,Dy3BeCrS7,train
mp-aaacpuvg,Ta5Ni,train
mp-aaacpuuz,Mg(ClO4)2,train
mp-aaacpuvo,U2AsPNO19,train
mp-aaacpuvr,BaNp(PO4)2,train
mp-aaacpuvz,Ce7ZrO16,train
mp-aaacpuvn,Er2Fe17C3,train
mp-aaacpuwb,GdB4Os,train
mp-aaacpuvb,Co(C2O3)2,test
mp-aaacpuvp,Na2BSO4F3,train
mp-aaacpuvd,Dy3(GaNi3)2,test
mp-aaacpuvc,YCo9Si2,train
mp-aaacpuvf,Te8RuCl2,test
mp-aaacpuvt,CoBr2(N3O)2,train
mp-aaacpuvj,NdPS,train
mp-aaacpuvx,Eu2Co12P7,train
mp-aaacpuwc,IrC2,train
mp-aaacpuwk,Sr2LiGe3,test
mp-aaacpuwx,Lu3(SiNi3)2,train
mp-aaacpuxl,BaReH9,train
mp-aaacpuwm,LiCr(MoO4)2,train
mp-aaacpuxt,LiHo(WO4)2,test
mp-aaacpuwy,TaTe4Ru,train
mp-aaacpuxm,Ho3(GaNi3)2,train
mp-aaacpuxd,Hf3(VGa3)2,test
mp-aaacpuwf,PuB4Os,train
mp-aaacpuya,YF3,train
mp-aaacpuyd,Sm3GaCoS7,train
mp-aaacpuwz,Nd4CrS7,train
mp-aaacpuxr,Na3H2OsO6,train
mp-aaacpuxc,LiFe6Ge5,train
mp-aaacpuwe,Hg3(NCl3)2,test
mp-aaacpuwp,Gd3MnGaS7,train
mp-aaacpuww,Zr2Ir,train
mp-aaacpuxv,Er3B7W,train
mp-aaacpuxa,LuFeB4,train
mp-aaacpuws,K2H3CO4F,train
mp-aaacpuxk,TlAgTeO3,train
mp-aaacpuxg,TbPO4,test
mp-aaacpuwv,Er2Si3Rh,train
mp-aaacpuxj,Pr3(GaNi3)2,train
mp-aaacpuyb,LiAl,test
mp-aaacpuye,Sr2MnSi2O7,train
mp-aaacpuxf,SmP2H2CO6,train
mp-aaacpuzc,CrN4Cl(O2F)2,train
mp-aaacpuze,RbMg(BrO2)3,test
mp-aaacpuym,NaCe3GeS7,train
mp-aaacpuyu,FeSiO4,train
mp-aaacpuyf,CaSiO4,train
mp-aaacpuyj,Sm4NiS7,train
mp-aaacpuyy,Na5V2(PO5)3,train
mp-aaacpuyx,ScBr3O7,train
mp-aaacpuyr,HgWO4,train
mp-aaacpuyq,BaTeO4,test
mp-aaacpuyp,Dy11In9Ni4,train
mp-aaacpuzm,BaSiC,test
mp-aaacpuyh,Tb3B7W,train
mp-aaacpuyn,Y2Ir2O7,train
mp-aaacpuzd,Pr3(SiNi3)2,train
mp-aaacpuzi,UNi(OF2)3,train
mp-aaacpuzh,Lu3AlNi8,train
mp-aaacpuyw,Dy2Ni12As7,train
mp-aaacpuzn,BAsH4NO4F,test
mp-aaacpuyo,Sm3GaFeS7,train
mp-aaacpuyv,La4CoS7,train
mp-aaacpuzb,KPb2C2O6F,train
mp-aaacpuzf,Sm3GaCoSe7,train
mp-aaacpuzj,LuB4Ru,train
mp-aaacpuza,Pr3GaFeS7,train
mp-aaacpvat,Cu2ClO3,train
mp-aaacpvam,Rb4Fe2S5,train
mp-aaacpuzq,Al9Fe2,train
mp-aaacpuzo,La3AlNiS7,train
mp-aaacpvax,BaZnTe2O7,train
mp-aaacpvab,MgO,test
mp-aaacpuzz,LiCa3OsO6,test
mp-aaacpuzw,Tb5(In2Ni)2,train
mp-aaacpuzv,Sm2Ga2(Fe5C)3,test
mp-aaacpvai,Sm3BeCrS7,train
mp-aaacpvaq,BaSiO4,train
mp-aaacpvao,Mg(C2O3)2,train
mp-aaacpvap,Ag5TePO4,train
mp-aaacpvbc,Gd3BeCrS7,train
mp-aaacpuzu,Nd5Cu5O13,train
mp-aaacpuzs,Er3GaNiS7,train
mp-aaacpvbg,Bi3(B3O7)2,train
mp-aaacpvas,Mg3TiNi2,train
mp-aaacpuzp,NbCr2,train
mp-aaacpvaf,NdCO4,train
mp-aaacpvah,Ho2Ni12As7,train
mp-aaacpvar,PrMnB4,train
mp-aaacpvaa,Sm2Co17H3,train
mp-aaacpvaw,La2Si3Rh,train
mp-aaacpvbd,Li2In2SiSe6,train
mp-aaacpvbj,CeSi2Ni9,train
mp-aaacpvcg,Tb3AlNi8,train
mp-aaacpvbm,KBaAsSe3,train
mp-aaacpvbp,Li2Co12P7,train
mp-aaacpvbr,Nd3GaNiS7,train
mp-aaacpvbh,Nd2Tc2O7,test
mp-aaacpvbi,SmCO4,train
mp-aaacpvbv,CuH10Se2(NO5)2,train
mp-aaacpvbn,Tb3(AlNi3)2,train
mp-aaacpvbo,Zr3(CrGa3)2,train
mp-aaacpvbq,Tb2Mn3Cu9P7,test
mp-aaacpvbt,Gd2Fe12P7,train
mp-aaacpvcf,Y2Co17H3,train
mp-aaacpvbs,Na(Mo2O3)2,train
mp-aaacpvcc,Na2VNiF7,train
mp-aaacpvcm,Mg6TiH16,train
mp-aaacpvcn,NdCo9Si2,test
mp-aaacpvcj,Cu2SnSe3,train
mp-aaacpvbx,CsSO4,test
mp-aaacpvci,Tm3(AlNi3)2,train
mp-aaacpvbu,Ho8Ga3Co,train
mp-aaacpvcv,Tb2Si3Rh,train
mp-aaacpvdt,MgTi7H16,train
mp-aaacpvdg,La3AlZnS7,test
mp-aaacpvct,Sm11In9Ni4,train
mp-aaacpvde,Y4Ni13C4,train
mp-aaacpvcu,Co2Ir(NCl)10,train
mp-aaacpvdf,CsV2CrO7,train
mp-aaacpvco,Sm2Ni12As7,train
mp-aaacpvcq,In2As2Cl2O5,train
mp-aaacpvcs,Tl4CuTeO6,train
mp-aaacpvdm,Eu2Mo2O7,train
mp-aaacpvdc,C2SNOF,train
mp-aaacpvdr,LiTl,test
mp-aaacpvcw,Ca2(ZnSn2)3,train
mp-aaacpvdk,Pr2Ni12P7,train
mp-aaacpvdh,Sm3MnGaS7,test
mp-aaacpvdo,Sr2LiGe3,test
mp-aaacpvdi,Ba2FeS3,train
mp-aaacpvcx,Pr2Fe12P7,train
mp-aaacpvcr,Pr3AlNi8,train
mp-aaacpvda,Y4Ga16Co3,train
mp-aaacpvdq,SmCrB4,train
mp-aaacpvdv,Cs2U(PdSe2)3,train
mp-aaacpvdl,LiGdSn,train
mp-aaacpvdu,Sm3AlCoS7,train
mp-aaacpvev,Ce2Mn3Cu9As7,train
mp-aaacpveh,DyVB4,train
mp-aaacpveo,Nd4FeS7,test
mp-aaacpvdy,Gd3NbO7,train
mp-aaacpvdw,KAgCO3,train
mp-aaacpvdx,Eu2Pt2O7,train
mp-aaacpvea,CeBr3O7,test
mp-aaacpven,Dy3(SiNi3)2,train
mp-aaacpvez,Gd3GeO8,train
mp-aaacpveb,CeP2,test
mp-aaacpvek,TbB4W,train
mp-aaacpvfi,EuGe7Rh3,test
mp-aaacpves,Ni(NO4)2,train
mp-aaacpveu,NaTl3Cu4(TeO6)2,train
mp-aaacpvfh,Li2MnV4O14,train
mp-aaacpvel,Li2In2SiS6,train
mp-aaacpvfj,CeCrB4,test
mp-aaacpvfl,ErB4Os,train
mp-aaacpvfm,CeIr3,train
mp-aaacpvfc,Pr2Mn3Cu9As7,train
mp-aaacpvey,Ag5PSeO4,test
mp-aaacpvet,Dy3AlFeS7,train
mp-aaacpvfn,Na3CaMg3AlF14,test
mp-aaacpvfu,Cd(N2Cl3)2,train
mp-aaacpvfp,PrCrB4,train
mp-aaacpvfx,Nb7(B4Ru3)2,train
mp-aaacpvfv,AlH6IO4,test
mp-aaacpvgo,ErCo9Si2,train
mp-aaacpvgw,Er3ReB7,train
mp-aaacpvgn,KU(TeO4)2,train
mp-aaacpvgf,Ir(N3O4)3,train
mp-aaacpvgm,Dy5(In2Pd)2,train
mp-aaacpvgp,Nd2Ge9,test
mp-aaacpvgs,CdIClO3,train
mp-aaacpvhc,CdH10S2(NO2)4,train
mp-aaacpvfr,RbVOF3,train
mp-aaacpvga,S4I2O15,train
mp-aaacpvgb,Tb2Fe17N3,test
mp-aaacpvgl,CsB3H8,train
mp-aaacpvgq,Zr2Pt,train
mp-aaacpvha,NaB3H8,train
mp-aaacpvgg,Tm4Ni13C4,train
mp-aaacpvhd,Ba2FeSe3,train
mp-aaacpvgj,Nb3Al2N,train
mp-aaacpvgk,Y3(GaNi3)2,train
mp-aaacpvgi,Cs3SnPSe7,train
mp-aaacpvhb,FeRe2(H2O3)4,train
mp-aaacpvhe,CaGe(PO4)2,train
mp-aaacpvif,AlH6BrO4,test
mp-aaacpvhr,DyFeB4,train
mp-aaacpvio,Tb3(GaNi3)2,test
mp-aaacpvhf,Sn2Pb2O7,train
mp-aaacpvhj,RbTlF4,test
mp-aaacpvil,Rb2As2Se6O,train
mp-aaacpvhg,Ti6H2O13,train
mp-aaacpvie,CsH3AuN,test
mp-aaacpvhn,MgSO4,train
mp-aaacpvhk,Na2GeO9,test
mp-aaacpvhw,BiC4S2Cl3O2,test
mp-aaacpvia,CsP2(HO2)3,train
mp-aaacpvii,La6Zn4Pd13,train
mp-aaacpvhq,NdMnB4,test
mp-aaacpvhx,CsGd(MoO4)2,test
mp-aaacpvhl,Ta7(B4Ru3)2,train
mp-aaacpvip,Sr3(CoO3)2,train
mp-aaacpviq,GdBN2,train
mp-aaacpviz,MnFe2(PO9)2,train
mp-aaacpvja,PtBr3N2,train
mp-aaacpvjb,VN(OF)2,train
mp-aaacpvhu,Dy3ReO7,train
mp-aaacpvhs,YMnB4,test
mp-aaacpviy,Eu2CuS3,test
mp-aaacpvig,LiHoSn,train
mp-aaacpvim,Lu2Fe12P7,test
mp-aaacpvji,CoH2Cl2O,train
mp-aaacpvjh,Tm3AlNi8,train
mp-aaacpvjp,LaP3O7,train
mp-aaacpvkl,CrNF4,test
mp-aaacpvjf,Rb2Pt(CN)4,train
mp-aaacpvjd,La3BeAlS7,train
mp-aaacpvjx,Ba8CuSi16,train
mp-aaacpvjq,La3BeInS7,train
mp-aaacpvjk,NaSr3Be3B3O9F4,train
mp-aaacpvjv,MgO,test
mp-aaacpvka,LiIN4,test
mp-aaacpvke,KTeO4,train
mp-aaacpvkj,Ag2S2O7,test
mp-aaacpvku,ErNiB4,train
mp-aaacpvkc,La2Mn3Cu9As7,train
mp-aaacpvjr,Nd3TaO7,train
mp-aaacpvju,Tm3AlNi8,train
mp-aaacpvkn,LiAlH4,train
mp-aaacpvkd,Nd5Ni19,train
mp-aaacpvkr,SmH3,train
mp-aaacpvkt,Tl2Pd(CN)4,train
mp-aaacpvjs,SmBN2,train
mp-aaacpvjw,ZrCl3,train
mp-aaacpvkq,Th2Mn12P7,train
mp-aaacpvmf,BaTh(PO4)2,test
mp-aaacpvln,Sb4IO6,train
mp-aaacpvmk,Tm3(SiNi3)2,train
mp-aaacpvkv,Ho3Ni7B2,test
mp-aaacpvky,BaZnF4,train
mp-aaacpvmc,Co2Sb2O7,train
mp-aaacpvlt,ErB4W,train
mp-aaacpvmi,S2(NO2)3,train
mp-aaacpvlh,GaNCl4,train
mp-aaacpvlp,KVOF3,test
mp-aaacpvlr,Cd3(BO3)2,train
mp-aaacpvly,Dy3FeB7,train
mp-aaacpvmd,FeSiO4,train
mp-aaacpvla,CuC3N2O5,train
mp-aaacpvlg,Nd2Mn3(SbS3)4,train
mp-aaacpvll,Cs2Cu2Sb2Se5,train
mp-aaacpvlz,BO3,train
mp-aaacpvmh,Ba8CuSi16,train
mp-aaacpvkz,MgTl2(PO4)4,train
mp-aaacpvlk,HfZn2,train
mp-aaacpvlv,CrCl3,train
mp-aaacpvld,BaC2,train
mp-aaacpvmj,K2H4Pd(N2O5)2,train
mp-aaacpvlu,Mn3ZnO7,train
mp-aaacpvnc,TeC2S2(IN2)2,train
mp-aaacpvnv,Ba2MnGe2O7,train
mp-aaacpvnu,NbTe4Os,test
mp-aaacpvmz,TbB4Os,train
mp-aaacpvmx,Ca(AsO4)2,train
mp-aaacpvms,Fe3(PO8)2,test
mp-aaacpvmt,Mg(BH4)2,train
mp-aaacpvny,Rb2U(PdSe2)3,train
mp-aaacpvmm,Zr6FeCl15,train
mp-aaacpvnt,LiGaH4,train
mp-aaacpvnl,Er2TlCu3S5,test
mp-aaacpvnz,Rb2Zn5As4,train
mp-aaacpvob,LiDy(WO4)2,train
mp-aaacpvoe,CuC4S4(NO6)2,train
mp-aaacpvmu,Si(NF2)2,train
mp-aaacpvmv,TbReB4,train
mp-aaacpvne,Cd2Tc2O7,train
mp-aaacpvnh,LiBH4,train
mp-aaacpvnd,Tl3V5O14,train
mp-aaacpvml,LiEr(WO4)2,train
mp-aaacpvmq,Y3Ni7B2,train
mp-aaacpvns,NdBN2,train
mp-aaacpvmy,U2CuSi2O17,train
mp-aaacpvnx,HoNiB4,train
mp-aaacpvna,Zn2TeMoO7,train
mp-aaacpvno,Gd3(SiNi3)2,train
mp-aaacpvof,Hf2Mn,train
mp-aaacpvos,BaCr2(P2O7)2,test
mp-aaacpvpk,KHo(WO4)2,train
mp-aaacpvpc,TmPS,train
mp-aaacpvoi,DyB4W,train
mp-aaacpvor,KCd(CO2)3,test
mp-aaacpvph,DyPS,train
mp-aaacpvpl,MgO,test
mp-aaacpvpm,Gd3AlVS7,train
mp-aaacpvoo,Cs4Tl2O,train
mp-aaacpvpj,NaTl,train
mp-aaacpvom,Er3(SiNi3)2,test
mp-aaacpvpd,AuC4(N2O)2,train
mp-aaacpvpg,Dy3GaFeS7,train
mp-aaacpvou,La3GaFeS7,test
mp-aaacpvpo,C3S7O,test
mp-aaacpvpp,Dy8Rh5C12,train
mp-aaacpvop,NaH4ClO6,train
mp-aaacpvpf,Mg7VH16,train
mp-aaacpvol,Ba3(Ge4Rh)4,train
mp-aaacpvox,RhSe2,train
mp-aaacpvpe,Sr2LiH2N,train
mp-aaacpvot,Nd2Mn3Cu9As7,train
mp-aaacpvov,La3Co2S7,train
mp-aaacpvpi,La5In11Ni6,train
mp-aaacpvqm,Ti2Fe,train
mp-aaacpvqg,LiDySn,test
mp-aaacpvqd,BaH2Br2O7,train
mp-aaacpvpq,Ho8Rh5C12,train
mp-aaacpvpv,Tb3GaCoS7,train
mp-aaacpvqo,Pr3Mn2Sb3O14,train
mp-aaacpvqa,HgNCl3O,train
mp-aaacpvpr,CdGe4C8(S5N)2,train
mp-aaacpvpw,Ce11In9Ni4,test
mp-aaacpvpy,DyCO4,test
mp-aaacpvps,Ba7In2(Se3F4)2,train
mp-aaacpvqt,Nb6Sn5,train
mp-aaacpvqb,KHo2Cu3Se5,train
mp-aaacpvpz,NaCdAsS3,train
mp-aaacpvqc,Ce3BeCrS7,train
mp-aaacpvqp,Gd3AlZnS7,train
mp-aaacpvqu,Y3MnB7,train
mp-aaacpvqi,Rb3NiO2,train
mp-aaacpvqj,NaHCO3,test
mp-aaacpvqs,CaPBrO8,train
mp-aaacpvqw,CaBHO3,train
mp-aaacpvqf,As3Pb2BrO6,train
mp-aaacpvql,CsVF4,train
mp-aaacpvrv,Hf7As4,train
mp-aaacpvri,Sm3TaO7,test
mp-aaacpvrm,Er3BeCrS7,train
mp-aaacpvqx,ErCO4,train
mp-aaacpvqy,Ho2Mn12P7,test
mp-aaacpvrb,CuIO4,test
mp-aaacpvra,NaMnP2O7,train
mp-aaacpvsi,Ti2Cu,train
mp-aaacpvrc,Sm3GaNiS7,train
mp-aaacpvry,Tb3AlFeS7,train
mp-aaacpvrz,Sm2Mn3(SbS3)4,train
mp-aaacpvsa,Dy3GaCoS7,train
mp-aaacpvsg,Ho3FeB7,train
mp-aaacpvsj,Mg(BH4)2,train
mp-aaacpvsk,Ti4Cr2Ge5,train
mp-aaacpvrt,Mn3TeP2Pb3O14,train
mp-aaacpvso,PuReB4,train
mp-aaacpvre,ZnClO,test
mp-aaacpvsl,Ho8In3Co,test
mp-aaacpvsd,Nd8Ga3Co,test
mp-aaacpvrp,OsRh2(NCl)10,train
mp-aaacpvru,DyB4Os,train
mp-aaacpvse,Rb2U(PdS2)3,train
mp-aaacpvsp,Cs2U(PdS2)3,train
mp-aaacpvtq,MnMoH2SeO7,train
mp-aaacpvst,KEr2Cu3Se5,test
mp-aaacpvsr,MgN(ClO2)3,train
mp-aaacpvsv,MnC5IO5,train
mp-aaacpvtr,Sb4BrO6,train
mp-aaacpvsy,UGa,test
mp-aaacpvtm,Tm3(GaNi3)2,train
mp-aaacpvtx,Dy3Si2Ni,test
mp-aaacpvuc,SrSO4,test
mp-aaacpvtb,Dy3AlNi8,train
mp-aaacpvub,Ca4Ni4Ge3,train
mp-aaacpvtz,NaSO4,train
mp-aaacpvth,MnH2Cl2O,train
mp-aaacpvtj,GdB4Ru,train
mp-aaacpvsz,Cs(BO)12,train
mp-aaacpvto,LiSnSb,train
mp-aaacpvty,K2U(PdS2)3,train
mp-aaacpvtn,Li3Al(BO3)2,test
mp-aaacpvtv,Pr2Mn3(SbS3)4,train
mp-aaacpvtw,NaWO4,test
mp-aaacpvta,Zr3ZnCu2,train
mp-aaacpvsq,TbCO4,test
mp-aaacpvss,Sc2B4Os5,train
mp-aaacpvtc,La3InCoS7,train
mp-aaacpvtl,PtBr3N2,train
mp-aaacpvuo,Lu3AlNi8,train
mp-aaacpvuh,La3AlFeS7,train
mp-aaacpvvl,AgBi(WO4)2,test
mp-aaacpvuj,Mn(PO4)2,train
mp-aaacpvun,YFe3,train
mp-aaacpvvq,NbFe2,train
mp-aaacpvvs,K3Pr(PO4)2,train
mp-aaacpvvd,EuCo9Si2,train
mp-aaacpvvt,Sr2FeCu(PbO3)2,train
mp-aaacpvus,Y3AlNi8,train
mp-aaacpvve,Na5Sm4Si4O16F,train
mp-aaacpvvw,La3BeCrS7,train
mp-aaacpvuw,CoN6(ClO)2,test
mp-aaacpvuy,Pr4CrS7,test
mp-aaacpvug,HfBi2,train
mp-aaacpvvx,Sr3LiAs2H,train
mp-aaacpvvu,Eu2Ga2GeS7,train
mp-aaacpvvb,Nd3GaCoS7,test
mp-aaacpvvc,Nb2PbO6,train
mp-aaacpvvv,Ce2Mn3Cu9P7,train
mp-aaacpvuf,Ce8Ga3Co,test
mp-aaacpvvh,Pr4MnS7,train
mp-aaacpvva,Sm3AlNiS7,test
mp-aaacpvvp,Ir2Os(NCl)10,train
mp-aaacpvwk,Na5Pr4Si4O16F,test
mp-aaacpvwn,Ba3AlP3,train
mp-aaacpvvy,PrMoO4F,test
mp-aaacpvwc,SrGdCuS3,train
mp-aaacpvwf,Dy3Te3N,train
mp-aaacpvwb,Zn11Co2,train
mp-aaacpvvz,Cs2Mn(TeS3)2,test
mp-aaacpvwm,HgPO4,train
mp-aaacpvwe,HgTe2(OF5)2,train
mp-aaacpvwj,BaYZn3GaO7,train
mp-aaacpvxe,Na5Gd4Si4O16F,train
mp-aaacpvww,V2CuO8,test
mp-aaacpvwv,HgTeO3F,train
mp-aaacpvwy,DyWBrO4,train
mp-aaacpvwt,Na2PtF6,train
mp-aaacpvwh,CsHo2Cu3Se5,train
mp-aaacpvwl,TeP2(N2O7)2,train
mp-aaacpvws,AlTlSiO4,train
mp-aaacpvwo,K(GeAs)3,train
mp-aaacpvwq,Ba3AlAs3,train
mp-aaacpvxa,Nd3(SnPd)5,train
mp-aaacpvxl,Si(SnS2)2,train
mp-aaacpvya,RbCuAg2(CN)4,train
mp-aaacpvxr,Na5Ho4Si4O16F,train
mp-aaacpvxv,MgSi(HO)6,test
mp-aaacpvxm,K3Tm(PO4)2,train
mp-aaacpvym,SrGaH5,train
mp-aaacpvyj,B2Pb2O5,train
mp-aaacpvxh,Sr14(SnAs4)3,test
mp-aaacpvxk,EuCO4,train
mp-aaacpvxs,RbH2(IO3)3,train
mp-aaacpvyh,CsHSO4,train
mp-aaacpvyk,KMnH3(CO2)3,train
mp-aaacpvyb,CsInTe3O8,train
mp-aaacpvxt,HgP2(PdO4)2,train
mp-aaacpvyl,BaYCo4O7,train
mp-aaacpvxf,RbLi2CdC2O6F,train
mp-aaacpvxw,KCo(PO3)3,train
mp-aaacpvxj,Hg3Bi2(TeCl4)2,train
mp-aaacpvxx,Rb(SnAs)3,train
mp-aaacpvyf,BaGePbO4,test
mp-aaacpvyg,Dy3AlNiS7,train
mp-aaacpvzb,Ba(ErS2)2,train
mp-aaacpvzd,KBaMnO4,test
mp-aaacpvzr,TmWBrO4,train
mp-aaacpvyn,YCo3,train
mp-aaacpvzp,K3NpO8,train
mp-aaacpvzc,Eu5Ta4O15,train
mp-aaacpvzg,Tb11In9Pd4,train
mp-aaacpvzj,Nd6Mg23C,train
mp-aaacpvzs,Nd2Fe15Co2H3,train
mp-aaacpvyo,Er6Zn23Ge,train
mp-aaacpvyy,Na5Eu4Si4O16F,train
mp-aaacpvyp,Sr3NbGa3(SiO7)2,train
mp-aaacpvzm,Zr5NiSb9,train
mp-aaacpvzl,NClO4,train
mp-aaacpvzn,HoWBrO4,train
mp-aaacpvys,TeC2Se2(N2Cl)2,train
mp-aaacpvzt,SbIrXeF12,train
mp-aaacpvze,CeMoO4F,train
mp-aaacpvzo,RbNb2PSe10,train
mp-aaacpvyv,Na5Pr4Ge4O16F,train
mp-aaacpvzq,Ti(NbS2)4,train
mp-aaacpvzi,Pb2SeN2O9,train
mp-aaacpwaq,RbMg(ClO2)3,train
mp-aaacpwao,Sr2V3HO9,test
mp-aaacpvzz,Zr9BMo4,train
mp-aaacpwbc,Na5Tb4Si4O16F,train
mp-aaacpvzv,Tm(GeRh2)2,train
mp-aaacpwag,Pr6Mg23C,train
mp-aaacpwah,PdC4(Br2N)2,train
mp-aaacpwbi,Tm6Mn23,train
mp-aaacpwbh,Lu5(In2Pd)2,train
mp-aaacpwap,Hf6Ga16Pd7,test
mp-aaacpwad,LaCl3O7,train
mp-aaacpwam,CsGa9Au5,train
mp-aaacpwba,K5Pr4Si4O16F,train
mp-aaacpwaf,Ir(SeBr3)3,test
mp-aaacpvzy,DyMoBrO4,train
mp-aaacpwau,Y10Cd3Ru,train
mp-aaacpwax,Ho5Mg24,train
mp-aaacpwaz,Rb2ZnBr4,train
mp-aaacpwbe,Fe2SiO4,train
mp-aaacpwbg,H3CO2F,train
mp-aaacpwaj,U6Al8(FeSi)5,train
mp-aaacpway,Al2Te2Cl7,train
mp-aaacpwas,Nd4MnS7,train
mp-aaacpwbd,Hf9NiW4,train
mp-aaacpwai,CuAgPO4,train
mp-aaacpwbt,Cs2Th(AsO4)2,test
mp-aaacpwcl,Ba4Li2(CdP2)3,train
mp-aaacpwbl,BaScZn3GaO7,train
mp-aaacpwci,Na2Th(AsO4)2,test
mp-aaacpwcc,PbCBr3N,train
mp-aaacpwcm,LiCa3As2H,train
mp-aaacpwcg,Ba2CuP2O9,train
mp-aaacpwbj,Ba2V2FeHO9,test
mp-aaacpwce,CaAlCuSi2O9,train
mp-aaacpwcq,SiH2,test
mp-aaacpwcr,Sr3AlAs3,train
mp-aaacpwbu,Rb(GeAs)3,train
mp-aaacpwcp,KCu2SbS3,train
mp-aaacpwch,Ag2S(NO)4,train
mp-aaacpwbr,Y(GeRh2)2,test
mp-aaacpwcf,Na5Nd4Si4O16F,train
mp-aaacpwck,CsBaPS4,test
mp-aaacpwbp,YWBrO4,train
mp-aaacpwbk,LaNi5H7,train
mp-aaacpwbw,Ta2(Ni7B2)3,train
mp-aaacpwco,CsPPbO4,train
mp-aaacpwcb,Tb6Mn23,train
mp-aaacpwdh,Ba2U(Cu2Se3)2,train
mp-aaacpwct,HgSNClO3,test
mp-aaacpwcx,TeS3N2,train
mp-aaacpwcy,Nb4NiS8,train
mp-aaacpwdo,RbInTe3O8,train
mp-aaacpwdp,Ba4Li2(CdAs2)3,train
mp-aaacpwcs,MgVAgO4,train
mp-aaacpwdi,RbBaPS4,train
mp-aaacpwds,Y10Cd3Ni,train
mp-aaacpwdb,Na5Dy4Si4O16F,train
mp-aaacpwdj,Ce6Mg23Si,test
mp-aaacpwdn,Cu5(SO9)2,train
mp-aaacpwcw,K(SnAs)3,train
mp-aaacpwcv,Nb2PbO6,train
mp-aaacpwdm,Cs2CdBr4,train
mp-aaacpwdv,Lu(Al5Os)2,train
mp-aaacpwdw,Mg2GeSe4,train
mp-aaacpwdu,NdMoO4F,train
mp-aaacpwdk,KAsO3,train
mp-aaacpwdc,Na5Nd4Ge4O16F,train
mp-aaacpwdd,GeN3F7,train
mp-aaacpwcz,Ho3Te3N,train
mp-aaacpwdf,Ba2U(PO5)2,train
mp-aaacpwdy,VPb2Se2ClO8,train
mp-aaacpwej,FeBi2Se2Cl3O7,test
mp-aaacpwec,LiFeSiO4,train
mp-aaacpwem,LaZr2F11,test
mp-aaacpwet,Mn3NiO10,train
mp-aaacpwef,TbWBrO4,train
mp-aaacpwew,KBaAsO4,train
mp-aaacpwep,BaNdInO4,train
mp-aaacpwek,K2Ca4U(SiO4)4,train
mp-aaacpweh,CdH6C(IN)3,train
mp-aaacpwea,Er5(In2Ni)2,test
mp-aaacpwdz,Mn(FeO2)2,train
mp-aaacpwee,Na5Tm4Si4O16F,test
mp-aaacpweg,Gd3AlCdS7,test
mp-aaacpwey,Ce6Mg23Sb,train
mp-aaacpwer,La6Mg23Sb,train
mp-aaacpwes,ThTlF5,train
mp-aaacpwex,SnP2(HO4)2,train
mp-aaacpwez,Sm6Mg23C,train
mp-aaacpweu,PWO5,train
mp-aaacpwei,ErWBrO4,test
mp-aaacpweo,Mg2SiSe4,train
mp-aaacpweq,Na5Er4Si4O16F,train
mp-aaacpwfb,Ba2SnSe4,train
mp-aaacpwfl,Mg3Si2O9,train
mp-aaacpwfi,Nd3Sn5Au6,train
mp-aaacpwfn,La6Mg23C,test
mp-aaacpwfo,CdC12(S2N3)2,train
mp-aaacpwfp,Cs2As2Se6O,test
mp-aaacpwgb,U8TiSe17,train
mp-aaacpwff,SrP2(HO4)2,train
mp-aaacpwfw,La6Mg23P,train
mp-aaacpwge,Cu7Te4,test
mp-aaacpwfs,RbZn2HSe2O7,test
mp-aaacpwfg,Tb3Te3N,train
mp-aaacpwfd,Y10Cd3Pd,train
mp-aaacpwfz,C,test
mp-aaacpwfy,Nb4Fe4Si7,train
mp-aaacpwgm,HgSO5,train
mp-aaacpwgi,Ba2V3HO9,train
mp-aaacpwgj,Al2Si2O9,train
mp-aaacpwfm,NbSe3,train
mp-aaacpwga,U8VSe17,train
mp-aaacpwgf,Sr3(Cu2Sn)4,train
mp-aaacpwgg,Th2(Al3Ni2)5,train
mp-aaacpwgk,K3Ho(PO4)2,test
mp-aaacpwfv,NdNi5Sn,train
mp-aaacpwgc,PuB4ClO8,train
mp-aaacpwgn,Fe3(PO8)2,test
mp-aaacpwgp,Dy6Mn23,train
mp-aaacpwhg,La2Al(BOs)2,train
mp-aaacpwgq,Co3W3C,train
mp-aaacpwgy,Al2Si2O9,train
mp-aaacpwgs,Cs4U3Si4O17,train
mp-aaacpwhm,Bi2Te2SeO10,train
mp-aaacpwgr,Cr5(Bi3Se8)2,train
mp-aaacpwgo,Ba(LuTe2)2,train
mp-aaacpwhd,OsPt(N2Cl3)2,train
mp-aaacpwhf,BaFeO3,test
mp-aaacpwhj,U8CrSe17,train
mp-aaacpwgw,Tm8In3Co,train
mp-aaacpwgu,Na2Nb4Se4O19,train
mp-aaacpwha,Al2Si2O9,train
mp-aaacpwgx,Gd6Mg23C,train
mp-aaacpwgv,Sr2Ti(SiO4)2,test
mp-aaacpwho,AgH2CS2N,test
mp-aaacpwgt,K2BeF4,train
mp-aaacpwhi,Y3VH3O8,train
mp-aaacpwhk,Ba2MnV2HO9,train
mp-aaacpwhr,Tl2CuPb(NO2)6,train
mp-aaacpwhn,LiGa(H2N)4,train
mp-aaacpwhq,SrCu9Sn4,train
mp-aaacpwhe,V2FeAg3O8,train
mp-aaacpwic,Ba(LuSe2)2,train
mp-aaacpwhu,MnGe2Pd3,train
mp-aaacpwhy,Hf9Mo4P,train
mp-aaacpwij,LiTcH6O7,train
mp-aaacpwid,Hg(Br3N2)2,train
mp-aaacpwhw,KV3Ge2O9,train
mp-aaacpwik,Ca(BH2)2,train
mp-aaacpwif,Cs4Pr6OsI13,train
mp-aaacpwhs,Ce6Mg23As,test
mp-aaacpwih,Be4Si2O9,train
mp-aaacpwib,Zr6Al16Rh7,train
mp-aaacpwie,La3CoW(SO2)3,test
mp-aaacpwii,Ti6Al16Os7,test
mp-aaacpwin,ZnH6(Se2N)2,train
mp-aaacpwiq,ZnN6,train
mp-aaacpwjb,LuCo(CN)6,train
mp-aaacpwiy,Sc4Co4Ge7,train
mp-aaacpwht,Mg(ClO5)2,test
mp-aaacpwix,Mn5SiC,train
mp-aaacpwir,H6C2SO4,train
mp-aaacpwhv,KAg2SbS3,train
mp-aaacpwiw,RbU3TiTe9,test
mp-aaacpwjd,TaH6C2SeCl5,test
mp-aaacpwia,BaNb2Xe5F22,train
mp-aaacpwjz,Cs2CuBr4,test
mp-aaacpwjr,BaCu9Sn4,train
mp-aaacpwjm,Ni(ClO2)2,train
mp-aaacpwjf,CdSO5,train
mp-aaacpwkg,V(MoS2)2,test
mp-aaacpwjj,Li5W2O7,train
mp-aaacpwje,BaV2Cu(AgO4)2,train
mp-aaacpwka,Dy8In3Co,train
mp-aaacpwjk,U8CoS17,train
mp-aaacpwjp,CuH2CS2N,train
mp-aaacpwjx,La3IrBr3,train
mp-aaacpwjg,MnV2HPb2O9,train
mp-aaacpwjn,KPtS2O9,train
mp-aaacpwjs,PbC2S2(BrN2)2,train
mp-aaacpwji,Ta4Co4Si7,train
mp-aaacpwkb,Pr4CuS7,train
mp-aaacpwjy,Te7RuI6,train
mp-aaacpwkf,KHC(NO)2,train
mp-aaacpwjw,V3H4NO7,train
mp-aaacpwjl,Cs3Ho2Br9,test
mp-aaacpwkc,NaLiSi2H4O7,train
mp-aaacpwki,Cs3H(SeO4)2,train
mp-aaacpwju,SbH5(Cl3O)2,train
mp-aaacpwkh,Eu2BIN2,train
mp-aaacpwkw,LiAs2H3O7,train
mp-aaacpwkm,Bi2(Br3N)3,train
mp-aaacpwky,Cs3Nb2I9,test
mp-aaacpwkj,CsP(HO)2,train
mp-aaacpwlf,Nd3GaFeSe7,train
mp-aaacpwlc,LaCl3O7,train
mp-aaacpwkk,Tm2PbSe4,test
mp-aaacpwlq,NpClO10,test
mp-aaacpwkt,SrGePbO4,train
mp-aaacpwks,Ce6Mg23C,train
mp-aaacpwlj,Ir3(NCl)10,train
mp-aaacpwlu,Rb3In(IO3)6,train
mp-aaacpwkp,Cs2V3O8,train
mp-aaacpwle,CsBaVS4,test
mp-aaacpwlv,OsW2,train
mp-aaacpwla,Rb2Ba6Sb5HO,train
mp-aaacpwln,Tb5Mg24,test
mp-aaacpwlr,Zr9BW4,train
mp-aaacpwlb,Sr(LuS2)2,train
mp-aaacpwlo,Cu3(CO4)2,test
mp-aaacpwkn,Li4MnSn2Se7,train
mp-aaacpwli,CaAl2(SiO5)2,test
mp-aaacpwlh,Cu7Hg6,train
mp-aaacpwlt,Cs3Tl2Cl9,train
mp-aaacpwll,Cs2HgCl4,train
mp-aaacpwlm,Ce3IrI3,test
mp-aaacpwme,Cr2FeO4,train
mp-aaacpwmi,Hf9CoW4,train
mp-aaacpwly,Hf9Re4S,train
mp-aaacpwmq,SrRuO3,train
mp-aaacpwlx,Co(MoS2)2,train
mp-aaacpwmd,Cu2H4CO5,test
mp-aaacpwmh,V4P3,train
mp-aaacpwmz,Ca(BO5)2,train
mp-aaacpwmf,W(C3N2)2,train
mp-aaacpwlw,NaCdPO4,train
mp-aaacpwmg,CuRe2(H2O3)4,test
mp-aaacpwnc,KFeS2O9,train
mp-aaacpwlz,FeSO5,train
mp-aaacpwna,Cs2ZnI4,train
mp-aaacpwmm,Fe3O4,train
mp-aaacpwmt,Hf6Co23,train
mp-aaacpwmy,PrCl3O7,train
mp-aaacpwnd,Ba(ErSe2)2,test
mp-aaacpwmn,Cr,train
mp-aaacpwms,Gd4InIr,train
mp-aaacpwmx,V3(Ni10B3)2,test
mp-aaacpwmo,CsSbH4O5,test
mp-aaacpwmr,PrMoBrO4,train
mp-aaacpwnb,Lu2PbS4,train
mp-aaacpwnk,CsSmGeSe4,train
mp-aaacpwnt,NaSbBrOF3,train
mp-aaacpwnh,Ag(NO)3,test
mp-aaacpwoc,Cu3(MoO5)2,test
mp-aaacpwng,GdWBrO4,train
mp-aaacpwnw,KNb2Cl11,train
mp-aaacpwnz,Eu8In3,train
mp-aaacpwnf,Cu2Te2Pb(ClO3)2,train
mp-aaacpwno,Cs3SbSe3,train
mp-aaacpwoa,Ca3(Cd2Pt)4,train
mp-aaacpwob,Cs3Y2Cl9,train
mp-aaacpwnx,MgFeSiO4,train
mp-aaacpwne,Cu(CO2)4,train
mp-aaacpwnj,Er2ZnS4,train
mp-aaacpwnl,LiTi2O4,test
mp-aaacpwns,Mn2Sb3I3O5,train
mp-aaacpwnm,Ce3(Si3Pd10)2,test
mp-aaacpwnp,Cd(NO5)2,train
mp-aaacpwny,CuH6SO7,train
mp-aaacpwni,Mo3(NO5)2,test
mp-aaacpwnr,MgFeSiO4,train
mp-aaacpwnu,CsCuAg2(CN)4,test
mp-aaacpwnq,Ce6Mg23Sn,test
mp-aaacpwpc,Rb2WSe4,train
mp-aaacpwou,U8MnS17,train
mp-aaacpwoj,AlSb5Se5Cl4,train
mp-aaacpwpg,Rb2BeF4,train
mp-aaacpwoh,ZrH6(OF3)2,test
mp-aaacpwpe,Ce5(MgGe)8,train
mp-aaacpwod,Ti2FeSe4,train
mp-aaacpwom,KZn2CdB2O6F,train
mp-aaacpwpd,MnNO4,train
mp-aaacpwoy,SNClO4,train
mp-aaacpwph,U8NiSe17,train
mp-aaacpwoo,Lu5Mg24,train
mp-aaacpwoe,Nb2(Co7B2)3,train
mp-aaacpwol,Ce6Mg23Ge,train
mp-aaacpwot,Ho6Zn23,train
mp-aaacpwox,KFe3H6(SO7)2,train
mp-aaacpwoi,Er4Zn5Ge6,test
mp-aaacpwoz,Cs4Mn(AsS4)2,test
mp-aaacpwpb,U8CoSe17,train
mp-aaacpwov,NaNiPO11,train
mp-aaacpwpf,NaFePO4,test
mp-aaacpwpk,MnTlOF4,train
mp-aaacpwpa,Y6Zn23,test
mp-aaacpwpn,U2SiO10,train
mp-aaacpwqk,Al5C2N6F17,train
mp-aaacpwpr,Tl2V(SO5)2,train
mp-aaacpwpm,LaBr3O7,train
mp-aaacpwqb,Ba3P2(SeO)4,test
mp-aaacpwqm,BaTmCo4O7,train
mp-aaacpwqt,Cu(CO4)2,train
mp-aaacpwqh,CsEuSiS4,test
mp-aaacpwqn,Zr(AsO5)2,train
mp-aaacpwqw,Tl2Cu2S3,train
mp-aaacpwqg,NiNF3,train
mp-aaacpwqf,CsCdI3O,train
mp-aaacpwqs,CdRe2C4(N2O3)4,train
mp-aaacpwpp,V2CdO10,train
mp-aaacpwqd,Nd6Mn23,train
mp-aaacpwpu,NaAgS2O3,train
mp-aaacpwqp,BaDyFe4O7,test
mp-aaacpwpx,Ti6Al16Co7,train
mp-aaacpwqi,U8NiS17,train
mp-aaacpwqo,Cs2CoI4,train
mp-aaacpwqx,Bi3(AsO5)2,train
mp-aaacpwqr,Ce3AlZnS7,test
mp-aaacpwqv,ZnBP2PbO9,train
mp-aaacpwqe,Fe23C6,train
mp-aaacpwri,Lu2PbSe4,train
mp-aaacpwrf,Sm4FeS7,test
mp-aaacpwrh,Gd(Al5Ru)2,test
mp-aaacpwqy,Ba(GdS2)2,train
mp-aaacpwrz,BaCl2O11,test
mp-aaacpwrb,Cr3(PO4)2,train
mp-aaacpwrd,UBiO5,test
mp-aaacpwqz,KNaTe(HO)6,train
mp-aaacpwsd,PuCu6,train
mp-aaacpwrn,CuSO9,train
mp-aaacpwsc,Tb6Cu23,train
mp-aaacpwrm,Na2SiO8,train
mp-aaacqlwk,HgNO5,train
mp-aaacqlxh,Cs3B12AsF18,train
mp-aaacqlwy,AlPb3OF9,train
mp-aaacqlxc,UC3N4O11,train
mp-aaacqlwo,Mn2O3,train
mp-aaacqlwz,Er3Ge13Os4,train
mp-aaacqlxg,Cs3Hf2CuTe10,train
mp-aaacqlwm,Ca2AsH4F13,train
mp-aaacqlxa,Ru3C9Se2O9,train
mp-aaacqlxd,Cs2Mg(MoO6)2,test
mp-aaacqlxf,Na2(CoO2)3,test
mp-aaacqlxb,ZnCuCO5,test
mp-aaacqlwq,Ga2CuSe3O10,train
mp-aaacqlxx,Al2(SeO4)3,train
mp-aaacqlxw,Pr2HfS5,train
mp-aaacqlxm,Mg2PO8,train
mp-aaacqlxo,Na2CoH12(SO7)2,train
mp-aaacqlxn,K2Mn(BH4)4,test
mp-aaacqlxj,CuH4C10(N2F7)2,train
mp-aaacqlxi,ZnTeH12Se3N4,train
mp-aaacqlxq,Rb9Al(HO2)4,train
mp-aaacqlxp,Zn4Cu5(TeO6)3,train
mp-aaacqlxr,CoH12CN4ClO7,train
mp-aaacqlyb,RbB6(HO)8,train
mp-aaacqlyc,InH12C4Se2I3,train
mp-aaacqlxt,AsBrKr2OF12,train
mp-aaacqlxs,InRhO3,train
mp-aaacqlya,La3Rh4Pb13,train
mp-aaacqlxz,Gd4C2Cl3,test
mp-aaacqlyn,Sc6Te2Pd,test
mp-aaacqlym,KSmH2S2O9,train
mp-aaacqlyv,Zn3Sb2H42(S4N7)2,test
mp-aaacqlze,Pd(NO4)2,test
mp-aaacqlyy,Ag2IO5,train
mp-aaacqlyk,K4Ge2B8H2O19,train
mp-aaacqlyt,Gd(NO3)3,train
mp-aaacqlyx,H9Rh(NCl)3,train
mp-aaacqlzd,La3MoO7,train
mp-aaacqlzg,KH2SNO3,train
mp-aaacqlzi,SiH12C4(N5F3)2,train
mp-aaacqlyo,KGaH9C3F,train
mp-aaacqlyu,TiH24C6I3(N2O)6,train
mp-aaacqlza,Na3Li(MoO7)2,test
mp-aaacqlzb,UPH3(CO5)2,train
mp-aaacqlzc,Zr14As9,train
mp-aaacqlys,ScAs2H4NO7,train
mp-aaacqlyh,Cu2PO5,train
mp-aaacqlzf,CsH4CN3,test
mp-aaacqlzl,YCo3P2,test
mp-aaacqlzm,SrLi2Al4(PO5)4,train
mp-aaacqlzs,H13C2Cl3O8,train
mp-aaacqlzo,VPO7,train
mp-aaacqmad,Sc(Ga5Mo)8,train
mp-aaacqmae,Na2Mo2As3O16,train
mp-aaacqmaa,U(Zn10Ir)2,train
mp-aaacqlzj,SbS8N6Cl5,train
mp-aaacqmaf,SnH12C4(SCl2)2,train
mp-aaacqmaj,CsGeSbO5,test
mp-aaacqlzv,Co2AsO5,train
mp-aaacqmam,Na2Co7H16(CO2)16,train
mp-aaacqmak,NaZn(BH4)3,test
mp-aaacqmal,U5(PbO11)2,test
mp-aaacqlzp,Ho11Sn10,train
mp-aaacqlzz,Pr4InSbS9,train
mp-aaacqmag,Cu3N,train
mp-aaacqmbc,H19C6N7O4,train
mp-aaacqmaw,Na7Cu4(AsO4)5,train
mp-aaacqman,NaNbO3,train
mp-aaacqmaz,V2Se2O13,train
mp-aaacqmao,UH2(SO5)2,test
mp-aaacqmar,Sc5IrCl9,train
mp-aaacqmba,ScH11(IO3)2,test
mp-aaacqmaq,AlH12(NO5)3,train
mp-aaacqmax,CsCoPO4,train
mp-aaacqmbb,Rb6U2(Cu4S5)3,train
mp-aaacqmbf,Nd3PO7,test
mp-aaacqmas,Ba2InSbTe5,train
mp-aaacqmbe,Sm2Ni17,train
mp-aaacqmau,Y5Zr3(Ni4As3)4,train
mp-aaacqmbg,La21Mn8Sb7C12,train
mp-aaacqmbk,Ce2Te7Cl2O17,test
mp-aaacqmce,La(IO3)4,train
mp-aaacqmbm,LaSe2O9,train
mp-aaacqmbr,TeAsHO5,test
mp-aaacqmcb,Na6Mn2V4O15,train
mp-aaacqmcc,BP(H3N)3,train
mp-aaacqmbh,Er12(ReC3)5,train
mp-aaacqmbj,AsPHBr3OF6,train
mp-aaacqmbs,Zr3Ge,train
mp-aaacqmbz,Hf2(NiAs)3,train
mp-aaacqmbi,H10C4SN2,train
mp-aaacqmbq,AlP3H10O11,train
mp-aaacqmbl,Ho5(Co2Si7)2,test
mp-aaacqmca,BaS5O8,train
mp-aaacqmbo,Co(W3Cl7)2,train
mp-aaacqmbt,Sm2Ge(BO4)2,train
mp-aaacqmcd,Mn3AsO8,train
mp-aaacqmbu,Ga2Hg3Cl8,test
mp-aaacqmbw,Ba4P3HF24,test
mp-aaacqmcq,ThH2SO6,train
mp-aaacqmcx,KNaAl6Si6(HO6)4,test
mp-aaacqmcv,Sr5Pb4,train
mp-aaacqmcl,K3B3O10,train
mp-aaacqmck,Dy2Ga3Fe14,train
mp-aaacqmcg,Ga40SnMo8,train
mp-aaacqmcj,VS4N3,train
mp-aaacqmcy,HC2SClOF2,train
mp-aaacqmcf,C3S4,train
mp-aaacqmco,PW5O17,train
mp-aaacqmcs,Na2CoH4(CO2)4,train
mp-aaacqmcn,Rb2PH5O6,train
mp-aaacqmcr,K2LiV5H10O19,train
mp-aaacqmch,Ca2FeCoO5,train
mp-aaacqmdc,SmS2NO12,test
mp-aaacqmdd,Eu2H16S3O20,train
mp-aaacqmdk,Zn3As2,train
mp-aaacqmdt,RbMnP2O7,test
mp-aaacqmdn,ZnH14C2(NO)12,train
mp-aaacqmeb,Lu10Mn13C18,train
mp-aaacqmdu,Cs7(InAs2)3,test
mp-aaacqmdo,Sc5(CoSn3)6,train
mp-aaacqmdp,Ge22Rh17,train
mp-aaacqmec,K2H3IrNCl5,train
mp-aaacqmdl,Ce5P12Ru19,test
mp-aaacqmdw,LiBP2Pb4O11,train
mp-aaacqmdy,Sn2W3Cl14,train
mp-aaacqmee,Te2NO7,test
mp-aaacqmdv,Sb2Cl7O6,train
mp-aaacqmed,Ba2GaSbSe5,test
mp-aaacqmef,Ba2Ca(PO4)4,train
mp-aaacqmea,MgB12(H3O)12,test
mp-aaacqmdq,Nd(Al10Cr)2,train
mp-aaacqmeg,NaSmP2H4CO7,train
mp-aaacqmek,Li2MnP2O7,train
mp-aaacqmep,SmCd11,train
mp-aaacqmeu,Ag2Mo(I2O7)2,train
mp-aaacqmeo,Ta4Ag2O11,train
mp-aaacqmen,ZrCdH10C6O17,train
mp-aaacqmfd,BaTeMo2O9,test
mp-aaacqmem,Rb2PdC4N4O,train
mp-aaacqmet,C121(SCl10)2,train
mp-aaacqmel,UH12C4Se(NO4)2,train
mp-aaacqmez,UC2S(NO2)4,train
mp-aaacqmft,Tm2B6Os,train
mp-aaacqmfe,Sn6P3NO14,train
mp-aaacqmfm,Na2Cd11,test
mp-aaacqmfq,LiZnAsO5,test
mp-aaacqmfz,Dy4NiB13,train
mp-aaacqmff,Ba2CaV2CoF14,train
mp-aaacqmfj,In10(Pb2S7)3,test
mp-aaacqmgb,GdH(SeO4)2,train
mp-aaacqmfg,Sm(Al10Cr)2,train
mp-aaacqmfl,K5Hf3OF17,train
mp-aaacqmfy,Na2Fe2F7,train
mp-aaacqmfx,Hg3AsO5,train
mp-aaacqmgc,Mg2H32Ru2Cl10O17,test
mp-aaacqmfr,Zn3Si12H78(C13O2)2,train
mp-aaacqmfv,Dy5B2(O2F3)3,train
mp-aaacqmga,Lu3Co4Ge13,train
mp-aaacqmge,LiZnSO4F,train
mp-aaacqmgh,HfFeGe2,train
mp-aaacqmgm,Y2Mo4O15,train
mp-aaacqmgg,CoP4F12,test
mp-aaacqmgu,HgH16(Br3N2)2,train
mp-aaacqmgf,Si8C3Cl20,train
mp-aaacqmgq,KH(CO2)2,train
mp-aaacqmgk,Ca5Zr3F22,train
mp-aaacqmgv,Rb2U2Cl4O7,train
mp-aaacqmgi,K3Bi3(PS4)4,train
mp-aaacqmgr,TbCo3P2,train
mp-aaacqmgt,Sm2ThS5,train
mp-aaacqmhh,In2Te9RuCl8,train
mp-aaacqmho,Na2LiV5H18O23,train
mp-aaacqmhs,Rb7DyFe6(P4O17)2,test
mp-aaacqmhe,ZnFe8Ni3O16,train
mp-aaacqmhl,Na2CoP4(H2O3)6,test
mp-aaacqmgz,Rb2EuGa(SiO3)4,train
mp-aaacqmhj,Co2Hg(CO)8,train
mp-aaacqmht,NbAgO3,train
mp-aaacqmhc,Bi2AsO6,train
mp-aaacqmhp,Ce2SiPd14,train
mp-aaacqmhn,Tm3InS6,train
mp-aaacqmgx,H7S2NO8,test
mp-aaacqmha,NaHoP2O7,train
mp-aaacqmhx,Fe3B11HO20,train
mp-aaacqmhw,NaH4CS2N3O2,train
mp-aaacqmhr,Tl2NiP4(HO2)8,train
mp-aaacqmhv,BH6N,train
mp-aaacqmit,CuP(HO)5,test
mp-aaacqmih,Tb2Re3Si5,train
mp-aaacqmim,Ca(GaS2)2,train
mp-aaacqmib,Al13Rh4,test
mp-aaacqmir,CaC2ClO7,test
mp-aaacqmic,CIN2O7,train
mp-aaacqmig,Y5Sn4,train
mp-aaacqmij,Sr5Pt4,train
mp-aaacqmiq,Fe2P3O13,train
mp-aaacqmio,KTi4Cl11,train
mp-aaacqmiz,Lu6(Ga3Co)7,train
mp-aaacqmiv,H12C2N14O,test
mp-aaacqmis,Mg2H18Se2O17,train
mp-aaacqmii,UH12C4S3O8,train
mp-aaacqmix,Hg3H6Pt(NCl4)2,test
mp-aaacqmhz,KLa2N7,train
mp-aaacqmid,Ho3InS6,train
mp-aaacqmie,Nd3Ge13Os4,train
mp-aaacqmjj,MoPNO7,test
mp-aaacqmjh,CdRe2H8C2S2(NO2)4,train
mp-aaacqmjd,CsH6C2S2NO4,train
mp-aaacqmjg,FeH12C5NCl2O5,test
mp-aaacqmjs,K4Ag18Te11,train
mp-aaacqmjl,CoBi(CO)3,train
mp-aaacqmjt,UH6C3SeN2O7,train
mp-aaacqmji,Cs2HgCl4,train
mp-aaacqmjw,Ho5(CoSn3)6,train
mp-aaacqmjm,Cd4As2Br3,test
mp-aaacqmjo,K4BaV6O18,train
mp-aaacqmjp,K4Zn(P3O11)2,test
mp-aaacqmjr,Rb4Co(PO4)6,train
mp-aaacqmju,H3CN5O4,test
mp-aaacqmja,KNaAl2As2O9,train
mp-aaacqmjb,Cu3PO7,train
mp-aaacqmjf,KMnGa2P3(H2O7)2,train
mp-aaacqmkb,KGa(SeO3)2,train
mp-aaacqmke,H6C3(NO)2,train
mp-aaacqmkk,Tm11Ge10,train
mp-aaacqmjz,GdSbMo2O9,test
mp-aaacqmku,La15Cd2Rh5,test
mp-aaacqmjy,KMo2C4O11,test
mp-aaacqmkf,Na2Al3Si3NO13,test
mp-aaacqmkd,CrPdBr4N5Cl,train
mp-aaacqmkn,UP2H6CO10,train
mp-aaacqmkm,Tm2(Ni5B3)3,test
mp-aaacqmki,Cd3(SeO3)4,test
mp-aaacqmko,Al4Si19,train
mp-aaacqmkt,Ba(BH)12,train
mp-aaacqmkw,La4Fe(SbS5)2,train
mp-aaacqmkp,LiBH7N,train
mp-aaacqmmb,Cs4Zr6BBr17,train
mp-aaacqmlo,Na4Ga3Ge3B(HO3)4,train
mp-aaacqmld,Sc12Ir3Br16,train
mp-aaacqmlz,TcI4,train
mp-aaacqmlb,KV2SeO7,test
mp-aaacqmln,SmIO9,train
mp-aaacqmlw,Na3B3(HO2)4,train
mp-aaacqmky,Ca2Al4Si8O33,train
mp-aaacqmlr,Pr4(TmS2)11,train
mp-aaacqmle,ZnH16(IO8)2,train
mp-aaacqmll,UC2Se2N2O11,train
mp-aaacqmly,Ho(BO2)6,train
mp-aaacqmlc,TiP2(S4Cl)2,test
mp-aaacqmlt,Na3VIO13,train
mp-aaacqmlf,Cu3Bi2(PO7)2,test
mp-aaacqmls,Ba2GaBiSe5,test
mp-aaacqmlu,Tb5RhBr9,train
mp-aaacqmlg,Er11Ge10,train
mp-aaacqmlx,Sr5Nb5O17,train
mp-aaacqmme,MnH7C3NO7,train
mp-aaacqmmd,ZnH8N2(OF2)2,train
mp-aaacqmmr,FeS4(NCl)4,train
mp-aaacqmmg,CsMoP2HO9,test
mp-aaacqmmn,Hf21Re25,train
mp-aaacqmmv,Cs3AsSe4O,train
mp-aaacqmmm,VCo2P2NO12,train
mp-aaacqmnb,TiH16C4(NCl3)2,train
mp-aaacqmmp,CuH5C3NO4,test
mp-aaacqmmt,Ga2Cu3(SeO3)6,train
mp-aaacqmng,Si2BAsH29C9N,train
mp-aaacqmmw,Er5(Ge5Ir2)2,train
mp-aaacqmne,Li2TeMoO6,train
mp-aaacqmmj,USe2NO8,train
mp-aaacqmni,LiZn(ClO)3,train
mp-aaacqmmo,PuH24C8N2(Cl2O)2,train
mp-aaacqmmk,Sb3O14,train
mp-aaacqmmy,Y6Al43Cr4,train
mp-aaacqmnq,Sr6Sn12Pt11,train
mp-aaacqmns,BaPr2In2O7,test
mp-aaacqmnp,Sm6Al43Cr4,test
mp-aaacqmny,KSi2HO5,train
mp-aaacqmod,CeSO6,train
mp-aaacqmnm,Ca13(Ge11Au25)2,train
mp-aaacqmnl,H10C3N3Cl,test
mp-aaacqmog,Lu15C19,train
mp-aaacqmno,Na2V2CuH4(OF)6,train
mp-aaacqmoh,Co3Ag(AsO4)3,train
mp-aaacqmnk,Ni3P4H48(NO15)2,train
mp-aaacqmnw,Bi2(NCl3)3,train
mp-aaacqmnt,BiN3O14,test
mp-aaacqmnx,V2Pb4(Se2O7)3,train
mp-aaacqmnz,V2Co2PbO8,train
mp-aaacqmos,FeH2(CO3)2,train
mp-aaacqmol,SiO2,train
mp-aaacqmop,Te5PbO11,train
mp-aaacqmpf,Ce12(ReC3)5,train
mp-aaacqmox,Ce2(SO6)3,train
mp-aaacqmpe,CdH4(C2O3)2,train
mp-aaacqmph,Ce(Cd10Ni)2,train
mp-aaacqmoz,ZrH24C8(NF3)2,test
mp-aaacqmpg,Ca4Ge3O11,train
mp-aaacqmpb,KBH5N,train
mp-aaacqmok,La2Si(IO2)2,train
mp-aaacqmov,Cs2BaTa6(Br5O)3,train
mp-aaacqmor,KRb2CrF6,train
mp-aaacqmom,B5H8CO6,train
mp-aaacqmow,LiBH6O,train
mp-aaacqmot,Er2Co12Ni5,test
mp-aaacqmqe,RePO6,train
mp-aaacqmpv,Fe7Sb10(Br4O9)2,train
mp-aaacqmpo,S3N3Cl3O,train
mp-aaacqmpj,La2SiS5,train
mp-aaacqmpk,KH5C3N2O5,train
mp-aaacqmpr,Na4XeO14,train
mp-aaacqmpt,RbAlV(PO5)2,train
mp-aaacqmqa,Na3CuPHClO5,train
mp-aaacqmqb,CuAs7PS7Cl,train
mp-aaacqmqd,Rb3IO5,train
mp-aaacqmpq,NaZn2(BH4)5,train
mp-aaacqmpz,KMo4AsO15,train
mp-aaacqmqf,In(IO4)3,train
mp-aaacqmpm,Cr2FeNO8,train
mp-aaacqmpi,La3As2BrO7,test
mp-aaacqmqh,Tm(NO3)3,train
mp-aaacqmpw,MnH8SN2O4F3,train
mp-aaacqmqw,VH11C3(ClO2)2,train
mp-aaacqmqx,Er3C4,test
mp-aaacqmqo,Ti2Si(H2O3)3,train
mp-aaacqmqq,SmMoI4O15,train
mp-aaacqmqm,KHo2Cu(MoO4)4,test
mp-aaacqmqz,KGdP2H4O9,train
mp-aaacqmqp,Tb6H44N8O51,train
mp-aaacqmrg,Co5(PO6)2,train
mp-aaacqmqt,Cs2TiP4O13,train
mp-aaacqmqs,KNdH2S2O9,test
mp-aaacqmqy,FeCo2BO5,train
mp-aaacqmrh,Ba2Cu(C2O3)6,train
mp-aaacqmra,La6Co13Sb,train
mp-aaacqmrc,Na3LaMn3(AsO5)3,train
mp-aaacqmri,InSi4H39C14O,train
mp-aaacqmrv,CsLu7Se11,train
mp-aaacqmrn,Sm3Sb4Se9,train
mp-aaacqmrl,ZrH5S3O14,train
mp-aaacqmrx,Na4XeO12,train
mp-aaacqmrm,CeP3O14,train
mp-aaacqmrj,GaH15(C2N)2,test
mp-aaacqmrt,TmMnSn2,train
mp-aaacqmrk,Lu2Mn3Si5,train
mp-aaacqmrp,MgZnBr4O7,train
mp-aaacqmrw,B10Pb4O21,train
mp-aaacqmry,AsSXeNF10,train
mp-aaacqmrr,K3NaAl12Si12(HO6)8,train
mp-aaacqmsm,Si7Tc4,train
mp-aaacqmsk,La6InCo13,train
mp-aaacqmss,Ho5B2(O2F3)3,train
mp-aaacqmsc,SnH20C7IN,train
mp-aaacqmsh,Cs11Fe10S16O,train
mp-aaacqmsd,Dy2Mo3H2Se2O17,train
mp-aaacqmsb,B5TeH5C,train
mp-aaacqmsx,Na2Nb2(P2O7)3,train
mp-aaacqmst,Lu3C4,train
mp-aaacqmsr,Tb6(Ga3Co)7,train
mp-aaacqmsu,TaSiH33C11N5Cl,train
mp-aaacqmsg,Sm4In20Ni11,train
mp-aaacqmse,TbFe5P3,train
mp-aaacqmsz,K5In(MoO4)4,train
mp-aaacqmsv,Cs2(CoN8)3,train
mp-aaacqmsn,ZnS,train
mp-aaacqmsf,K4Mo2H6S2O9,train
mp-aaacqmte,Tm2Ga2Fe15,train
mp-aaacqmth,Th(BRu)4,test
mp-aaacqmtc,P2PbO7,train
mp-aaacqmtq,Si,train
mp-aaacqmtn,Ca6MnBe4Si6HO24,train
mp-aaacqmta,Rb2TiV3(PO6)3,test
mp-aaacqmtp,MnB4H24(C2N)2,test
mp-aaacqmto,BH10C2N,test
mp-aaacqmtj,PN2O4F,train
mp-aaacqmtf,LaRe3O16,train
mp-aaacqmtr,B2PH20C5N,train
mp-aaacqmtb,Er3Ge13Ir4,train
mp-aaacqmtg,Zr6B(Cl3O4)6,train
mp-aaacqmtm,BeH12(N2Cl)2,train
mp-aaacqmtz,TiPb(S2O7)3,train
mp-aaacqmtx,Nd13(B2O13)2,train
mp-aaacqmub,U3S3O16,train
mp-aaacqmue,MnV2O8,train
mp-aaacqmtv,B11H10SI,train
mp-aaacqmua,Na2H4WO6,train
mp-aaacqmtu,H14C5BrN3,train
mp-aaacqmtw,KRu(NO2)4,train
mp-aaacqmty,CuP2H18C6Cl,train
mp-aaacqmuc,Mn3(PO7)2,train
mp-aaacqmtt,CeB4H2ClO8,train
mp-aaacqmuf,Gd4B4O11F2,train
mp-aaacqmug,Ba2GaSbS5,train
mp-aaacqmuz,YIO9,train
mp-aaacqmvb,CoH2(CO2)2,train
mp-aaacqmui,Mg17(SiO3)20,test
mp-aaacqmuo,LaH2SNO7,train
mp-aaacqmum,SF4,train
mp-aaacqmuk,PrHSO5,train
mp-aaacqmvd,Fe4(PO5)3,train
mp-aaacqmul,SmB7ClO18,train
mp-aaacqmuv,Cs2PH5O6,train
mp-aaacqmvg,Eu(Ga4Ir)2,train
mp-aaacqmvj,Na4Fe3P4O15,train
mp-aaacqmvh,Ga31Mo6,train
mp-aaacqmvc,SbH6N2F5,train
mp-aaacqmup,BaOsO9,train
mp-aaacqmve,Ca2Al4Si4O17,train
mp-aaacqmux,ReH3CSO6,train
mp-aaacqmvi,Cu2H10N4O17,train
mp-aaacqmvu,NaNb13O33,train
mp-aaacqmvw,LaH3CSO7,train
mp-aaacqmvl,NiAg4(PO4)6,test
mp-aaacqmvv,Ba10Re3O22,test
mp-aaacqmvp,LiVPH4O7,train
mp-aaacqmwf,BaUPO6F,train
mp-aaacqmvx,Ga8Sb7Se8Cl29,test
mp-aaacqmwe,Mn3P2O15,train
mp-aaacqmvm,Rb2Ti4H3F21,train
mp-aaacqmvt,Ho4In20Ni11,train
mp-aaacqmvz,K2ZrS3O14,train
mp-aaacqmwg,Rb8Mo33S37,test
mp-aaacqmvy,Ca3Al2SO16,train
mp-aaacqmwb,ReC3O4F,train
mp-aaacqmwh,FeB10(H13O4)2,train
mp-aaacqmws,CoH12C8S2(N3O)2,train
mp-aaacqmwm,BP3(PbO4)3,train
mp-aaacqmwy,Na2RhS2O11,train
mp-aaacqmwu,Na2Cu2(B4O7)3,train
mp-aaacqmwj,Mg2(SiO3)3,train
mp-aaacqmwn,RbNi4(PO4)3,test
mp-aaacqmwk,UP2H10CO11,test
mp-aaacqmwr,La4Co3O10,train
mp-aaacqmxb,Cs2Te(H3O5)2,test
mp-aaacqmwp,CeCo5P3,test
mp-aaacqmwo,Pb8Cl4O7,train
mp-aaacqmww,NaSnPHO4F,train
mp-aaacqmwx,Zn2Te15(H3N)8,train
mp-aaacqmwz,ZrSO9,train
mp-aaacqmwv,BaMoI4O15,train
mp-aaacqmxv,K2P4H6PtO11,train
mp-aaacqmxd,NaTc2N5OF12,train
mp-aaacqmxe,IrN4Cl3O,train
mp-aaacqmxg,AgH12N4F,train
mp-aaacqmxu,CuH4C2S2(NO)2,test
mp-aaacqmxf,LaInCu5,test
mp-aaacqmxn,NbN2Cl5,train
mp-aaacqmxi,Na2Np(CO4)2,train
mp-aaacqmxr,KMo2H29C9O11,train
mp-aaacqmxj,Tm2(Ni2B)5,train
mp-aaacqmxk,NaCeS2O9,train
mp-aaacqmxo,Cs3Ti3Te11,train
mp-aaacqmxq,HoP2H7O10,train
mp-aaacqmxp,SrP3H15(N2O5)2,train
mp-aaacqmxs,Sn21H14(Cl4O5)4,train
mp-aaacqmxh,InHg6Sb4Br7,train
mp-aaacqmyc,Cs5Na(W2N5)2,train
mp-aaacqmxx,SrMn2O11,train
mp-aaacqmxz,Cs4Sr3(PO3)12,test
mp-aaacqmxw,V2Cu(PO7)2,train
mp-aaacqmyp,CoC4(NCl2)2,train
mp-aaacqmya,La2Te(MoO7)6,train
mp-aaacqmyk,RbIn(PO4)2,train
mp-aaacqmxy,CoAs2S6(NF3)6,train
mp-aaacqmye,Ga3P3H6CNO13,train
mp-aaacqmyf,KZnSi3(H11C4)3,train
mp-aaacqmyi,PH14C4NO4,train
mp-aaacqmyo,SnH8C2Br3N,train
mp-aaacqmym,Li2Fe2C4Cl2O13,train
mp-aaacqmyn,Cs3ScCl6,test
mp-aaacqmyr,LaNi3B,train
mp-aaacqmze,Re3S4O9,train
mp-aaacqmyq,LaB5NO14,train
mp-aaacqmzc,Ho5Pb4,train
mp-aaacqmyx,Mo4N2O15,train
mp-aaacqmyu,RbUC3O8,train
mp-aaacqmyt,Cu3B6H2O13,train
mp-aaacqmza,Sm(NO3)3,train
mp-aaacqmzj,BaU3O14,train
mp-aaacqmzi,Y2Ni7Sn3,train
mp-aaacqmzg,ErC8N4Cl7,train
mp-aaacqmzh,Mo2N5Cl9O,train
mp-aaacqmyw,H13RuC6SN4O8F9,train
mp-aaacqmyy,NbH8N2OF5,test
mp-aaacqmzf,FeSO8,test
mp-aaacqmzb,Tl2CuH12(SeO7)2,test
mp-aaacqmzl,La4Cu3MoO12,train
mp-aaacqmzt,UI4O15,train
mp-aaacqmzs,P2H12N8O3,train
mp-aaacqnad,Sc4FeCl5,test
mp-aaacqnac,KErP2O9,train
mp-aaacqmzp,Zn10Ni(B4Rh9)2,train
mp-aaacqmzu,Mo3N2O11,train
mp-aaacqmzm,Zn2SiH2O5,train
mp-aaacqmzx,ZrH9N3F7,train
mp-aaacqmzv,Mo2H18C6NClO7,train
mp-aaacqmzw,Rb2MgH12(SO7)2,train
mp-aaacqnaa,MnSnH16C6S3O11,train
mp-aaacqmzo,Hg2ClO6,train
mp-aaacqmzq,ZnPH5O6,test
mp-aaacqnab,La2C2S2O15,train
mp-aaacqnao,CeH(CO2)3,train
mp-aaacqnau,CdRe2H26C6S6(N4O3)3,train
mp-aaacqnak,SrHg8,test
mp-aaacqnam,CaAl2(Si2O7)3,train
mp-aaacqnag,CsV2P3O14,train
mp-aaacqnaw,SbSe2NCl8,train
mp-aaacqnae,UH6Br2O5,test
mp-aaacqnan,ZnP3H16C3NO12,train
mp-aaacqnah,RbUCrNO9,train
mp-aaacqnat,YV5(H12O13)2,train
mp-aaacqnal,KMo2C4ClO8,train
mp-aaacqnav,VZnPbO5,train
mp-aaacqnaj,KEuH2S2O9,test
mp-aaacqnax,Na2Si3SnO11,train
mp-aaacqnbg,H15PdRuN9O11,train
mp-aaacqnba,Sb(Br3N)2,train
mp-aaacqnay,Lu11(Ni10C)6,test
mp-aaacqnbi,CrH20N2O6F5,train
mp-aaacqnaz,Y2N6O25,train
mp-aaacqnbh,TiAsH18C6N3Cl4,train
mp-aaacqnbc,Sm3B13O29,train
mp-aaacqnbj,K2Pd(S4O13)2,train
mp-aaacqnbf,CoP3H33C11I,train
mp-aaacqnbd,MgUSe2O15,train
mp-aaacqnbl,K2Na2Eu4Ta2O13,train
mp-aaacqnbm,TeSe(NO5)2,train
mp-aaacqnbk,TbH2C2SNO9,train
mp-aaacqnbq,CaAl2Si3H6O13,train
mp-aaacqnbt,Sr3Al2,train
mp-aaacqnbo,Sn2H10C8N2O13,train
mp-aaacqnbz,Na5H4BrO4,train
mp-aaacqnbr,Sb2XeF13,train
mp-aaacqncc,KLu(SO5)2,train
mp-aaacqncd,AgH7CN8O7,train
mp-aaacqnbn,H10C4SN2,train
mp-aaacqnby,Na8H10S8O17,train
mp-aaacqnch,CaFe3Si2O9,train
mp-aaacqnbw,Zn2P2O11F2,train
mp-aaacqncf,Ca2Si3O11,train
mp-aaacqnck,ZnH8C2S2(IN2)2,train
mp-aaacqncq,Zn3As2H7O12,train
mp-aaacqncu,Sm6Fe13Bi,train
mp-aaacqnci,BaH8(IO6)2,train
mp-aaacqnda,SbC2SCl3O,train
mp-aaacqncl,NdAgH10C20(N3O4)2,train
mp-aaacqncw,Si6C8N2O19,test
mp-aaacqncv,Na2MgH10S2O13,train
mp-aaacqnco,UCl2O15,train
mp-aaacqncs,SiO2,train
mp-aaacqncx,Zn3Se3O10,train
mp-aaacqncy,KUH3SO8,train
mp-aaacqndj,CoH18CN6ClO3,train
mp-aaacqnde,GaH3Br3N,train
mp-aaacqndb,W15I47,train
mp-aaacqndq,CoC8(NCl2)2,train
mp-aaacqndh,U2C4NO15,train
mp-aaacqndm,Si,train
mp-aaacqndi,Sm5P12Ru19,train
mp-aaacqndc,PrIClO13,train
mp-aaacqndo,B2H26C8N20Cl2O,test
mp-aaacqndk,H5NO2,test
mp-aaacqndf,CsSb,test
mp-aaacqndr,Na2O9,train
mp-aaacqndl,U2Fe15Ge2,train
mp-aaacqndp,Cr2NiH20(NO7)2,train
mp-aaacqndv,P4H4PtIO10,train
mp-aaacqnea,Ge(SeO3)2,train
mp-aaacqned,Li22Ge5,train
mp-aaacqndx,SiO2,train
mp-aaacqnds,Se2S2O7,train
mp-aaacqndt,SbH12C6(N3Cl2)3,train
mp-aaacqndy,Zn3Cu2H14(SO9)2,test
mp-aaacqneb,K4As2Se5,train
mp-aaacqndz,Fe3Ag7(P2O7)4,test
mp-aaacqnee,Cu3Ag5(PO4)4,train
mp-aaacqneu,B4N2O11,train
mp-aaacqnfa,KV2(PO5)3,train
mp-aaacqnev,Cu3MoH24C8S3I3N2O,train
mp-aaacqnek,SiO2,train
mp-aaacqneq,U3(C3O8)2,train
mp-aaacqnem,RbHfC(OF)4,test
mp-aaacqnew,Lu2Co17,train
mp-aaacqney,Ce3Ge13Ru4,train
mp-aaacqnfb,K3Mg18Sn11,test
mp-aaacqneo,NaAuS,train
mp-aaacqnes,PtN3O4,train
mp-aaacqnej,MgV5H20NO22,train
mp-aaacqnet,Gd(Ni2B)6,test
mp-aaacqneh,Al2CoP3NO14,train
mp-aaacqnel,Ba2Na2SrAl4F20,train
mp-aaacqner,Cs(Bi2Te3)2,train
mp-aaacqnfq,H12C4S2N2O5,train
mp-aaacqnfg,Na6Zn3B9P6H3O38,train
mp-aaacqnfh,InH12C4Se2Cl3,train
mp-aaacqnfd,CsLiU(PS4)2,train
mp-aaacqnfo,Na2Ca2Al6Si9(H8O19)2,test
mp-aaacqnfc,Ti(PO5)2,test
mp-aaacqnfp,Al3P3C4NO13,train
mp-aaacqnfn,BiH14C4N8Cl5O2,train
mp-aaacqnfe,P6H17S6(NO)7,train
mp-aaacqnfx,OsBr2N4ClO2,train
mp-aaacqnfv,Al4Fe2Si5O18,test
mp-aaacqnga,SnH4S6(NCl)6,train
mp-aaacqnfs,SiAgH16C7S3(OF)3,train
mp-aaacqngh,C2S2N(O2F3)2,train
mp-aaacqngf,BeH12C4(SBr)2,test
mp-aaacqnfy,CdPHO3,train
mp-aaacqnge,SrAg2C4(N2O)2,train
mp-aaacqngj,CoH7C4(NO3)2,train
mp-aaacqngd,Cd2H18C8O17,train
mp-aaacqngb,H12C4Se3Br6N,train
mp-aaacqngk,La2SiC(NO2)2,train
mp-aaacqngr,C5S2(NO)2,test
mp-aaacqngx,OsXe2O3F14,train
mp-aaacqngm,LuN3O13,train
mp-aaacqngs,Ca2Si3O11,train
mp-aaacqngv,Cs2Th(Si2O5)3,train
mp-aaacqnhl,K4Ge2(Se2O)3,train
mp-aaacqnha,Ru2C2N8Cl3O5,train
mp-aaacqngo,Cr3(NO5)2,test
mp-aaacqnhn,Na2CeH2C5O11,train
mp-aaacqngw,Ba9In4(SF)10,train
mp-aaacqnhc,MnH4(NO4)2,train
mp-aaacqnhe,UVNO6,test
mp-aaacqngu,Zn3H14C10O13,train
mp-aaacqnhi,HXeNO3F2,train
mp-aaacqnhq,K2CoC4S4N4O3,test
mp-aaacqnig,Mg5(C2O9)2,train
mp-aaacqnhp,RbUB5O11F,train
mp-aaacqnht,AgSNO3,test
mp-aaacqnih,Tb2N3,train
mp-aaacqnhx,NdC3O11,train
mp-aaacqnhr,Fe3P2O9,train
mp-aaacqnhv,K2MgP4(HO2)8,train
mp-aaacqnil,U3NO23,train
mp-aaacqnim,In2Sb2H16C4S7N2,train
mp-aaacqnhz,CaZrSi6O17,train
mp-aaacqnhy,Ba2YFeO5,train
mp-aaacqnia,KH3CN2O,test
mp-aaacqnid,CeH14Cl3O7,train
mp-aaacqnij,MnBi2(IO)8,train
mp-aaacqnik,Rb2USi2O9,train
mp-aaacqnii,PdS(NO)3,train
mp-aaacqnjf,U6Fe30P19,train
mp-aaacqniv,Ag6Te4W3O20,test
mp-aaacqniq,MgRe3S4O11,train
mp-aaacqnjh,Ba5Mn3O12F,train
mp-aaacqnit,Mo2H37C12N3Cl8,train
mp-aaacqnjc,Ba2V2Te2O11,train
mp-aaacqnin,Na6Co3B9P6H3O38,train
mp-aaacqnje,Gd3MoO7,train
mp-aaacqnip,Eu10Mn6Sb13,train
mp-aaacqnji,Lu2(SO5)3,train
mp-aaacqnjj,K4Cd2S4O19,train
mp-aaacqnis,Ho2Re3Si5,train
mp-aaacqniu,Mn5As4(HO2)10,train
mp-aaacqnio,Cs2AsH5O6,train
mp-aaacqnir,AgS8N9(ClO6)2,test
mp-aaacqnjm,Ho6Al43W4,train
mp-aaacqnjv,KZrN3O11,test
mp-aaacqnjr,Nb10Ge7,test
mp-aaacqnjo,NdP2(HO4)2,test
mp-aaacqnjs,ThCd11,train
mp-aaacqnjp,ZnC8(NCl2)2,train
mp-aaacqnjz,CdH20C2S2(NO2)6,train
mp-aaacqnjt,CsHPt2(SO4)4,test
mp-aaacqnka,Eu3Ge13Os4,train
mp-aaacqnju,UH18N5F7,test
mp-aaacqnjk,Si3Ge2(H3C)11,train
mp-aaacqnkb,Th(N4O9)2,train
mp-aaacqnjw,K4Mo6PtO26,train
mp-aaacqnjx,Tb2Nb2S7O30,train
mp-aaacqnkc,Sb2H6CS(ClO)6,train
mp-aaacqnkl,Al(NO6)3,test
mp-aaacqnkm,NaLiCoPO4F,train
mp-aaacqnkg,Sr4Fe4O13,train
mp-aaacqnko,Sr4Ga2O7,train
mp-aaacqnkq,Na9U3Si4(O10F)2,test
mp-aaacqnkd,Dy3Ir2,train
mp-aaacqnkp,NiH15IO12,train
mp-aaacqnkk,KEu2Cd2Sb3,train
mp-aaacqnks,MnP2H9C2NO7,train
mp-aaacqnlb,Rb4Te8O23,train
mp-aaacqnkz,Ca3Ge4,train
mp-aaacqnkt,Cr3AsN2O13,train
mp-aaacqnku,Ni3P4(NO8)2,train
mp-aaacqnkw,Ca6Si6O19,train
mp-aaacqnla,NpP2H9C2NO11,train
mp-aaacqnkr,MnZn(Br2O3)2,train
mp-aaacqnky,CaH8(ClO6)2,train
mp-aaacqnld,Pr11Cd45,train
mp-aaacqnll,Cu4Se3O10,train
mp-aaacqnlo,U2Co(AsO10)2,train
mp-aaacqnlf,LiC4OF9,test
mp-aaacqnlj,Ta8CoSe8,train
mp-aaacqnlg,InAgP2O7,train
mp-aaacqnlq,La(Ga5Mo)8,test
mp-aaacqnlm,LiSi3H27C9N2,train
mp-aaacqnln,K4HfC8O21,train
mp-aaacqnls,C7I3N4,train
mp-aaacqnlu,Na3IrS2N2(Cl2O5)2,test
mp-aaacqnmb,Dy7Co6Sn23,test
mp-aaacqnlt,RuN3(Cl2O)2,test
mp-aaacqnma,CoB10H31C18O,test
mp-aaacqnlw,In12Ga4Ir2O15,train
mp-aaacqnmh,H16PdC4S4(N4Cl)2,train
mp-aaacqnml,Si2TeH22Pd(C4Cl)2,train
mp-aaacqnmc,Ba8Ca8Tl7(Cu4O13)3,train
mp-aaacqnmj,Ho2Te(Mo3O23)2,train
mp-aaacqnmk,Rb2U3P6O25,train
mp-aaacqnme,Y3Ir2,train
mp-aaacqnmn,HfGe2Ru,train
mp-aaacqnmo,UMo2O11,test
mp-aaacqnmd,Hf7Tl18Pb2S25,test
mp-aaacqnmi,Zn3H6C6(IO6)2,test
mp-aaacqnnf,Na2GdMnAs2O9,train
mp-aaacqnmv,Cs4BiAs3Se7,train
mp-aaacqnmu,AlH12(CN)3,train
mp-aaacqnmp,Na5Ga7H12S13O6,test
mp-aaacqnna,ZrMo2O11,train
mp-aaacqnmq,U(Al10Cr)2,train
mp-aaacqnmr,CsH6Rh(N3O4)2,train
mp-aaacqnmt,UH8(SO6)2,test
mp-aaacqnmz,BH10C3NF4,train
mp-aaacqnms,SbH36S4N11,train
mp-aaacqnne,Sr(BO4)2,train
mp-aaacqnnc,BaMn3(PO4)3,test
mp-aaacqnnd,K2BiBr5O2,train
mp-aaacqnnb,MnH6SO7,train
mp-aaacqnng,Na2Ca2Al6Si9(H8O19)2,test
mp-aaacqnnt,Cu3(P3O16)2,train
mp-aaacqnni,K4XeO15,train
mp-aaacqnnh,Co2H26N12O13,train
mp-aaacqnnj,Cs2K2Pd2N8O25,train
mp-aaacqnnm,Na4BrN3,train
mp-aaacqnnl,Na3Zn4P3O19,train
mp-aaacqnnp,SbH8C2S2Br3N4O,train
mp-aaacqnns,Co(IN2)3,train
mp-aaacqnnu,Gd(BO2)3,train
mp-aaacqnno,UN2O11,train
mp-aaacqnnk,CoH20C22(N5O3)2,test
mp-aaacqnnq,TiH30C10S5(ClO3)2,train
mp-aaacqnoh,NaCe(GaS2)4,train
mp-aaacqnnv,UH10C4S(NO3)3,train
mp-aaacqnof,K3Co(C3O7)2,train
mp-aaacqnoc,NiPH15O11,train
mp-aaacqnnw,H12RuC4S2N(ClO)3,train
mp-aaacqnob,K2CaV4H14O19,train
mp-aaacqnnx,CeH12N5F4,train
mp-aaacqnnz,H22Pt2C6SO6,train
mp-aaacqnny,NaMo3O11,test
mp-aaacqnoy,Ga40CuMo8,train
mp-aaacqnos,CoBP(HO3)2,train
mp-aaacqnoo,Sm3Co4Ge13,train
mp-aaacqnom,YCrO5,test
mp-aaacqnop,Mg(PO5)2,train
mp-aaacqnox,Ba3Ge9O22,train
mp-aaacqnor,CaH12(ClO7)2,train
mp-aaacqnot,UCr4(H3O4)6,train
mp-aaacqnoq,KAlBP2O9,train
mp-aaacqnpb,Cs7Mo8AsO30,train
mp-aaacqnpa,Fe2S2O17,test
mp-aaacqnow,Ca2B3H4ClO8,train
mp-aaacqnpd,Cd2Cl4O5,train
mp-aaacqnpf,FeN3Cl5,train
mp-aaacqnpk,SiC,train
mp-aaacqnpc,Ca(B2O5)3,train
mp-aaacqnpg,Y3Ga2,train
mp-aaacqnpr,SnH10C3Br3N,train
mp-aaacqnpo,PrCo3P2,train
mp-aaacqnqi,KNa2(NiO2)2,train
mp-aaacqnpt,HoIO9,train
mp-aaacqnpu,ReCSN2Cl3O2,test
mp-aaacqnql,La5P12Ir19,train
mp-aaacqnps,Dy2Nb3Ge4,test
mp-aaacqnqf,TlHg6S4Br5,train
mp-aaacqnqk,Tm10S19,test
mp-aaacqnqj,Ce2Ni7,train
mp-aaacqnpn,HgC8(I2N)2,train
mp-aaacqnqc,K2Cr2Cu(PO7)2,test
mp-aaacqnqe,La(Cd10Ni)2,train
mp-aaacqnpm,Mg2B4H15,train
mp-aaacqnqg,VIO7,train
mp-aaacqnqb,TmSbMo2O9,train
mp-aaacqnqd,Cu2AsO8,test
mp-aaacqnqp,V3As2H4O13,train
mp-aaacqnqm,AgH10S8N8ClO6,train
mp-aaacqnqz,KMgV5(H8O11)2,train
mp-aaacqnqq,LaMoClO4,train
mp-aaacqnqr,NaCeMo8H40C12(S3O17)2,train
mp-aaacqnqo,CoH8(CO4)2,train
mp-aaacqnqs,CaMgB6O17,train
mp-aaacqnqu,TiMnGe2,train
mp-aaacqnqv,MgH12C3SO7,train
mp-aaacqnqx,Na3P2H19O16,train
mp-aaacqnra,CoMoH24N6ClO7,test
mp-aaacqnrb,LiAlSiH2O5,train
mp-aaacqnrm,VIr,test
mp-aaacqnrq,Tm(BRh)4,train
mp-aaacqnrh,Bi2O3,train
mp-aaacqnri,Nb4Mo6I22O,train
mp-aaacqnre,LiAl(CN2)2,train
mp-aaacqnrz,FeH9C4(NO2)3,train
mp-aaacqnrf,CoI2(N3O)2,train
mp-aaacqnrj,TmCo3P2,train
mp-aaacqnrp,Mn3P4H12(NO8)2,train
mp-aaacqnsc,Eu4C2N4F5,train
mp-aaacqnrx,Na4Cr2H6O11,train
mp-aaacqnry,MgP2H10(NO4)2,train
mp-aaacqnrc,BiH6C3(S2N)3,train
mp-aaacqnrr,Mn5(AsO6)2,train
mp-aaacqnsa,Na3As(SO2)4,train
mp-aaacqnro,Mo2PbSe2O11,test
mp-aaacqnsf,K11Np2H9(S5O22)2,train
mp-aaacqnse,EuN3O14,train
mp-aaacqnsu,Ba5Cr3F18,train
mp-aaacqnsg,AsC3S3NF11,train
mp-aaacqnsr,Tb11(In3Ge2)2,train
mp-aaacqnsj,LiAlGeO5,train
mp-aaacqnst,PH18PtC6S3BrF6,train
mp-aaacqnsp,U(AsO6)2,train
mp-aaacqnsq,In5(Mo9O14)2,train
mp-aaacqnsk,Fe(PO4)3,train
mp-aaacqnsd,Cu2Bi8Pb6S19,train
mp-aaacqnso,Cr6CuSi2(Pb5O17)2,train
mp-aaacqnsi,Cu5(Si2O7)2,train
mp-aaacqntb,Ba5P3O13,train
mp-aaacqntp,Fe3P4PbO14,train
mp-aaacqnsv,ThH2(SO4)3,train
mp-aaacqntd,HgAsC4Se3N,train
mp-aaacqnte,VBr5N3,train
mp-aaacqntj,NbTe4Cl4O,train
mp-aaacqnsz,Cs2ZnI4,train
mp-aaacqnsw,Mn(N3O8)2,train
mp-aaacqntl,CsVSO6,test
mp-aaacqnta,Dy3Ge13Rh4,train
mp-aaacqnto,TmN7O15,train
mp-aaacqntq,CoN3Cl5,test
mp-aaacqnsx,Nd4(TmS2)11,train
mp-aaacqnti,Tm15C19,train
mp-aaacqnth,Ni3Te(MoO7)6,test
mp-aaacqntr,CdH8C4(NCl)2,test
mp-aaacqnua,BH17C6NCl,train
mp-aaacqnum,Cu3H10(C4O7)2,train
mp-aaacqnui,Li2B3H14N,train
mp-aaacqntx,Li3V5(H8O11)2,train
mp-aaacqntw,Y3Se2ClO8,train
mp-aaacqnuf,NiP2(NO4)2,train
mp-aaacqnug,Cs2CrH4F10,train
mp-aaacqntz,RbCu2H2C3N3O,train
mp-aaacqntu,Si(H3C)4,train
mp-aaacqnud,Na(SeO3)4,test
mp-aaacqnty,ZnCu2H4(SO4)2,train
mp-aaacqnuc,FeH16C4N2Cl5,train
mp-aaacqnue,Tl2Ag3(PO4)3,train
mp-aaacqnuj,K8Rh3(Br9O5)2,train
mp-aaacqnuh,Hg2Se2O7,train
mp-aaacqnun,AlSb2Te2BrCl4,test
mp-aaacqnux,BaAl2(SiO5)2,train
mp-aaacqnuz,CsY(BH4)4,train
mp-aaacqnuo,Nb2CuO6,train
mp-aaacqnvb,CdH14C8(NO3)2,train
mp-aaacqnus,Sm3Ge13Rh4,train
mp-aaacqnva,Pr(TiAl10)2,test
mp-aaacqnut,Tb2Ge(BO4)2,train
mp-aaacqnvd,Na2InSiO5,train
mp-aaacqnvc,U(CO3)2,train
mp-aaacqnup,Ca2MnAl2Si4BO16,test
mp-aaacqnvi,ZnH7C3NO6,test
mp-aaacqnvg,LiBePO5,train
mp-aaacqnvk,CsMnInTe3,train
mp-aaacqnur,NaSr3GdP3O12F,train
mp-aaacqnvy,K4NaV10O38,train
mp-aaacqnvp,Er2Fe14Si3,train
mp-aaacqnvm,Na2SeO9,train
mp-aaacqnvv,Rb6InP3S14,train
mp-aaacqnwa,Th5Sn4,test
mp-aaacqnvs,AgB10P2H40C15NCl2O3,train
mp-aaacqnvn,Er3Ge13Rh4,train
mp-aaacqnwd,H23RuS2N5ClO12,train
mp-aaacqnwc,FeH12C4(S2N5)2,train
mp-aaacqnvx,K2Sn(S2O7)3,train
mp-aaacqnwe,V(BiO3)2,train
mp-aaacqnwf,Mg45Si32(H29O69)2,train
mp-aaacqnvr,Al2PO8,test
mp-aaacqnwy,Cs3Ge9(H3N)2,train
mp-aaacqnwm,CaCd(NO3)4,train
mp-aaacqnwj,NaDyP2H2CO7,train
mp-aaacqnwr,V5O14,test
mp-aaacqnwn,CoPH8C3N3O7,train
mp-aaacqnwo,CoH15Pd(NCl)5,train
mp-aaacqnwq,InTe2O5F,train
mp-aaacqnxe,BiRu5(CO)18,test
mp-aaacqnwu,Ca4Al2P2H10O13F8,train
mp-aaacqnwp,Ba6Nb3HO14,test
mp-aaacqnwv,Er4BClO7,train
mp-aaacqnxa,Zr2(SO6)3,train
mp-aaacqnwk,Na6Te(W3O23)2,train
mp-aaacqnww,Ta3N5,train
mp-aaacqnxc,Na2MgB4(H5N)4,train
mp-aaacqnxb,MgAsO8,train
mp-aaacqnxu,Fe3P8O37,train
mp-aaacqnxm,Sm3Sb4S9,train
mp-aaacqnxj,SnH10C3NCl3,test
mp-aaacqnxy,B6H6NO6,train
mp-aaacqnyc,Na2V2CoH4(OF)6,train
mp-aaacqnxk,Na4NpH7O9,train
mp-aaacqnxg,Rb2CeN5O19,test
mp-aaacqnya,NdH6SNO10,train
mp-aaacqnxf,NaCaB5O14,train
mp-aaacqnxh,Sr3TiSi4O15,train
mp-aaacqnxi,Y2Mo(SeO4)3,train
mp-aaacqnxz,NO3,train
mp-aaacqnyb,MoCl2O3,test
mp-aaacqnxx,Te(CF2)4,train
mp-aaacqnxt,Cu3P8(Se2I)3,train
mp-aaacqnyn,VCoH14(O2F)4,test
mp-aaacqnyl,V2Cu3H6O11,train
mp-aaacqnyu,K3Ti4Ge3O20,train
mp-aaacqnyf,Ba4NaAl2B8(ClO6)3,train
mp-aaacqnye,NaCu4P2ClO9,test
mp-aaacqnyk,ErSi3Ni5,train
mp-aaacqnyh,Co3P2(H2O3)4,test
mp-aaacqnyr,La4(TmS2)11,test
mp-aaacqnyi,CsNaMoO6,train
mp-aaacqnyx,Si10BiTe2H73C25,train
mp-aaacqnyq,BaP3H10C3NO9,train
mp-aaacqnym,PbS3O10,train
mp-aaacqnyw,InAs2PbO8,train
mp-aaacqnyo,KUPO7F,train
mp-aaacqnyp,Gd4Si2S3O7,test
mp-aaacqnys,Bi6Mo2O15,test
mp-aaacqnzn,K2PH4O5,train
mp-aaacqnzc,Tb11(In3Si2)2,train
mp-aaacqnzl,Ba5(GaSe4)2,train
mp-aaacqnzt,PrCo5P3,test
mp-aaacqnza,Sm(Ga4Fe)2,train
mp-aaacqnzd,Na2Al2Si3O14,train
mp-aaacqnzk,RbLiMoO5,train
mp-aaacqnzo,ZnH9C4(NO2)3,train
mp-aaacqnzs,LaP5O14,train
mp-aaacqnzf,Th2BPO8,train
mp-aaacqnzm,K2Mo15Se19,test
mp-aaacqnzg,Ce4CI6N,train
mp-aaacqnzr,NaZn(PO3)3,test
mp-aaacqnyy,Ba(BO2)5,test
mp-aaacqnzv,Si,train
mp-aaacqnzw,Na6HfHS5O21,test
mp-aaacqnzz,BaP6H16(N2O9)2,train
mp-aaacqnzx,P2H27C10N4Cl,train
mp-aaacqoad,Dy2(Ni2B)5,train
mp-aaacqnzu,NaU2H5C4O15,train
mp-aaacqnzy,Ba2SnS4O11,train
mp-aaacqoaa,CdH8C4(BrN4)2,train
mp-aaacqoac,UH42C14S7Cl4O7,train
mp-aaacqoae,H8CN5ClO3,train
mp-aaacqoat,Tb12(ReC3)5,train
mp-aaacqoax,SrSbSe3,train
mp-aaacqoao,K6Na2Te2PtO26,train
mp-aaacqoas,Y(Al10Cr)2,train
mp-aaacqoan,Dy2ReB6,train
mp-aaacqoar,Ca8P6O29,train
mp-aaacqoaf,Ru(NO2)6,train
mp-aaacqoap,Os3C9SO9,test
mp-aaacqoah,Sm3Al2(Ni2H3)3,train
mp-aaacqoaz,K8Tl10Zn,train
mp-aaacqoaq,Na3GeMo3O19,train
mp-aaacqoba,MgH16(ClO4)2,train
mp-aaacqoay,Si2H5CNCl4,train
mp-aaacqoai,Cd8S2O23,train
mp-aaacqoau,B2H20C6N3Cl5,train
mp-aaacqoav,AlC6N,test
mp-aaacqobm,H4CSIN2,train
mp-aaacqobc,HfCrSi2,train
mp-aaacqobs,BaLa2Ti3O10,train
mp-aaacqoby,H8S(NO2)2,train
mp-aaacqobh,Re2C3(ClO2)3,train
mp-aaacqobe,Sr3WO6,train
mp-aaacqobf,HfH14C4NOF5,train
mp-aaacqobu,K7(FeS2)5,train
mp-aaacqoch,Pr(BO2)5,train
mp-aaacqobk,Na2Lu3Te4(IO4)3,train
mp-aaacqobq,Ni9Te5(PbO5)6,test
mp-aaacqocc,CuSiO4,train
mp-aaacqobo,MgCrO15,test
mp-aaacqobj,PuP2H6(CO3)2,train
mp-aaacqobv,AsS(NO4)2,train
mp-aaacqobn,Cs3SbH2S4O,test
mp-aaacqocd,Cu3P2H2O9,train
mp-aaacqodc,CrC6N12(ClO3)3,train
mp-aaacqocm,Al3P3H8C2NO13,train
mp-aaacqocp,SnH10C3SN3Cl2,train
mp-aaacqocl,TcH12C4S2(Cl2O)2,train
mp-aaacqocr,Cd(NO3)2,train
mp-aaacqocj,Ba18In8(S7F6)3,train
mp-aaacqocy,CoPH3CO4,test
mp-aaacqocx,Fe3P4H8NO12,train
mp-aaacqoda,MnAl2(SiO5)2,train
mp-aaabkulg,KEuAsS3,train
mp-aaabkunf,KCo4(PO4)3,train
mp-aaabkusz,Nb2Ni4O9,train
mp-aaabkupx,P28Pb5I2,train
mp-aaabkurw,V2Cu(PO5)2,test
mp-aaabkujr,Hf2Ni2Sn,train
mp-aaabkuml,V2Ni(PO5)2,test
mp-aaabkuns,NaCe(GaSe2)4,train
mp-aaabkuyp,SiO2,train
mp-aaabkuzo,K5(AsPb)3,test
mp-aaabkvgi,Gd3S3N,train
mp-aaabkuvw,Ca3Ag8,train
mp-aaabkvhc,ReNCl4O3,test
mp-aaabkvim,CsEr13(CoI12)2,train
mp-aaabkuxy,In4SnS4,train
mp-aaabkuzu,GdRu2,test
mp-aaabkvcu,TiBrO,train
mp-aaabkuvt,UInNi2,train
mp-aaabkuta,Y5CuPb3,train
mp-aaabkvdt,Gd3P4Pd7,train
mp-aaabkvdz,La4C5Cl2,train
mp-aaabkvfn,ZnS,train
mp-aaabkvgo,KNOF2,test
mp-aaabkvbj,Ca3Mg3(PO4)4,test
mp-aaabkvkc,U2InNi2,train
mp-aaabkvkr,Ga4P4O17,test
mp-aaabkvli,TaSbO4,train
mp-aaabkvka,C28Cl5,test
mp-aaabkvjd,C10F3,train
mp-aaabkvis,SrTeO3,train
mp-aaabkviy,Cu12Sb4S13,train
mp-aaabkvmd,Er2Ga10Os3,train
mp-aaabkvlw,Np2InRh2,test
mp-aaabkvkn,Sc2(Ni7B2)3,train
mp-aaabkvmi,ZnAu2(CN)4,train
mp-aaabkvlz,Tm2Ga10Os3,train
mp-aaabkvla,Re2P2O11,train
mp-aaabkvlc,Cd85Pd27,train
mp-aaabkvnf,Ba39Li80N9,train
mp-aaabkvpv,PBr7,train
mp-aaabkvqe,Rb2Cr3O10,train
mp-aaabkvmv,V2Bi7O15,train
mp-aaabkvnn,Ho2B4O9,train
mp-aaabkvqp,La21Fe8Bi7C12,train
mp-aaabkvoj,SiAg5ClO4,train
mp-aaabkvnl,Sm2B4O9,train
mp-aaabkvqc,Rb5HfFe(MoO4)6,train
mp-aaabkvpu,SbP3C(NCl5)3,train
mp-aaabkvpz,Np2InPt2,train
mp-aaabkvrr,CeP5O14,train
mp-aaabkvua,CaTi4(CuO4)3,train
mp-aaabkvra,Sb2Pb2O7,test
mp-aaabkvvl,CdI2,train
mp-aaabkvzh,La6Ge11,train
mp-aaabkvrl,V2Pb4O9,train
mp-aaabkvta,Cs2NpBr6,train
mp-aaabkvxc,Eu5P3ClO12,train
mp-aaabkvya,Tl8(CdN14)3,train
mp-aaabkvty,NaCa2TiSi2O8F,test
mp-aaabkvyx,ZnBr2,train
mp-aaabkvxt,CSe(ClF)3,train
mp-aaabkvyt,K2ZnCl4,train
mp-aaabkvqs,KICl4,train
mp-aaabkvyb,ZrPbO3,test
mp-aaabkvwq,Sb2Pb2O7,test
mp-aaabkvxd,Sb2O5,train
mp-aaabkvzy,Cu3SbS3,train
mp-aaabkwdw,BiIr3(CO)9,test
mp-aaabkwge,Co3C10O9,train
mp-aaabkwep,Re2N2ClF9,train
mp-aaabkvzw,PuIO,train
mp-aaabkwhp,Ce21Fe8Bi7C12,test
mp-aaabkwen,Os5C17O16,train
mp-aaabkwic,CsNi2F6,train
mp-aaabkvzi,As5Pb3S10,train
mp-aaabkwhx,Cs2CrO4,test
mp-aaabkwcu,MnSiO3,train
mp-aaabkwer,Zr14P9,train
mp-aaabkwhw,Cr(CO)6,train
mp-aaabkwhy,U2O5,train
mp-aaabkwig,Pd2S9N4,train
mp-aaabkwsk,GdGa2Co,train
mp-aaabkwkk,SbS5N5Cl6,train
mp-aaabkwnx,CoAg(CO)4,train
mp-aaabkwrd,NaPO3,train
mp-aaabkwpj,Tl2Mo4O13,train
mp-aaabkwrw,NaPO3,train
mp-aaabkwme,Eu2O3,train
mp-aaabkwpi,Tb4In20Ni11,train
mp-aaabkwjz,La4Mo7O27,train
mp-aaabkwlg,TlAs3PbS6,train
mp-aaabkwiy,Fe2C8SO10,train
mp-aaabkwlj,Ba2LuSbO6,train
mp-aaabkwju,Cr2(MoO4)3,train
mp-aaabkwrt,Ca2GaFeO5,train
mp-aaabkwop,RbBiC4(SN)4,train
mp-aaabkwpb,Nb2Cd2O7,train
mp-aaabkwzf,Os4C13S2O13,train
mp-aaabkwyy,Pr14Si11Ni6,test
mp-aaabkwvz,Cs3Mn3V4O16,train
mp-aaabkwzg,Os6C17S2O17,train
mp-aaabkwvd,Os6C19O20,train
mp-aaabkwum,Na2Al2S3(Cl4O3)2,test
mp-aaabkwtp,Si2Os3C12(ClO2)6,train
mp-aaabkwvk,Mn2Hg(CO)10,train
mp-aaabkwvj,ReC5ClO5,train
mp-aaabkwwn,CSN2OF2,train
mp-aaabkwxf,PNCl2,train
mp-aaabkwvn,Fe3C8(Br2N)8,train
mp-aaabkxeg,CrCo3C16NO14,train
mp-aaabkxdw,KB5O8,train
mp-aaabkxfa,V2PS10,test
mp-aaabkxjb,ThMn4(CuO4)3,train
mp-aaabkxsw,Zr2Cl5,test
mp-aaabkxgi,Eu2GeO5,train
mp-aaabkxaf,Os3C8SO8,train
mp-aaabkxdb,SbP3C(NCl5)3,train
mp-aaabkxhd,SbP2SN3Cl10,train
mp-aaabkxrt,NaTiFeO4,train
mp-aaabkxtk,Te7OsO5F32,test
mp-aaabkxld,ZnAg2C4(SN)4,train
mp-aaabkxnl,Fe3C10SO10,train
mp-aaabkxvc,Sm10Pd21,train
mp-aaabkxub,Os7C19SO19,train
mp-aaabkxxl,Na4V2O7,train
mp-aaabkxvn,GeOs2C8(ClO2)4,train
mp-aaabkxvd,K2IrCBr5O,train
mp-aaabkygo,AlSeCl7,train
mp-aaabkxye,Os5C15SO15,train
mp-aaabkyfr,ReTe7O7F32,train
mp-aaabkyay,LaSiAs3,train
mp-aaabkybn,Nb5P3,train
mp-aaabkybc,NaLiCO3,train
mp-aaabkxyy,Nb2PS10,train
mp-aaabkydb,Ga2Fe2Bi2O9,train
mp-aaabkyfb,MoPNCl6O,train
mp-aaabkycv,Sr5(InSb3)2,train
mp-aaabkybg,Na6Mo10O33,train
mp-aaabkyew,GaFeO3,train
mp-aaabkyeq,Ti2SCl12,train
mp-aaabkyeu,Sr2B8Ru7,train
mp-aaabkyij,ReTe5O6F25,train
mp-aaabkyoh,Sm11(CoB)40,train
mp-aaabkyts,KCuPO4,train
mp-aaabkyrn,KBiN(ClO)3,train
mp-aaabkylh,NbClF8,train
mp-aaabkytq,K3Nd2(NO3)9,train
mp-aaabkyod,Mo6PbBr14,train
mp-aaabkyjt,Th6FeBr15,train
mp-aaabkyrr,Sr2(PPd)3,test
mp-aaabkyok,FeSCl7,train
mp-aaabkyis,Os10C23S2O23,test
mp-aaabkyjb,CrC5SO7,train
mp-aaabkysz,Ca3BCNCl2,train
mp-aaabkyum,V2PbO6,train
mp-aaabkytz,Ca5(InSb3)2,train
mp-aaabkyyl,CaMgSiO4,train
mp-aaabkyvp,Si2Ni5P3,train
mp-aaabkzdp,NbO2,test
mp-aaabkyzg,Pd(XeF8)2,test
mp-aaabkyzj,As3Pb5ClO9,train
mp-aaabkzeh,K2SbF5,train
mp-aaabkzcq,Ce9(Ni13P6)2,train
mp-aaabkyyy,K3Pr2(NO3)9,train
mp-aaabkyzr,Cu3SbS4,train
mp-aaabkzbo,CaSiO3,test
mp-aaabkyyv,W25O73,train
mp-aaabkzbv,Fe(PO3)2,test
mp-aaabkyyr,RuXeF11,test
mp-aaabkyzw,KCo(CO)4,test
mp-aaabkzdi,NaAlSiO4,train
mp-aaabkzni,Sb8(Pb3S7)3,train
mp-aaabkzhp,Tb15(Ni4P3)7,train
mp-aaabkzgn,Fe4Ge(CO)16,train
mp-aaabkzeo,Os3C9Se2O9,train
mp-aaabkzlx,Os4C13SO13,train
mp-aaabkzfi,CuSbPbS3,train
mp-aaabkzmc,RuC3Br2O3,train
mp-aaabkzgv,Mn7(PbO5)3,test
mp-aaabkzeq,AgAsS6N4(OF3)2,train
mp-aaabkzoh,Cs4TlSbCl12,test
mp-aaabkzlw,Na2Cu3(SiO3)4,train
mp-aaabkzll,BaCeC2O6F,train
mp-aaabkzji,Sn(S4I)4,train
mp-aaabkzmj,Cu3Mo2O9,train
mp-aaabkzuw,Se5SO3F,train
mp-aaabkzsr,Li2SeO4,test
mp-aaabkzwu,KIn(MoO4)2,train
mp-aaabkzpd,Fe3WC14(SO7)2,train
mp-aaabkzpa,PrIn2Cl5,train
mp-aaabkzsu,K2Rb2Re6S13,train
mp-aaabkzox,K2PdC4(SN)4,train
mp-aaabkzop,P6N7Cl9,train
mp-aaabkzpf,La4(GeS4)3,test
mp-aaabkztk,InCo3(CO)12,train
mp-aaabkzoy,RbLiBi2(MoO4)4,test
mp-aaabkzqd,Fe15(Ge2O9)4,train
mp-aaabkzsi,Fe3O4,train
mp-aaabkzth,Cs4Re6Se13,train
mp-aaabkzwq,Fe7(P2O7)4,train
mp-aaabkzpx,SbC(N3Cl2)3,train
mp-aaabkzyz,Mn14Si23,train
mp-aaablaaq,NbTe4,test
mp-aaabkzyr,Pr6Si4Ni7,train
mp-aaablafa,Tl3AgTe2,test
mp-aaablahj,Rb3V2Br9,train
mp-aaablais,W2C7Br4O7,test
mp-aaabkzyu,Cs2As8S13,train
mp-aaabladc,FeSiO3,train
mp-aaablaie,Sb3S2XeN(O2F9)2,train
mp-aaablaay,PCN2Cl3,test
mp-aaablaim,Cs2K2Cd3O5,test
mp-aaablahq,AgC3N3O,train
mp-aaablaig,WC4(BrO2)2,test
mp-aaablaht,Ca3(InAs2)2,train
mp-aaablahy,Ca4YFe5O13,train
mp-aaablapn,Gd2Be2GeO7,train
mp-aaablald,K4Nb2Si8O23,train
mp-aaablatl,K(MoO2)4,train
mp-aaablany,TeAs(Se2F3)2,train
mp-aaablala,U(PbO2)3,train
mp-aaablaot,Os2Pt(CO)9,train
mp-aaablalv,Cs3Bi7Se12,train
mp-aaablaui,In2Bi4Pb4S13,train
mp-aaablaqn,Cu4Mo5O17,train
mp-aaablatk,La5V3S6O7,train
mp-aaablati,GaRe2(CO)9,test
mp-aaablays,LaFe5(GeO5)3,test
mp-aaablbai,Ru7C20(SO10)2,test
mp-aaablayy,Hf(ClO4)4,train
mp-aaablaxs,K3Nb7O19,train
mp-aaablauj,GaBr2,train
mp-aaablava,Co6Ge2(CO)19,train
mp-aaablazw,Ru6C17S2O17,test
mp-aaablaxt,Na2Ti9O19,test
mp-aaablayh,MnTeC5O6F5,train
mp-aaablazg,Nd5(FeB)18,train
mp-aaablazq,Ru5C14(SO7)2,train
mp-aaablbeo,FeSb2WC8Se2(O2F3)4,test
mp-aaablbbm,Os2C6SeO6,train
mp-aaablbar,In3Bi7(Pb2S9)2,train
mp-aaablbcl,Te2W3(CO)15,train
mp-aaablbdh,CdAs2C4SN4(OF6)2,train
mp-aaablbdv,Gd13Ge6O31F,train
mp-aaablbbk,KAlGeO4,train
mp-aaablbci,Ag9(BiO3)2,train
mp-aaablbdj,Nb2Ni4O9,train
mp-aaablbfd,Cs3HgI5,test
mp-aaablbgl,TeI4,train
mp-aaablbhf,CeSiNO2,train
mp-aaablbgq,Gd3NCl6,test
mp-aaablbgk,Te4As2S5(OF6)2,train
mp-aaablbml,Cu2WO4,test
mp-aaablblf,Co4Si(CO)14,train
mp-aaablbfe,Mn3Bi(CO)15,test
mp-aaablbgr,TeAs(SeF3)2,test
mp-aaablbhd,K3WC4N4OF,train
mp-aaablbmb,NaIn(MoO4)2,train
mp-aaablbiv,As(IF3)2,train
mp-aaablbku,Fe2Cu6SnS8,train
mp-aaablbng,SeBr4,train
mp-aaablbjj,Te2Ru4(CO)11,train
mp-aaablbnv,K3Mo3Se14,train
mp-aaablcay,Si4Ag10O13,train
mp-aaablbog,Ba2ErCl7,train
mp-aaablbqc,MnInFe(CO)9,train
mp-aaablbxp,K2Fe2P2O7F2,train
mp-aaablbre,K2Mn2(MoO4)3,train
mp-aaablbqf,Hf(TeCl6)2,train
mp-aaablbww,Mn(InTe2)2,train
mp-aaablbsf,Co8C24(SO7)3,test
mp-aaablcbu,Ce20Ti11(S22O3)2,test
mp-aaablcas,Cu3B7IO13,train
mp-aaablcbq,Cu6AgBi12PbS22,test
mp-aaablcbr,SiO2,train
mp-aaablcch,C5N4,test
mp-aaablcee,UTe5,train
mp-aaablcck,Ni3P4PbO14,train
mp-aaablcgq,Bi4Cl2O5,train
mp-aaablcea,CsXe3O3F13,train
mp-aaablcfu,CsV3O8,train
mp-aaablccm,VSb2NCl14,train
mp-aaablcdi,InRe2C10BrO10,test
mp-aaablcci,Fe2Te2Ru2(CO)11,test
mp-aaablces,Ca5MnSi9(Pb3O11)3,train
mp-aaablcfm,InRe2C10ClO10,train
mp-aaablccz,Cs2Re2Se5,train
mp-aaablcjc,CeSiP3,train
mp-aaablchy,Pb3O5,train
mp-aaablcnx,Na8Si7O18,train
mp-aaablcjj,Nb6InCl15,train
mp-aaablcoi,GdFe5P3,train
mp-aaablcos,Re3S4Br,train
mp-aaablcqm,Fe4Pb(CO)16,train
mp-aaablcpo,KS2N(O2F)2,train
mp-aaablcll,Nb4Te17I4,train
mp-aaablcgt,Hg8Br3O4,train
mp-aaablchb,GdGaGe2O7,train
mp-aaablcou,OsC4ClO4,train
mp-aaablcmv,Fe3(GeO4)2,train
mp-aaablcoq,Ce10Se19,train
mp-aaablcuq,C2IO,train
mp-aaablcvo,Rb2Cu2(MoO4)3,train
mp-aaablctw,AuC5(SCl)4,train
mp-aaablcze,CrFe2C10(Se2O5)2,train
mp-aaablcxu,P(W3O10)2,train
mp-aaabldba,MoPb5O8,train
mp-aaablczx,Fe3Te2(CO)9,train
mp-aaablcxm,Ge2RuC4(Cl3O2)2,train
mp-aaablcqv,Zn10Fe(B4Rh9)2,train
mp-aaablcum,Cu2Bi4Pb2S9,train
mp-aaabldan,PC2S2N3,train
mp-aaablcvk,PBr2N,test
mp-aaablday,PNCl2,train
mp-aaablczm,Fe3C9S2O9,train
mp-aaablcvt,Co4Ge(CO)13,train
mp-aaabldfy,Cs4Re6S13,train
mp-aaabldpo,POs6C18ClO18,train
mp-aaabldnf,Ba2Fe6O11,test
mp-aaabldfj,LiZnPO4,train
mp-aaabldml,K2PtS15,train
mp-aaabldcp,Ru(CO)4,train
mp-aaablddh,LiFe6Ge5,train
mp-aaabldch,Li(FeGe)6,test
mp-aaabldoh,Bi2Ru3(CO)9,train
mp-aaabldic,Er5Si3C,train
mp-aaabldnr,Re(SeCl6)2,train
mp-aaabldia,MgMn3(CuO4)2,train
mp-aaabldki,UWC2,train
mp-aaabldkv,In5Br7,test
mp-aaabldqu,Rb2V(PO4)2,train
mp-aaabldqz,Sr10Cu5Bi10O29,train
mp-aaableea,Mn(GaTe2)2,train
mp-aaabldxx,La3GaGe5O16,train
mp-aaabldrl,Fe2Co4Ge2(CO)21,train
mp-aaabldrj,Re2SnC10(ClO5)2,train
mp-aaabldzp,Ca2(Fe2O3)11,train
mp-aaabldtw,Tl2Zn(CN)4,train
mp-aaabledc,Se2S(NCl)2,train
mp-aaablefi,Ba2Ca2Tl2Cu3O10,train
mp-aaablegk,K4US3O14,train
mp-aaabldrw,Fe4As5O13,train
mp-aaabldtu,BiRu2(CO)6,test
mp-aaablebu,Mo2Cl8O,train
mp-aaablemj,Ba4Yb(CuO3)3,test
mp-aaableqw,K2ZnCl4,train
mp-aaableit,Ru4C14O13,train
mp-aaablevh,Al2P2O11F,train
mp-aaablepx,Mn7FeCl3O10,train
mp-aaableuz,Tl2GePbS4,train
mp-aaableqs,CuAg7As4ClO14,train
mp-aaableva,Ag3I(NO3)2,train
mp-aaablevr,Re3S4Cl,train
mp-aaablevy,CuS4(N2Cl)2,train
mp-aaableiy,Cr3B7ClO13,train
mp-aaablejr,Fe6Sn2(CO)23,train
mp-aaablekl,Cr3Pb5F19,train
mp-aaableux,P4Se3I2,test
mp-aaableus,Sb2Te2O9,test
mp-aaablfds,MnC4IO4,test
mp-aaablfaf,Ta(CoTe)2,test
mp-aaablext,K2ZnCl4,train
mp-aaablewi,Fe4Si(CO)16,train
mp-aaablfct,SiO2,train
mp-aaablexr,BaNa4Cu3F12,test
mp-aaablewo,Os3C8SO8,train
mp-aaablfco,Ru2S4Cl13,train
mp-aaablfdl,BaNb8O14,train
mp-aaablfgh,Pr3PtI3,train
mp-aaablfgn,K3Lu(SiO3)3,train
mp-aaablfhn,Co4Pb(CO)16,train
mp-aaablfkv,KZnPO4,train
mp-aaablffs,KCu7TeS5ClO24,train
mp-aaablfep,Sr2NdCu3(PbO4)2,train
mp-aaablfev,Fe6Ge2(CO)23,train
mp-aaablffq,ZrFe12Si2B,train
mp-aaablffb,Re2Te4Cl22O,train
mp-aaablfiz,Sr2DyGaCu2O7,train
mp-aaablfhr,NbTe2(SeI3)2,train
mp-aaablfiw,Co2SnC8(ClO4)2,train
mp-aaablfje,CuAs2Pb8Cl5O9,train
mp-aaablfkc,Cs2Re2S5,train
mp-aaablfld,Zr6NiCl15,train
mp-aaablfun,KFe(SeO3)2,train
mp-aaablfpx,RhC2ClO2,train
mp-aaablfnd,La2Cu2O5,test
mp-aaablfme,K3Cr11S18,train
mp-aaablfsf,Tl4Mo(CN)8,test
mp-aaablflr,As4Pb8Cl6O11,train
mp-aaablfqb,BaCu4S3,test
mp-aaablfqv,GaAg(PSe3)2,train
mp-aaablfrf,Nd2Ti4O11,train
mp-aaablful,Mn11Ge8,train
mp-aaablfnv,Nb6SI9,train
mp-aaablfoy,La5(Mo16O27)2,train
mp-aaablftn,Ta8NiSe8,train
mp-aaablftq,Tl4Fe(CN)6,train
mp-aaablgrc,CdCO3,train
mp-aaablglk,KNa2AlH6,test
mp-aaablfxw,Ba2Fe2O5,train
mp-aaablgqr,CuO2,test
mp-aaablfyt,CsK5Ru2O9,train
mp-aaablfxp,Tl2FeC5N6O,train
mp-aaablfxj,Fe3C9(SO5)2,train
mp-aaablfxl,Nb5P7O30,train
mp-aaablfzr,BaCu2(PO4)2,train
mp-aaablgae,K2CoCl4,test
mp-aaablguj,MnH9C4NO6,train
mp-aaablgtz,CoH32C8S4(NO5)2,test
mp-aaablgag,Ba2YTlCu2O7,train
mp-aaablgpb,FeBiO3,train
mp-aaablgdb,Ni(XeF8)2,test
mp-aaablgwq,CaAlH5,train
mp-aaablgvx,Ag(CO)2,train
mp-aaablhai,CuH2(CO2)2,train
mp-aaablgzj,SrH6(CO3)2,train
mp-aaablgus,MnH21C7S3N,test
mp-aaablhbq,Nb2Br5,train
mp-aaablgyj,Li3BH6,train
mp-aaablhan,LiAlSiH2O5,train
mp-aaablhbp,Fe(SbO2)2,train
mp-aaablhdt,S,train
mp-aaablgum,CuH9C4NO6,test
mp-aaablgyl,FePH5CO8,test
mp-aaablhbi,K2ZnH12(SO7)2,train
mp-aaablhdc,Li2Fe3(P2O7)2,train
mp-aaablgzh,Mo2H12C4N2O15,train
mp-aaablhix,HgC2(SN)2,train
mp-aaablhae,LiAlSiH2O5,train
mp-aaablhcj,K2Pb(SO4)2,train
mp-aaablhdz,Ba11(Cd4Bi7)2,train
mp-aaablhds,MnAgO4,train
mp-aaablhlx,Ru(CO)4,train
mp-aaablhjt,K2PdN2(ClO2)2,train
mp-aaablhvb,LiB13C2,train
mp-aaablhvx,Cs2Tb6Te7N2,train
mp-aaablhuq,CeCu4Sn,train
mp-aaablhqb,SrIn,train
mp-aaablhwp,FeBiO3,train
mp-aaablhlo,PbSe,test
mp-aaabljil,Rb,train
mp-aaabliqi,BaEuFe2O5,test
mp-aaabljrm,Ti2O7,train
mp-aaablikg,SrN6,train
mp-aaablhmv,CuH10SO9,test
mp-aaablhpo,Dy3Ge4,train
mp-aaablhrd,Pb4SeBr6,train
mp-aaabljro,Ti13O22,train
mp-aaablhme,UI4,train
mp-aaabliqq,Gd2Cl3,train
mp-aaabliek,MnSbSe2Br,train
mp-aaablhpm,VS2,test
mp-aaablhtj,Pb2O3,train
mp-aaablhxo,TiO2,train
mp-aaabliyb,B2H10C2NClO3,train
mp-aaablion,CaN6,test
mp-aaablist,Sc2H10S3O17,test
mp-aaablhuw,NaClO3,test
mp-aaablkke,MgSiO3,test
mp-aaablkgf,EuTlPS4,test
mp-aaabljsx,Ni3O4,train
mp-aaablkiu,RhSCl5,train
mp-aaabljsq,Y2Mn2S2O5,train
mp-aaabljrv,FePH5CO8,test
mp-aaablkkg,MgSiO3,test
mp-aaabljsu,Ni9O10,train
mp-aaabllbu,TaSi2H35(C3N)4,test
mp-aaablkgg,K3TiCl6,train
mp-aaablkkm,Na12B26O45,train
mp-aaablksd,SrAl2(SiO4)2,test
mp-aaablklu,Na3Si2PO8,train
mp-aaablljd,Ce5C2Cl9,train
mp-aaablkkv,BaZn(SeO3)2,train
mp-aaablllm,La8Al4I7,train
mp-aaablpbz,Ag2SO4,train
mp-aaablsbr,SrTeO3,train
mp-aaablsaw,Hf(PS3)2,train
mp-aaablopb,NaZr2AgF11,train
mp-aaablnen,Zn3B7BrO13,test
mp-aaabloqv,Cs2MnTe2,train
mp-aaablsbq,Na2Zn(SiO3)2,train
mp-aaablpfm,PtF4,train
mp-aaablqwh,Li4TeO5,train
mp-aaablsbv,Ce2Si2O7,train
mp-aaablmop,Au2O3,train
mp-aaablouw,Cd2SiO4,train
mp-aaablsby,KNiPS4,test
mp-aaablqgy,NbI5,test
mp-aaablqnt,K2Cu(CO3)2,test
mp-aaablmkl,Na3Ca2BiO6,train
mp-aaablneh,GaCl3,test
mp-aaablrqv,Rb2NbAgSe4,train
mp-aaablqwp,TiSCl6O,train
mp-aaablmtz,Si2H25C10N,train
mp-aaablsat,RbMgCl3,train
mp-aaablqfv,LiNb3InCl9,train
mp-aaablsbx,LaFe9Si4,train
mp-aaablscc,AgIrF7,train
mp-aaablqjw,P2O5,train
mp-aaablsbh,Te2WCl6,test
mp-aaablscp,PSeCl9,test
mp-aaablsda,Ce3Sb5Pd6,train
mp-aaablsee,SbRu2C6Cl7O6,train
mp-aaablscr,Cs2GeTe4,train
mp-aaablscl,Cu(NO3)2,train
mp-aaablscd,PbSe2O5,train
mp-aaablsct,TlNO3,train
mp-aaablsdm,BaB2F8,test
mp-aaablsdz,CaCeC2O6F,train
mp-aaablsdr,Sr2EuGaCu2O7,train
mp-aaablscy,Re(TeBr2)2,train
mp-aaablscv,B2Pb2S5,train
mp-aaablsdf,CsFe2Se3,train
mp-aaablsdo,Ta3In2Cl9,test
mp-aaablsdi,Ca4Al6SO16,train
mp-aaablsdj,Nd12Cu6O25,train
mp-aaablsev,Na2Si4O9,test
mp-aaablseq,La20Ti11(S22O3)2,train
mp-aaablsio,NaIO4,train
mp-aaablsjg,P2SN3Cl5O,train
mp-aaablsep,Ag3AsSe3,train
mp-aaablseg,U5(B12Mo5)2,train
mp-aaablsew,LuTa6Br13O3,train
mp-aaablsfj,InOF,test
mp-aaablsis,SiO2,train
mp-aaablsgh,P2CN3Cl5,test
mp-aaablsex,CeP4(ClO)13,train
mp-aaablsja,GdAs2Pd3,test
mp-aaablsez,Ce3(Si3Pd10)2,test
mp-aaablsme,Os4C13(SO6)2,train
mp-aaablsna,Ni5Ge2P3,test
mp-aaablsnf,In10(Pb2S7)3,test
mp-aaablsmk,Os6C19SO19,train
mp-aaablsmm,Sm10Pd21,train
mp-aaablslx,Te3As2(SF4)3,train
mp-aaablsma,Os2C6SO6,test
mp-aaablsjh,TcC4IO4,train
mp-aaablskm,NbBr5,train
mp-aaablsmx,Mn(GaS2)2,train
mp-aaablsml,K2Ba(Ge4O9)2,train
mp-aaablsms,Na5Lu(SiO3)4,train
mp-aaabltaq,Ag2SeO4,train
mp-aaablsqx,SbTe(SeF3)2,train
mp-aaablufb,Rb2TaCuS4,train
mp-aaabltnm,Hg2GeO4,train
mp-aaabltfo,PdF4,train
mp-aaablxbp,Re(TeCl6)2,train
mp-aaablult,GeS2,test
mp-aaablyfe,Na4TeO5,train
mp-aaabltcq,Rb2Pt3S4,train
mp-aaabltbi,Rb2Pd3S4,test
mp-aaablxfv,K2Co(SeO3)2,test
mp-aaablugy,Rb2TaCuSe4,train
mp-aaablxlk,Na2Te4O9,train
mp-aaabltkg,SiO2,train
mp-aaablyhk,Cr(B3H8)2,train
mp-aaablvuh,C(ClF)2,train
mp-aaablwvr,EuAg,train
mp-aaablxll,K2VAgS4,train
mp-aaablypf,S,train
mp-aaablxck,SrHgO2,train
mp-aaablxme,ReS2,train
mp-aaablyzm,TiBrO,train
mp-aaabluuk,NaAg(NO2)2,train
mp-aaablyzg,La4C5Cl2,train
mp-aaablxqv,K2TaCuSe4,train
mp-aaabluwx,ScCr2Ag(H2O5)2,train
mp-aaablzcj,C,test
mp-aaablyzo,NaCa2TiSi2O8F,test
mp-aaablyzx,Na3Ca2TaO6,train
mp-aaablvse,K2P3,train
mp-aaablxgk,BaBe2(BO3)2,train
mp-aaabltmd,K4Zr6CBr18,train
mp-aaabltou,Li2U(MoO5)2,test
mp-aaablzcw,Re6Te7Se8,train
mp-aaablzdp,ReN(OF2)3,test
mp-aaablzds,Cs3(FeS2)2,train
mp-aaablzct,Sr5Re3ClO15,test
mp-aaablzdy,Ba9(TaN6)2,train
mp-aaablzdf,Cs7Cd3Br13,train
mp-aaablzcy,K2P4PbO12,train
mp-aaablzdc,K2MgSi5O12,train
mp-aaablzdt,Li2SeO4,test
mp-aaablzdu,AlPO4,train
mp-aaablzcr,SNClO,train
mp-aaablzdz,ScNb6Cl13O3,train
mp-aaablzdb,ReHg2O5,test
mp-aaablzde,Ca5(PPd)6,train
mp-aaablzei,In2Cl3,test
mp-aaablzel,Ag2Pb8Cl4O7,train
mp-aaablzeh,Mg(GaS2)2,train
mp-aaablzfa,Bi12PbO20,train
mp-aaablzfc,Rb3Nb5P2O19,train
mp-aaablzec,K3Ce2(NO3)9,test
mp-aaablzew,PbN6,train
mp-aaablzee,SeCl4,train
mp-aaablzek,K5InO4,train
mp-aaablzfb,Re2(HgO2)5,train
mp-aaablzeu,Cs4Zr3Te16,train
mp-aaablzfy,PRu5C16(O5F)3,train
mp-aaablzfs,CsSbOF4,train
mp-aaablzgb,Ca2Zr5Ti2O16,test
mp-aaablzfv,AlPO4,train
mp-aaablzfd,NbTl2PO6,train
mp-aaablzfh,Sr3U11O36,train
mp-aaablzfu,Ce3NCl6,train
mp-aaablzfo,PRuC4(OF)3,train
mp-aaablzga,SiO2,train
mp-aaablzfl,Rb3Ce2(NO3)9,train
mp-aaablzge,Ba8Zr3(SbO6)4,train
mp-aaablzgf,SiO2,train
mp-aaablzgj,SiO2,train
mp-aaablzgd,SiO2,train
mp-aaablzgm,Rb3Nd2(NO3)9,train
mp-aaablzgl,Ba7Al64O103,train
mp-aaablzgg,NaAlSiO4,train
mp-aaablzgi,SiO2,train
mp-aaablzhg,Ir3(CO)8,train
mp-aaablzib,SrTeO3,train
mp-aaablzhy,As5Pb3S10,train
mp-aaablzgv,Os6C17SO17,train
mp-aaablzgs,Na3Sr4Al5F26,test
mp-aaablzgt,Hg8Br3O4,train
mp-aaablzgn,Ba3Ce2C5O15F2,train
mp-aaablzgp,SiO2,train
mp-aaablzhd,PRu4C15O14F3,train
mp-aaablzie,P2Os4C15O13F6,test
mp-aaablzjb,TeAs(SeF3)2,test
mp-aaablzig,Bi2Te2O7,train
mp-aaablzod,Ag2P2PbO7,train
mp-aaablzlk,AgC3N3O2,test
mp-aaablzuk,SbSe5F6,train
mp-aaablzjz,KB5O8,train
mp-aaablzqk,Sr10Cu5Bi10O29,train
mp-aaablzkx,Os4C12SO12,train
mp-aaablzla,Ba8CaY2U4O24,train
mp-aaablzjc,SiO2,train
mp-aaablzmv,Ir3(CO)8,train
mp-aaabmcdi,CdI2,train
mp-aaabmcdp,Ba5Si8O21,train
mp-aaabmcdk,ReTe3Br5,train
mp-aaabmair,CaU(SeO4)2,train
mp-aaablzwt,Nd2Cu2O5,train
mp-aaabmcdm,KCe2CuSe6,test
mp-aaabmccr,CsY10(C2I9)2,train
mp-aaabmccv,Cs3Nb2S11,train
mp-aaabmcdn,Ca3Y2(GeO4)3,train
mp-aaabmcct,In7Te10,test
mp-aaabmccz,Cs3CdI5,train
mp-aaabmccm,Cs3Tb2Br9,train
mp-aaabmcda,Eu5Si(Cl3O2)2,train
mp-aaabmcdq,CdI2,train
mp-aaabmcdc,Ba5Si3,train
mp-aaabmccq,Cs3Tm2I9,train
mp-aaabmccp,FeSbPt,train
mp-aaabmcdh,TeWCl9,test
mp-aaabmcdo,Mn3Bi,train
mp-aaabmcdv,Cs2UTa6(Cl5O)3,train
mp-aaabmcdw,CdI2,train
mp-aaabmcek,LaNb2CuClO7,train
mp-aaabmcee,NbTeCl9,train
mp-aaabmceh,Rb3Ce(PSe4)2,train
mp-aaabmcff,Gd3B2(O2F)3,train
mp-aaabmcer,Cu2BiAsO6,train
mp-aaabmcep,KNd3Te8,train
mp-aaabmcel,Fe2Mo4C,train
mp-aaabmced,KCuF3,train
mp-aaabmceo,CdI2,train
mp-aaabmceq,CdI2,train
mp-aaabmcfi,Ce3Si2S8Br,train
mp-aaabmcfa,Ta5AuS,train
mp-aaabmceu,Cs3Re3(SI)4,train
mp-aaabmcfh,Ba2CaWN4,train
mp-aaabmceb,TaTeCl9,train
mp-aaabmceg,Rb5Mo18S19,train
mp-aaabmcej,Cs2TeO4,train
mp-aaabmcex,KAl(SO4)2,train
mp-aaabmcen,CdI2,train
mp-aaabmcfg,KU2F9,train
mp-aaabmcfv,Ca4Zn2Cu3P5,train
mp-aaabmcgx,Cs3Cu2(BiS2)5,train
mp-aaabmcfr,Sr2P6Rh7,train
mp-aaabmcfl,Pb2OF2,train
mp-aaabmcgo,K2Mn(SnSe3)2,train
mp-aaabmcgz,AlTlSiO4,train
mp-aaabmcfx,Dy2Fe3Si5,train
mp-aaabmcgs,HfPbO3,train
mp-aaabmcfo,Cs2NaCo(CN)6,train
mp-aaabmcfs,Gd2Se2O,train
mp-aaabmchd,Cu3BiSe2IO8,train
mp-aaabmche,SiO2,train
mp-aaabmcge,ScRe2Si3,train
mp-aaabmcfm,Co,train
mp-aaabmcft,Sr3InRhO6,test
mp-aaabmcgw,Sr2NiN2,test
mp-aaabmcgg,Lu2Si5Ru3,train
mp-aaabmcgt,Ba3Bi6PbSe13,train
mp-aaabmchj,EuBi2BrO4,train
mp-aaabmchm,BiTeIO3,train
mp-aaabmchf,RbCuPO4,train
mp-aaabmcih,Ga4Hg11(AsBr4)4,train
mp-aaabmcho,ZrAsPd,train
mp-aaabmcik,Cs3Bi2I9,train
mp-aaabmcja,RbTeNO3F4,train
mp-aaabmcia,Ba(C2N3)2,train
mp-aaabmciz,Cs3Sb2Cl9,train
mp-aaabmcjy,K2Pt(NO2)4,train
mp-aaabmcir,Te2S4(NCl3)3,train
mp-aaabmcio,TeS2N3Cl5,train
mp-aaabmcix,HgS4(NCl)3,train
mp-aaabmcjc,Ba2ScCl7,train
mp-aaabmcii,La2Al3Ge4,train
mp-aaabmcjv,Nd14Cl32O,test
mp-aaabmchn,KLaCO4,train
mp-aaabmckb,Si3Ru2,train
mp-aaabmcjw,PtI4,train
mp-aaabmcjx,Dy5Cl11,train
mp-aaabmcki,TaP2NCl12,train
mp-aaabmchx,Cu2Bi8Pb6S19,train
mp-aaabmcis,AgNO3,test
mp-aaabmckq,La10(ErS3)9,train
mp-aaabmclo,K2PtN4(ClO4)2,train
mp-aaabmckj,Gd2S3,train
mp-aaabmckk,Cd6Sb5,train
mp-aaabmcmc,Mn3SiNi2,train
mp-aaabmckv,Nb3Te4ClO15,train
mp-aaabmckx,USb2F15,train
mp-aaabmcme,Pu5Pt3,train
mp-aaabmckr,Pb(C2N3)2,test
mp-aaabmclv,Re2Si,test
mp-aaabmcla,HgB(CN)4,train
mp-aaabmckz,Sb3Pd8,train
mp-aaabmclr,RbHgC3(SN)3,train
mp-aaabmclu,AlPd,train
mp-aaabmcly,Ce3Mn(Al3Cu)8,train
mp-aaabmclq,Ba4Cu3Ge20,train
mp-aaabmcmi,K4Eu(PS4)2,train
mp-aaabmclc,Na2UO4,train
mp-aaabmcmd,KC(NO2)3,train
mp-aaabmcmo,ZnAu3,train
mp-aaabmcps,Ho6Mn23,train
mp-aaabmcrg,U3Ga5,test
mp-aaabmcmm,CsRe6S8Br3,train
mp-aaabmczy,PrTlPd,test
mp-aaabmdah,UGa,test
mp-aaabmcrc,U3Se5,train
mp-aaabmdhs,VINCl3,test
mp-aaabmdac,VSnRh2,train
mp-aaabmcsf,Gd2Ni7,train
mp-aaabmcrv,EuZn13,train
mp-aaabmcsm,Ni3Sn2,test
mp-aaabmcmx,Hf2InNi2,train
mp-aaabmedh,Ce5(In2Pt)2,train
mp-aaabmczx,Sr2Pb3,train
mp-aaabmcrk,NbPd3,train
mp-aaabmcpp,Nd5In11Ni6,train
mp-aaabmcso,Nd(Sn2Rh)2,test
mp-aaabmcmv,EuBi2IO4,train
mp-aaabmcna,Rb2Gd4Cu4S9,train
mp-aaabmcnq,Pr5Ga3,test
mp-aaabmdab,ZrRh,test
mp-aaabmcrr,Nb5Ni,train
mp-aaabmfwp,KNbCl6,train
mp-aaabmfcj,BaVOF4,test
mp-aaabmfwv,K2VAgSe4,test
mp-aaabmfji,Sc3Re2Si3,train
mp-aaabmgiz,K2Ni3S4,train
mp-aaabmfyv,MoSe2Cl4O,train
mp-aaabmgis,Rb2NbCuSe4,train
mp-aaabmgjk,Y5Pb4,train
mp-aaabmgan,NaZr2CuF11,train
mp-aaabmgij,Rb2NbCuS4,test
mp-aaabmgjr,CeAgAs2,train
mp-aaabmgji,TeS7Cl2,train
mp-aaabmgeh,KGdCO3F2,test
mp-aaabmggs,K2TaAgS4,train
mp-aaabmgcq,InCu(WO4)2,train
mp-aaabmggn,K2VCuS4,train
mp-aaabmgii,K2VCuSe4,train
mp-aaabmgjq,CaIn4Ni,train
mp-aaabmghb,Ti(PS3)2,train
mp-aaabmgid,Rb2VCuS4,train
mp-aaabmgig,K2NbAgS4,train
mp-aaabmgka,Ga3Ru,test
mp-aaabmgjn,CeInAg2,train
mp-aaabmgjs,La4B2CI5,train
mp-aaabmfxw,Re(SeCl6)2,train
mp-aaabmgjg,RuC4(IO2)2,train
mp-aaabmgjw,RbC2N3,train
mp-aaabmgkb,Ce(C2N3)3,train
mp-aaabmgiy,K3Sc(MoO4)3,train
mp-aaabmgjj,Pr2Pd2Pb,train
mp-aaabmgkf,RbCS(OF)3,train
mp-aaabmgky,TiAs2,train
mp-aaabmgll,Cs,train
mp-aaabmgkn,La5Ga3,test
mp-aaabmgkt,Na2Zn2(TeO3)3,train
mp-aaabmglf,Co(NiS2)2,train
mp-aaabmglh,PbO,train
mp-aaabmgkx,CaZn13,train
mp-aaabmgki,NaNb13O33,train
mp-aaabmglk,TbNi,train
mp-aaabmgld,N2,train
mp-aaabmgks,Ta2As,train
mp-aaabmgkr,Co21(B3W)2,train
mp-aaabmgkk,BePbF4,train
mp-aaabmgke,Ce2Si2O7,train
mp-aaabmgkl,Gd(PRu)2,train
mp-aaabmgkv,BaZn13,train
mp-aaabmgkz,Mn3ZnC,train
mp-aaabmgle,N2,train
mp-aaabmgkj,Eu(AsPd)2,test
mp-aaabmgkw,BaMnSi2,train
mp-aaabmglc,AlNi3,train
mp-aaabmglb,La3Ge3Br2,test
mp-aaabmgli,CeCuSb2,train
mp-aaabmgmt,Ce3(Ge3Pd10)2,train
mp-aaabmgmj,Cu3Pd,train
mp-aaabmgmk,CSNOF5,test
mp-aaabmgmb,Tm2Ga8Fe,train
mp-aaabmgml,Ce(SnPt)2,train
mp-aaabmgmi,WN18,train
mp-aaabmgmq,Sm2Pd2Pb,train
mp-aaabmglw,LiEuPS4,test
mp-aaabmgme,PNCl2,train
mp-aaabmgmd,AlFe2Mo,test
mp-aaabmglu,Ti3Ga,train
mp-aaabmglv,CsGaBr4,test
mp-aaabmglo,GdAl4Ge2Au,train
mp-aaabmgls,TaAsPCl13,train
mp-aaabmglx,CuHgSCl,train
mp-aaabmgly,CaPdPb,train
mp-aaabmgma,Y5Ga3,train
mp-aaabmgmg,La3Zn3Ge2SbO14,train
mp-aaabmgnd,CuCSN,train
mp-aaabmgmc,CsHo2Cu3Se5,train
mp-aaabmgmp,NbSe2,train
mp-aaabmgmf,Ce3Ru,train
mp-aaabmgmr,AlBiCl6,train
mp-aaabmgms,YbIn4Rh,test
mp-aaabmgne,Eu3Ga2,train
mp-aaabmgnf,Li13Si4,train
mp-aaabmgnz,NdInPt,train
mp-aaabmgoc,Th(GeRu)2,test
mp-aaabmgnk,Gd3Se4,train
mp-aaabmgoh,PC2S2N3,train
mp-aaabmgoo,Eu3(B3Rh4)2,test
mp-aaabmgnp,Cr(GaS2)2,test
mp-aaabmgof,Sc6Pb5,train
mp-aaabmgor,TbIn2Ni,train
mp-aaabmgnn,Cu4Bi5PbS11,train
mp-aaabmgnh,Ge3N4,train
mp-aaabmgog,Mg3In,train
mp-aaabmgoz,PbCSNCl,train
mp-aaabmgnr,YInNi,test
mp-aaabmgni,EuPPt,train
mp-aaabmgnm,Eu(CoSi)2,test
mp-aaabmgnu,Ga2Se3,train
mp-aaabmgpa,Sr4GaCN5,train
mp-aaabmgnq,Eu(MnGe)2,test
mp-aaabmgny,Ba6In5N,train
mp-aaabmgnv,CsNiC3(SN)3,train
mp-aaabmgos,In3Ru,train
mp-aaabmgpb,YIn2Ni9,train
mp-aaabmgql,Ni3Sb,train
mp-aaabmgpg,LiIn2Ru,train
mp-aaabmgpl,Cu4W(SCl)4,train
mp-aaabmgpo,KAu(CN)2,train
mp-aaabmgpk,CeAl5Pt3,test
mp-aaabmgpw,MnSbPt,train
mp-aaabmgqo,UNi2Sn,train
mp-aaabmgqa,Gd(C2N3)3,train
mp-aaabmgqq,Re2Cl7O3,train
mp-aaabmgps,Al(ICl2)3,test
mp-aaabmgqm,K2S5,train
mp-aaabmgph,UF6,train
mp-aaabmgpf,Ag2Hg7(P4I3)2,train
mp-aaabmgpc,Li5Ca7Sn11,train
mp-aaabmgqp,ThNiSn,test
mp-aaabmgpi,AsXe2O4F9,train
mp-aaabmgpm,RbVI3,train
mp-aaabmgpe,Cs(Bi2Te3)2,train
mp-aaabmgpd,VGe3,train
mp-aaabmgpr,Sm6Br13,train
mp-aaabmgpq,ZrNCl,train
mp-aaabmgqn,La3Co4Sn13,test
mp-aaabmgqi,UVN2,test
mp-aaabmhcm,Zn6Sb5,train
mp-aaabmgqz,UNiSn,test
mp-aaabmgtd,SrZnNi(PO4)2,test
mp-aaabmhbp,GaFe3,train
mp-aaabmgrg,Dy(FeSn)6,train
mp-aaabmhbi,Zr6Co16Ge7,train
mp-aaabmhci,Zr6Co16Si7,train
mp-aaabmhcf,Ti6Co16Si7,test
mp-aaabmhbf,Zr6Ni16Ge7,train
mp-aaabmhce,U(WC)4,train
mp-aaabmgrc,ThPb,test
mp-aaabmhbh,Nb6Ni16Ge7,train
mp-aaabmhcd,SNClO4,train
mp-aaabmhbg,Ta6Co16Ge7,train
mp-aaabmhaz,TiSiRh,train
mp-aaabmhay,KNO3,test
mp-aaabmhby,Dy5Mg24,train
mp-aaabmhcb,In2Se3,test
mp-aaabmhch,Y4InIr,test
mp-aaabmgrd,MnTe,train
mp-aaabmhba,Sm2(InCo3)3,test
mp-aaabmhbz,PbI2,train
mp-aaabmhcj,Nb8Zn4C3,train
mp-aaabmhbl,Hf6Co16Ge7,train
mp-aaabmhdj,SrZn13,test
mp-aaabmhde,UInNi4,train
mp-aaabmhcy,Hf2Nb3Ge4,train
mp-aaabmhda,GeTe,test
mp-aaabmhns,LiSn(PO3)3,train
mp-aaabmhcr,Hf6Co16Si7,train
mp-aaabmhcx,KAgCO3,train
mp-aaabmhdl,Fe(CuS)2,train
mp-aaabmhmn,BiP2O7,train
mp-aaabmhdr,Ba7(Fe3S7)2,train
mp-aaabmhmv,Np(FeGe)2,train
mp-aaabmhdk,Fe(CuS)2,train
mp-aaabmhcs,U2S3,train
mp-aaabmhdi,Sb2Se3,train
mp-aaabmhnb,Li2Cu(PO3)4,train
mp-aaabmhni,LiCu(PO3)4,train
mp-aaabmhms,Sb(PO3)4,train
mp-aaabmhno,Sn(PO3)3,train
mp-aaabmhnf,Sb(PO3)4,train
mp-aaabmhna,LiSb(PO3)4,train
mp-aaabmhnv,LiBiP2O7,train
mp-aaabmhrq,SnPO4,train
mp-aaabmhnx,BiP2O7,train
mp-aaabmhoj,LiBi2P5O18,train
mp-aaabmhri,LiNb(PO4)2,train
mp-aaabmhsn,LiSn4(PO4)3,train
mp-aaabmhoc,SnPO4,train
mp-aaabmhqx,LiSbP2O7,train
mp-aaabmhse,Li4Sn(PO3)6,train
mp-aaabmhql,CuPO4,train
mp-aaabmhpn,LiBi(PO3)4,train
mp-aaabmhsc,LiSb2P5O18,train
mp-aaabmhpo,LiSn4(PO4)3,train
mp-aaabmhpt,LiSn2P5O16,train
mp-aaabmhph,CuPO4,train
mp-aaabmhpk,Bi(PO3)4,train
mp-aaabmhrh,Sb(PO3)4,train
mp-aaabmhoa,LiCu(PO3)4,train
mp-aaabmhsk,LiBi(PO3)4,train
mp-aaabmhrj,Li2SnP2O7,train
mp-aaabmhrl,LiSbP2O7,train
mp-aaabmhsi,Li3Sn(PO3)6,train
mp-aaabmhto,LiCuPO4,train
mp-aaabmhte,Sn3(P2O7)2,train
mp-aaabmhya,Bi2O3,train
mp-aaabmhuq,Li2NbP4O13,train
mp-aaabmhsr,Cu3(P2O7)2,test
mp-aaabmhtd,Sn2P3O10,train
mp-aaabmhtp,Sn(PO3)3,train
mp-aaabmiah,Nd(HO)3,test
mp-aaabmiax,U(HO2)2,test
mp-aaabmiao,Y(HO)3,train
mp-aaabmhzn,Ba(HO)2,train
mp-aaabmhuz,Dy2O3,train
mp-aaabmiaf,La(HO)3,test
mp-aaabmhtc,Bi5(PO4)6,train
mp-aaabmhtf,LiSn2P3O10,test
mp-aaabmhvc,SiO2,train
mp-aaabmhuf,LiCu4(PO4)3,train
mp-aaabmhvi,Fe8N3,train
mp-aaabmhtm,LiSb(PO3)4,train
mp-aaabmhul,Cu4(PO4)3,test
mp-aaabmhyl,Cu9Se8,train
mp-aaabmhue,LiSnP2O7,train
mp-aaabmibz,NbHO3,train
mp-aaabmhyd,Y2O3,train
mp-aaabmhvf,Br,train
mp-aaabmhyb,CuI,train
mp-aaabmhtu,LiSn2P3O10,test
mp-aaabminj,Ce17O32,train
mp-aaabmifi,Mo(HO2)2,train
mp-aaabmind,Ti9S10,train
mp-aaabminq,Lu2Se3,train
mp-aaabmiod,CuGe2P3,test
mp-aaabminy,H2O,train
mp-aaabmimq,MgNb2(PbO3)3,train
mp-aaabminx,Ti7S12,train
mp-aaabmink,Tb2S3,train
mp-aaabminc,Sm3S4,train
mp-aaabmieb,Mo2H2O7,train
mp-aaabmioc,Ce3(Si3Pd10)2,test
mp-aaabmiel,GaHO2,train
mp-aaabminb,Fe3N,train
mp-aaabmigi,H9BrO4,test
mp-aaabminl,Mo7S8,train
mp-aaabmifn,H5BrO2,train
mp-aaabmiko,Al(HO)3,train
mp-aaabmiec,GaHO2,train
mp-aaabminv,Cu9Se5,test
mp-aaabrdoe,Fe3Co2Sb(PO4)6,train
mp-aaabrdnx,Na4H2RuN6O13,train
mp-aaabrdnz,FeOF,train
mp-aaabrdob,LiV2P5O16,train
mp-aaabrdoi,NaZn2HSe2O7,train
mp-aaabrdnw,Li3Sn3(PO4)4,train
mp-aaabrdoa,Co(IO3)2,test
mp-aaabrdoh,Mn3Ga4P6(H2O5)6,train
mp-aaabrdoc,Sr16(Ru5O16)3,train
mp-aaabrdol,Li2Cr2Si2O7,train
mp-aaabrdom,Li4Ni3(OF3)2,train
mp-aaabrdop,LiV2(CO3)4,train
mp-aaabrdov,Li2VF4,train
mp-aaabrdoq,LiCuPO4,train
mp-aaabrdok,LiCuPO4,train
mp-aaabrdoo,Y6O5F8,train
mp-aaabrdoy,LiFe(PO3)3,train
mp-aaabrdox,Ti3V2Fe(PO4)6,train
mp-aaabrdoz,Li3V2(O2F)2,train
mp-aaabrdpc,Li2CrSiO4,train
mp-aaabrdpa,Li3Fe(PO4)2,test
mp-aaabrdot,LiCu2PO4,test
mp-aaabrdpb,Li4Ni3(SnO5)2,train
mp-aaabrdou,CsSi3HO7,train
mp-aaabrdow,Li2Cr(SiO3)2,train
mp-aaabrdpd,Li2Cu3F8,train
mp-aaabrdoj,KV6O14,train
mp-aaabrdpf,Li2Fe2(CO3)3,train
mp-aaabrdon,Li3Fe2(SiO4)2,test
mp-aaabrdor,Li4Fe5(NiO6)2,train
mp-aaabrdos,Li2Cu3(CO3)3,train
mp-aaabrdpe,Fe3Co2Ni(PO4)6,train
mp-aaabrdpo,LiNiPO4,train
mp-aaabrdpi,Mg4Cu11O15,train
mp-aaabrdpq,Li2NbCr3O8,test
mp-aaabrdpk,Mg3(AsO4)2,train
mp-aaabrdpw,LiFeP2O7,train
mp-aaabrdph,Sr3(CoO3)2,train
mp-aaabrdpx,Li2FeSiO4,train
mp-aaabrdpg,LiCuPO4,train
mp-aaabrdpu,Fe35SiO48,train
mp-aaabrdpr,Sb8Cl2O11,train
mp-aaabrdpl,Li2Fe2NiO6,test
mp-aaabrdpm,V4(AgO4)3,test
mp-aaabrdpp,LiTiP2O7,test
mp-aaabrdpv,Li2Mn3P9O28,train
mp-aaabrdpz,Li4Mn2Co3Cu3O16,train
mp-aaabrdpy,V6CuO15,test
mp-aaabrdpj,Li3VO3F,test
mp-aaabrdpn,LiCoSiO4,train
mp-aaabrdpt,Li2Fe3P9O28,train
mp-aaabrdqc,VF5,train
mp-aaabrdqa,Li2Co2(SiO3)3,test
mp-aaabrdqi,Mn2V3Fe(PO4)6,train
mp-aaabrdqf,Li3V2H4(OF5)2,train
mp-aaabrdqe,Fe7(SiO6)2,train
mp-aaabrdqd,Li2MnCO4,train
mp-aaabrdqt,LiMn3Al2(HO2)6,train
mp-aaabrdqg,LiTiP2O7,test
mp-aaabrdql,Bi11PO20,train
mp-aaabrdqv,Nb9PO25,test
mp-aaabrdqp,Li7MnP4O14F,train
mp-aaabrdqo,CrFe3Co2(PO4)6,test
mp-aaabrdqr,TiCu3O4,train
mp-aaabrdqq,Li13Mn8O24,train
mp-aaabrdqh,NiP2(H8O5)2,train
mp-aaabrdqj,CaH12S2(NO5)2,train
mp-aaabrdqk,LiFePO4,train
mp-aaabrdqn,Bi10(Pb2O7)3,train
mp-aaabrdqs,Li2Mn3(P2O7)2,test
mp-aaabrdqm,Li3Sn2(PO4)3,train
mp-aaabrdqw,P2Pb3O8,train
mp-aaabrdqu,Li2Fe(PO4)2,test
mp-aaabrdru,LiMn(CO3)2,train
mp-aaabrdrb,LiP2WO8,train
mp-aaabrdrt,LiFeSiO4,train
mp-aaabrdqz,Li2Cr2Si5O13,train
mp-aaabrdrk,LiCoPO4,train
mp-aaabrdrc,LiTi(PO3)4,test
mp-aaabrdrh,Li3SiBiO5,test
mp-aaabrdre,LiP3(WO6)2,train
mp-aaabrdrm,Li6V9(PO4)8,train
mp-aaabrdrd,LiCrSiO4,test
mp-aaabrdra,Na2ZnPHO5,test
mp-aaabrdqx,Na2TeH5SO10,train
mp-aaabrdrg,Li3TiNi3O8,train
mp-aaabrdri,LiVP2O7,train
mp-aaabrdrn,Li5AgF8,train
mp-aaabrdrp,CaH12(IO6)2,train
mp-aaabrdrs,Mn3Co2Ni(PO4)6,train
mp-aaabrdrr,Li4Co3Cu3(WO8)2,train
mp-aaabrdrf,TiNb2O7,train
mp-aaabrdrl,Li(FeO2)3,train
mp-aaabrdrj,Li3CrSi2O7,test
mp-aaabrdro,LiV2F5,train
mp-aaabrdrv,Li4Ti3Cu3(TeO8)2,train
mp-aaabrdsg,Li3Ti(PO4)2,train
mp-aaabrdsd,LiV4(PO4)3,test
mp-aaabrdrx,Li2Cr(Si2O5)2,train
mp-aaabrdrz,Li2VCoO5,train
mp-aaabrdrw,LiV2(CO3)4,train
mp-aaabrdsb,LiCu2F6,train
mp-aaabrdsl,Li4Ni7O12,train
mp-aaabrdsc,Li4V2Co3Cu3O16,test
mp-aaabrdse,Li4VP2O9,train
mp-aaabrdsh,Fe8SiO12,train
mp-aaabrdso,LiMn3O6,train
mp-aaabrdsf,Ba8In6O17,test
mp-aaabrdsi,Zr4N2O5,train
mp-aaabrdsj,Li2Mn3O6,test
mp-aaabrdsn,Li2CrSi3O8,train
mp-aaabrdry,Ga13Fe11O32,train
mp-aaabrdsa,Li3Cr4P2O8F9,test
mp-aaabrdsk,LiFe4(BO3)4,train
mp-aaabrdtj,Li2SnP2O7,train
mp-aaabrdst,LiCuF4,train
mp-aaabrdtl,La16Mn15O48,train
mp-aaabrdtb,Li3Sn3(PO4)4,train
mp-aaabrdsx,Li3Ti2(PO4)3,train
mp-aaabrdsr,RbB2P2HO9,train
mp-aaabrdsq,Li2V3(CO3)6,train
mp-aaabrdsp,Li6Cr3P6WO24,test
mp-aaabrdsu,ZnP2H7NO8,train
mp-aaabrdsv,LiNiPO4,train
mp-aaabrdtd,Mn3CoCu2(PO4)6,train
mp-aaabrdte,K(WO3)3,train
mp-aaabrdss,Li4Cr3(CO3)6,train
mp-aaabrdsw,LiV3P5O19,test
mp-aaabrdth,LiNiPO4,train
mp-aaabrdtg,Li2Co2Si2O7,train
mp-aaabrdta,LiV4(PO4)3,test
mp-aaabrdsz,Th4Ta18O53,train
mp-aaabrdti,Li2NiP2O7,train
mp-aaabrdtm,LiAgF2,train
mp-aaabrdtv,Li2CuSiO4,train
mp-aaabrdtx,BaZn2As3HO11,test
mp-aaabrdty,V16(CuO8)5,train
mp-aaabrdtq,Ti3FeCo2(PO4)6,train
mp-aaabrdts,Li4V5(P3O11)2,train
mp-aaabrdtp,Li2Mn5(FeO6)2,train
mp-aaabrdto,LiCo2(PO4)3,train
mp-aaabrdue,Li2CuF4,train
mp-aaabrduf,LiFe(PO3)3,train
mp-aaabrduc,Li5VP2(O4F)2,train
mp-aaabrduh,Li2Ti3Co(PO4)6,test
mp-aaabrdtu,Li3Ti2(PO4)3,train
mp-aaabrdub,YTa3O9,train
mp-aaabrdua,La10Bi8O27,test
mp-aaabrdtr,LiV(PO3)3,train
mp-aaabrdtt,LiCo2(PO4)3,train
mp-aaabrdtz,Li4Mn7O12,test
mp-aaabrdtw,Li2Ti2V5O12,train
mp-aaabrdug,Mn3Co2Sn(PO4)6,train
mp-aaabrduo,Li2Co2Si2O7,train
mp-aaabrdui,Ti5Nb2O14,train
mp-aaabrdul,Sr7Bi23O40,test
mp-aaabrduw,Li2Co2Si2O7,train
mp-aaabrdvc,LiV2(PO4)3,train
mp-aaabrduy,Li4Mn3(SnO5)2,train
mp-aaabrduk,Li6TiNi7O16,test
mp-aaabrdum,LiMn3Al2(HO2)6,train
mp-aaabrduz,Li3Mn(CO3)3,train
mp-aaabrdup,NdTa3O9,train
mp-aaabrdus,Li6Cr3Sb(PO4)6,train
mp-aaabrduu,Li3VP3O11,train
mp-aaabrdux,LiMn3Al2(HO2)6,train
mp-aaabrdvd,Li4V7(PO4)6,train
mp-aaabrdva,Li2Co2(SiO3)3,test
mp-aaabrduq,CaGd4O7,train
mp-aaabrduj,Li2CuSiO4,train
mp-aaabrdve,LiMn3Al2(HO2)6,train
mp-aaabrduv,Ca2P6O17,train
mp-aaabrdvf,Mn11In25O48,train
mp-aaabrdvq,Li3V3(PO4)4,train
mp-aaabrdvk,FeOF,train
mp-aaabrdvn,LiVPO5,train
mp-aaabrdvp,Li3Ti3(PO4)4,train
mp-aaabrdvy,Li3P3WO11,train
mp-aaabrdvh,KFeP4(H2O7)2,train
mp-aaabrdvg,LiMn3Al2(HO2)6,train
mp-aaabrdvx,Li4Fe3Co2Cu3O16,train
mp-aaabrdvi,Nb8Tl8O25,train
mp-aaabrdvu,Li3Ti2(PO4)3,train
mp-aaabrdvo,P2H12N7Cl,test
mp-aaabrdvr,Li2CrSi4O11,train
mp-aaabrdvs,LiVP2O7,train
mp-aaabrdvz,LiP4WO12,test
mp-aaabrdvw,LiP4WO12,test
mp-aaabrdvl,LiPWO5,train
mp-aaabrdvt,Li2VP3O10,test
mp-aaabrdvj,LiP4WO12,test
mp-aaabrdvm,Li2Co(SiO3)2,train
mp-aaabrdwq,Li5VO4F,train
mp-aaabrdwo,Li7(CuO2)6,train
mp-aaabrdwi,Li3Sn2(PO4)3,train
mp-aaabrdwh,Li2Fe3CoO8,train
mp-aaabrdwc,Li2P5WO15,train
mp-aaabrdwa,LiP4WO12,test
mp-aaabrdwg,Ta7(P2O7)8,test
mp-aaabrdwe,Li2CoSiO4,test
mp-aaabrdwj,LiV(PO3)3,train
mp-aaabrdws,Li4V(PO3)6,train
mp-aaabrdwp,LiCu3(CO3)3,test
mp-aaabrdwr,LiPWO5,train
mp-aaabrdwn,NbFe3Co2(PO4)6,train
mp-aaabrdwb,Li4Co(SiO3)3,train
mp-aaabrdwl,Y11Ta5O28,train
mp-aaabrdwm,Li3V2(CO5)2,train
mp-aaabrdwd,YbAlO3,test
mp-aaabrdwk,V2NiH6(NO3)2,train
mp-aaabrdwf,LiCoPO4,train
mp-aaabrdwv,LiNb(TeO4)3,train
mp-aaabrdwx,KMn2P2HO9,train
mp-aaabrdxh,LiV2(PO4)3,train
mp-aaabrdxi,La11V12O36,test
mp-aaabrdwt,Li4Co15O28,train
mp-aaabrdxn,Li3Mn2(CO5)2,train
mp-aaabrdxe,LiFe3P3O11,train
mp-aaabrdxf,Li2VCrP2(HO5)2,train
mp-aaabrdxk,Li7V2P7O24,test
mp-aaabrdxo,LiP4WO12,test
mp-aaabrdxp,Li5Cr2Fe3(PO4)6,test
mp-aaabrdwz,Li3Ti2(PO4)3,train
mp-aaabrdxc,Mn2(CO3)3,train
mp-aaabrdxd,Fe2OF3,train
mp-aaabrdwy,LiCoCO4,train
mp-aaabrdxj,LiP3W2O13,test
mp-aaabrdwu,Li3Fe3O8,train
mp-aaabrdxg,Mn5(FeO3)4,train
mp-aaabrdxm,Li4V3P8O29,train
mp-aaabrdww,LiNiPO4,train
mp-aaabrdxa,LiP3(WO6)2,train
mp-aaabrdxt,Na2CdO2,test
mp-aaabrdxx,LiV4(PO4)3,test
mp-aaabrdxs,Li8Mn7Co(PO4)12,train
mp-aaabrdxr,Li3CoSiO5,train
mp-aaabrdyj,LiP4WO12,test
mp-aaabrdxq,LiP3W2O13,test
mp-aaabrdyd,LiCoSiO4,train
mp-aaabrdxu,Ti3Fe2Co(PO4)6,train
mp-aaabrdxv,LiCuPO4,train
mp-aaabrdyb,Li2FeSiO4,train
mp-aaabrdxw,LiP2WO7,train
mp-aaabrdyf,Li3V(PO4)2,train
mp-aaabrdxy,Tl16O15F17,test
mp-aaabrdxz,Li5V(P2O7)2,train
mp-aaabrdyg,LiMn3O6,train
mp-aaabrdye,Li5V(PO4)3,test
mp-aaabrdyh,Li2Cu3(CO3)3,train
mp-aaabrdyc,LiVP2O7,train
mp-aaabrdya,VFe3Cu2(PO4)6,train
mp-aaabrdyi,Ti3NbO8,train
mp-aaabrdyl,Rb3Mn16O32,train
mp-aaabrdym,LiP3W2O13,test
mp-aaabrdyk,LiCuPO4,train
mp-aaabrdyp,Li2CuSiO4,train
mp-aaabrdyn,AgHg,train
mp-aaabrdyv,Li4(NiO2)5,train
mp-aaabrdyq,LiFeSiO4,train
mp-aaabrdza,LiV2(CO4)2,train
mp-aaabrdyz,Li4Mn3CrCo2(PO4)6,train
mp-aaabrdzd,La9Mn10O30,train
mp-aaabrdzg,V2CoO4,train
mp-aaabrdzh,Na2P2H4N2O5,train
mp-aaabrdyw,FeOF,train
mp-aaabrdzb,LiTi(PO3)4,test
mp-aaabrdyr,Li2Cr3O6,test
mp-aaabrdyo,LiFeSiO4,train
mp-aaabrdyx,LiVPO5,train
mp-aaabrdyu,Li11V16O32,train
mp-aaabrdys,LiV3O5F3,train
mp-aaabrdyy,Li7V4O11F,train
mp-aaabrdze,LiCu3(CO3)3,test
mp-aaabrdzf,LiV(PO3)3,train
mp-aaabrdzc,Li5NiO3F,train
mp-aaabrdzr,LiNiSnO4,train
mp-aaabreaa,LiMnCO4,train
mp-aaabrdzo,LiP2WO8,train
mp-aaabrdzi,LiP4WO13,train
mp-aaabrdzm,LiV(PO3)4,train
mp-aaabrdzt,Li2FeSiO4,train
mp-aaabrdzj,LiP3W2O13,test
mp-aaabrdzp,FeOF,train
mp-aaabrdzy,LiFe2P5O16,train
mp-aaabrdzn,LiFePO4,train
mp-aaabrdzw,LiP4WO12,test
mp-aaabrdzx,Li3(FeO2)4,train
mp-aaabrdzl,LiTi(PO3)4,test
mp-aaabrdzk,LiMnF3,train
mp-aaabrdzu,Li4VP2O9,train
mp-aaabrdzs,Li2MnF6,train
mp-aaabrdzv,LiP4WO12,test
mp-aaabrdzz,LiCoSiO4,train
mp-aaabreab,Li2CoSiO4,test
mp-aaabread,Li4(CuO2)3,train
mp-aaabrdzq,La4Mn4O11,train
mp-aaabreac,Li4V3(OF2)4,train
mp-aaabreai,Li3Mn3(PO4)4,train
mp-aaabreah,LiP2WO8,train
mp-aaabreau,LiSb3(PO5)2,train
mp-aaabreak,V2Bi24O41,train
mp-aaabreaf,Mn3Cu3(TeO8)2,train
mp-aaabreas,Li2CrSiO4,train
mp-aaabrear,LiMnSiO4,test
mp-aaabreae,V3Co2P6WO24,train
mp-aaabream,Na2FeO3,test
mp-aaabreaz,LiCuPO4,train
mp-aaabreaw,Li2Fe(PO3)5,train
mp-aaabreap,Li4Mn2Ni5O12,train
mp-aaabreaq,LiP3W2O13,test
mp-aaabreax,Li2Co2C2O7,train
mp-aaabreba,Li2CuSiO4,train
mp-aaabreao,Li2CuP2O7,train
mp-aaabreav,Li2Fe2Si8O19,train
mp-aaabreat,Li5Ni9O16,train
mp-aaabreay,LiTi(PO3)4,test
mp-aaabrebk,LiFe(CO3)2,train
mp-aaabrebm,Li2Mn2NiO6,test
mp-aaabrebv,LiFeSiO4,train
mp-aaabrebt,Li11Ni13O24,train
mp-aaabrebp,Na22In5O15,train
mp-aaabrebn,Li2V2(PO4)3,train
mp-aaabrebi,LiFeSiO4,train
mp-aaabrebg,K2Mg3P4(H5O6)4,train
mp-aaabrebh,LiCu3(CO3)3,test
mp-aaabrebj,LiFeSiO4,train
mp-aaabrebb,LiFeSiO4,train
mp-aaabrebq,Li3Fe3(PO4)4,train
mp-aaabrebr,Li2(FeO2)3,test
mp-aaabrebo,Li3Ti2Mn5O12,train
mp-aaabrebx,LiCoSiO4,train
mp-aaabrebu,V2(OF)3,train
mp-aaabrebf,TiV3Fe2(PO4)6,train
mp-aaabrebw,LiCuPO4,train
mp-aaabrebs,Li2Fe2(SiO3)3,train
mp-aaabreby,Mn13Fe11O32,train
mp-aaabrebc,FeOF,train
mp-aaabrebd,LiNiF3,train
mp-aaabrecf,LiFe(PO3)4,train
mp-aaabrecj,Li3Sb(PO4)2,test
mp-aaabrebz,AgHg,train
mp-aaabrecb,LiMn3(PO4)4,train
mp-aaabrecd,K3ErSi3(HO5)2,train
mp-aaabrecl,LiFeP2O7,train
mp-aaabrecp,Li2(CoO2)3,test
mp-aaabreca,Li2NiO2F,train
mp-aaabreco,Li4V7O12,test
mp-aaabreci,LiCo2CuO6,train
mp-aaabrecr,Li2V2P2O9,train
mp-aaabrecm,KAl2P2H4O11,train
mp-aaabrecq,Li7FeP4O14F,train
mp-aaabrech,LiCuPO4,train
mp-aaabreck,LiFe(PO3)4,train
mp-aaabrecn,Mn3VFe2(PO4)6,train
mp-aaabrecu,Li2CrSiO4,train
mp-aaabrece,Li3Mn5O2F9,test
mp-aaabrecg,Li15Cr2O12,train
mp-aaabrect,LiCoPO4,train
mp-aaabrecs,LiCuPO4,train
mp-aaabredb,K3EuSi3(HO5)2,train
mp-aaabreda,K4Li3Mn2O8,train
mp-aaabredg,Fe13Cu5O24,test
mp-aaabredf,LiFe(PO3)3,train
mp-aaabredj,Li3Fe5O12,train
mp-aaabrecv,K8Li3(FeO4)4,train
mp-aaabredm,LiFeSiO4,train
mp-aaabrecw,Li2Co2(SiO3)3,test
mp-aaabredh,Li3Fe3(PO4)4,train
mp-aaabredp,Li3Fe2(CO3)4,train
mp-aaabrede,Li2AgF5,train
mp-aaabredl,LiFeP2O7,train
mp-aaabrecx,Li2Fe3TeO8,train
mp-aaabredo,Li2V(CO3)3,test
mp-aaabredc,LiCoPO4,train
mp-aaabredd,Li4Ti2Nb3Fe3O16,train
mp-aaabredt,Li3Fe2(SiO4)2,test
mp-aaabredk,FeOF,train
mp-aaabredn,Li4Cr3Co3(NiO8)2,train
mp-aaabredq,LiFe(PO3)4,train
mp-aaabreds,LiMn2(CO4)2,test
mp-aaabredi,SbNO,train
mp-aaabredr,Li3Co2(SiO4)2,train
mp-aaabredx,H16Ru3C6(Cl3O7)2,train
mp-aaabredw,LiFeSiO4,train
mp-aaabreeb,Li8VFe7(PO4)12,train
mp-aaabreef,Li4Mn3Nb2Sn3O16,train
mp-aaabreeg,Li5Cr5O12,train
mp-aaabreea,Li4Nb2V3Fe3O16,train
mp-aaabreek,Li13Mn8O24,train
mp-aaabredy,LiFeSiO4,train
mp-aaabreed,Li8MnCo7(PO4)12,train
mp-aaabreem,K4Li3(FeO4)2,train
mp-aaabredu,LiV2(CO3)4,train
mp-aaabreei,Na5CrHO4,train
mp-aaabreel,Li2CuPO4,train
mp-aaabreen,Li5V3P8O29,train
mp-aaabreep,Li4Mn3Nb2Ni3O16,test
mp-aaabredv,Al11TlO17,train
mp-aaabreej,Fe4O7F,train
mp-aaabreee,V2Fe3P6WO24,test
mp-aaabreeo,MnV4O12,train
mp-aaabreeh,LiVP2O7,train
mp-aaabrees,Li(Fe3P2)2,train
mp-aaabreeu,LiFeSiO4,train
mp-aaabreev,K2TiSi3(HO5)2,train
mp-aaabrefc,LiAgF2,train
mp-aaabrefb,LiFeSiO4,train
mp-aaabreet,Li2CrSiO4,train
mp-aaabreer,Li7Ni13O24,train
mp-aaabreey,MnOF,train
mp-aaabreew,LiFePO4,train
mp-aaabreff,LiCoSiO4,train
mp-aaabreeq,Li6NbCo3(PO4)6,train
mp-aaabreex,Sr5(ReO3)12,train
mp-aaabrefd,LiMnF4,train
mp-aaabreez,MnF3,train
mp-aaabrefg,Li4V2Fe5O12,train
mp-aaabrefi,Li3V4P2O8F9,train
mp-aaabrefe,LiVF5,train
mp-aaabrefh,Li2Fe(PO3)4,train
mp-aaabrefk,LiMn(PO3)3,test
mp-aaabrefa,LiFeSiO4,train
mp-aaabrefj,LiFe4(PO4)3,train
mp-aaabrefn,Li4Cr2Si3O10,train
mp-aaabrefu,Li3TiFe3O8,test
mp-aaabrefo,LiCuPO4,train
mp-aaabrefs,LiCu2(CO3)3,train
mp-aaabregd,Li2Fe2Si2O7,train
mp-aaabregf,LiFe2C2O7,test
mp-aaabrefm,LiFeSiO4,train
mp-aaabrefr,KPHO3F,train
mp-aaabreft,V(CO3)2,train
mp-aaabregb,LiCrCo3O8,train
mp-aaabrefp,LiCoSiO4,train
mp-aaabregc,Li4Mn3Nb3(FeO8)2,train
mp-aaabrefw,LiCuPO4,train
mp-aaabrefv,Li6FeNi9O20,test
mp-aaabregg,LiP3(WO6)2,train
mp-aaabrefl,LiV(PO3)3,train
mp-aaabrefq,Fe3Co2Sn(PO4)6,train
mp-aaabrefy,Bi17(WO11)3,train
mp-aaabrega,Li3Mn(CO3)4,train
mp-aaabrege,NaH2C2N3O,train
mp-aaabrefx,LiCo2C2O7,train
mp-aaabregl,Li4Fe(SiO3)3,test
mp-aaabregv,Li4Fe(PO3)6,train
mp-aaabregi,Li2Fe3(P2O7)2,train
mp-aaabregp,V(CO3)2,train
mp-aaabregr,Li9Co13O28,train
mp-aaabregz,Li4Ti3Cr3(SbO8)2,train
mp-aaabregx,Li3Sb3(PO4)4,train
mp-aaabregn,Li4Fe2Ni5O12,train
mp-aaabregy,ZnCoO3,train
mp-aaabrego,LiMn3(P3O10)2,train
mp-aaabregj,Li2CoSiO4,test
mp-aaabregt,Li4V11O22,train
mp-aaabrehb,H8C2BrN,train
mp-aaabregw,Li6MnNi7O16,train
mp-aaabregq,LiV2(PO4)3,train
mp-aaabregm,Li2Cr(Si2O5)2,train
mp-aaabregh,UH12S2O15,train
mp-aaabreha,Li3Fe2(PO4)3,train
mp-aaabregk,Li2CoSiO4,test
mp-aaabregs,LiVF5,train
mp-aaabregu,LiCoCO4,train
mp-aaabrehh,LiFe3OF5,test
mp-aaabrehf,H2RuC3(ClO2)2,test
mp-aaabrehw,Li4(NiO2)11,train
mp-aaabrehi,Ba2GaP4HO14,test
mp-aaabrehp,LiV2(CO3)4,train
mp-aaabrehd,Li2MnF6,train
mp-aaabreho,Li2Mn5O12,train
mp-aaabrehn,LiNi6O6F,train
mp-aaabrehr,LiMn(PO3)3,test
mp-aaabrehx,Li4Ni5Sn(PO4)6,train
mp-aaabrehe,CaAl2(SiO4)2,train
mp-aaabrehu,Li6V3P6WO24,train
mp-aaabreht,LiNb2O4,train
mp-aaabrehs,Li15Mn2O12,train
mp-aaabrehc,Li2Mn7O12,train
mp-aaabrehg,MgP2(H8O5)2,train
mp-aaabrehl,Li2CrO4,test
mp-aaabrehk,FeOF,train
mp-aaabrehy,LiFe(PO3)3,train
mp-aaabrehj,Li4Mn(Ni2O5)2,train
mp-aaabrehq,Li3VF5,test
mp-aaabrehv,TeH14C2(NO2)4,train
mp-aaabreih,Li3P3(WO6)2,train
mp-aaabreie,Li2NiSnO4,train
mp-aaabreim,Co2OF3,train
mp-aaabreia,Mn(Ni9O10)2,train
mp-aaabreij,Li3CuF4,test
mp-aaabreif,LiFe(PO3)3,train
mp-aaabreir,LiMnP2O7,train
mp-aaabreig,LiMn3Al2(HO2)6,train
mp-aaabreit,Li2V2FeO6,train
mp-aaabreiu,LiMn2O4,train
mp-aaabreis,Li13Mn8O24,train
mp-aaabreil,LiFe2(BO3)2,train
mp-aaabreiq,Li2Cu2F7,test
mp-aaabreib,LiCrPO4F,test
mp-aaabreii,Li2CuF4,train
mp-aaabreio,Li3VF5,test
mp-aaabrein,Na4Al4H10O13,test
mp-aaabreip,LiFeSiO4,train
mp-aaabrehz,Li4V5O9F,train
mp-aaabreiv,Li4Ti3Mn3(SbO8)2,test
mp-aaabreiw,Li6Co(SiO4)2,train
mp-aaabreid,LiMnPO4F,train
mp-aaabreik,Li4Mn2Ni3O10,test
mp-aaabrejp,LiV2P2H5O11,train
mp-aaabrejn,Li4V2Fe3O10,train
mp-aaabrejg,Li2Cr2Si2O9,test
mp-aaabreiy,LiMn2(CO3)4,test
mp-aaabrejo,Li5CuF6,test
mp-aaabrejm,Mn12O5F19,train
mp-aaabreji,Li2MnNi3O8,train
mp-aaabrejc,Li2CuSiO4,train
mp-aaabrejk,FeOF,train
mp-aaabrejr,LiFe(PO3)3,train
mp-aaabrejl,LiCo2(CO3)4,train
mp-aaabreiz,LiFe2(BO3)2,train
mp-aaabreja,Li6Ti3Cr(PO4)6,train
mp-aaabrejb,Li2Mn3WO8,train
mp-aaabrejf,V6O11F,train
mp-aaabrejs,LiFe(PO3)4,train
mp-aaabrejq,Li2FeCu(PO4)2,train
mp-aaabreje,FeOF,train
mp-aaabreix,LiCoSiO4,train
mp-aaabrejd,Li3Mn5(NiO6)2,test
mp-aaabrejh,Li3Mn2P2O8F3,train
mp-aaabrejj,Li2CuSiO4,train
mp-aaabreki,LiFe4(PO4)3,train
mp-aaabrejt,Li2(CoO2)3,test
mp-aaabrekc,Li2Cr2SiO6,train
mp-aaabreka,Li9Co13O28,train
mp-aaabrejx,LiV3O5F3,train
mp-aaabrekk,KY(H2N)4,test
mp-aaabreju,Li2(NiO2)3,train
mp-aaabrekf,LiFe(PO3)4,train
mp-aaabrejz,Li3Bi(PO4)2,train
mp-aaabrekb,LiMn3Al2(HO2)6,train
mp-aaabrekp,Li6(NiO2)11,train
mp-aaabrekg,FeOF,train
mp-aaabrekq,Co3OF5,train
mp-aaabrejv,CuCO3,train
mp-aaabreke,Li3Ni3O3F5,train
mp-aaabrejy,LiFe2(BO3)2,train
mp-aaabrekd,Fe4O5F3,train
mp-aaabrekr,Li4V2Fe3Ni3O16,train
mp-aaabrekm,Li2Cr3O6,test
mp-aaabrekj,Li(FeP)2,train
mp-aaabrekh,Li5V5O12,train
mp-aaabrekl,Li2CuSiO4,train
mp-aaabrekn,LiCrSiO4,test
mp-aaabreko,Li6NbCr3(PO4)6,test
mp-aaabreks,LiCuPO4,train
mp-aaabreky,Li4Ti2Mn3Nb3O16,train
mp-aaabrell,LiNi(CO3)2,test
mp-aaabrekt,Li5(NiO2)8,train
mp-aaabreku,Li5Mn5O12,test
mp-aaabrekv,LiMn6O12,train
mp-aaabrelk,Fe2C2O7,train
mp-aaabrekw,Li5Cr6P5O24,train
mp-aaabrelj,LiCoSiO4,train
mp-aaabrelg,Li3Ni2P2(O4F)2,train
mp-aaabrekz,Li2Mn3O6,test
mp-aaabrela,Li2CuSiO4,train
mp-aaabrelc,LiFeP2HO8,train
mp-aaabrele,LiFeP2O7,train
mp-aaabrekx,Li3Co3OF7,train
mp-aaabreld,Li3Mn2(CO3)4,train
mp-aaabrelb,Li2Ti(NiO3)2,train
mp-aaabrelf,LiFeSi3O8,train
mp-aaabreln,LiFeP2O7,train
mp-aaabrelm,Li2Mg3Ti6O16,train
mp-aaabreli,Li3FeSi2O7,train
mp-aaabrelo,Li8(NiO2)11,train
mp-aaabrelv,LiMnF3,train
mp-aaabrelz,LiCoPO4,train
mp-aaabrels,Li3V3P8O29,train
mp-aaabrelt,LiFe(PO3)4,train
mp-aaabrelp,FeOF,train
mp-aaabremi,Li3CrSi2O7,test
mp-aaabrelq,Li4Fe7(PO4)6,train
mp-aaabrely,FeOF,train
mp-aaabremj,Li2CuSiO4,train
mp-aaabrema,YZr4O9,train
mp-aaabrelr,CsMnH4(OF2)2,test
mp-aaabrelw,LiBiP2O7,train
mp-aaabremc,Li4VO3F2,train
mp-aaabremg,LiFe(PO3)4,train
mp-aaabremk,Li5Fe5O12,train
mp-aaabremh,Li5Mn5O12,test
mp-aaabrelx,Li3Mn(PO4)2,train
mp-aaabremd,Li2FeSiO5,train
mp-aaabrelu,LiFe4(PO4)3,train
mp-aaabremy,Li6MnO3F2,train
mp-aaabrems,Li3Mn3O8,train
mp-aaabremo,Li2FePO4F,test
mp-aaabremn,LiCu(PO3)3,train
mp-aaabremm,LiCuPO4,train
mp-aaabremq,B84O11,test
mp-aaabreml,Li2Fe2(SiO3)3,train
mp-aaabremu,V2OF5,test
mp-aaabremp,Li9Co15O28,train
mp-aaabremr,LiFe(PO3)4,train
mp-aaabremw,B5PH4Cl,train
mp-aaabremz,Li5Mn6O16,test
mp-aaabremx,Li5MnP2(O4F)2,train
mp-aaabrenb,Li3Co2Si3O10,train
mp-aaabremv,Li2VO2F,train
mp-aaabremt,Li3(NiO2)5,train
mp-aaabrena,LiBi2P3O11,train
mp-aaabrenc,Li3Sb2(PO4)3,train
mp-aaabreng,Li2Mn(PO4)2,train
mp-aaabrenk,Li7(NiO2)12,train
mp-aaabrene,CaAs2H6F18,test
mp-aaabrenf,Li2Mn(PO3)4,train
mp-aaabreno,LiMnPH2O5,train
mp-aaabreni,Li2Mn3(PO4)4,train
mp-aaabrens,LiCuPO4,train
mp-aaabrenp,LiFeSiO4,train
mp-aaabrenj,Li3V2P2O8F3,test
mp-aaabrent,Nb2OF8,train
mp-aaabrenl,Li2Fe2Si2O9,test
mp-aaabrenu,Li2Fe2(SiO3)3,train
mp-aaabrenw,Co2C2O7,train
mp-aaabrenr,Li6Mn17O40,train
mp-aaabrenv,Li2(NiO2)3,train
mp-aaabrenx,CoPH16NO10,train
mp-aaabrenn,Li2FeSiO4,train
mp-aaabrenq,NaMn(HO)3,train
mp-aaabreoa,Li4Ti3O8,train
mp-aaabreoh,Li2Ti2VO6,train
mp-aaabreoi,Li3CuSiO4,test
mp-aaabreon,CuSn(PO4)2,train
mp-aaabreog,NbH14C4NO14,train
mp-aaabreny,Mn3(Ni17O20)2,train
mp-aaabreod,NiP4H16(NO8)2,train
mp-aaabreol,Li3Fe(PO4)2,test
mp-aaabrenz,Na(Cu3O4)2,train
mp-aaabreof,LiCu2F7,train
mp-aaabreoc,Li4Mn5(NiO6)2,train
mp-aaabreob,LiCu(PO3)2,train
mp-aaabreoe,KB6P(H2O7)2,train
mp-aaabreoj,Ba5Nb2O10,test
mp-aaabreok,Li3Mn2Ni5O12,train
mp-aaabreoq,Li4Mn3(PO4)4,train
mp-aaabreom,Ti5NbO12,train
mp-aaabreop,VFe3Ni2(PO4)6,train
mp-aaabreot,LiZnBO3,train
mp-aaabreoy,Li5Fe8(BO3)8,train
mp-aaabreoz,Li3AgF4,test
mp-aaabrepk,Li2TiMn3O8,train
mp-aaabrepg,MgBP(H3O4)2,test
mp-aaabreor,Li4Fe3Co(PO4)4,train
mp-aaabreox,CoOF,train
mp-aaabreou,LiCuPO4,train
mp-aaabreov,VOF2,train
mp-aaabrepd,Li2Fe(PO3)4,train
mp-aaabreow,Li2VO2F,train
mp-aaabrepf,Co2O3F,test
mp-aaabrepj,Fe2O3F,train
mp-aaabrepc,Li5V3P8O29,train
mp-aaabreph,LiV2(PO4)3,train
mp-aaabrepb,Sn2N2O,train
mp-aaabrepa,LiFeSiO4,train
mp-aaabrepl,Cr2O5F2,test
mp-aaabreos,Li4Fe3(NiO4)3,train
mp-aaabrepe,Na2Li4Ni2C4SO16,train
mp-aaabreqa,Li6Fe7O15,train
mp-aaabrepo,Li2MnF4,train
mp-aaabreqd,Li3CuPO5,test
mp-aaabrepy,LiCuPO4,train
mp-aaabrepu,K2CoP4(HO2)8,train
mp-aaabrepv,LiFe(PO3)4,train
mp-aaabrepm,Li2Mn2FeO6,test
mp-aaabreps,LiCuPO4,train
mp-aaabrepn,CrOF,train
mp-aaabrepq,Li3Fe8O3F13,train
mp-aaabreqc,LiAg2F4,train
mp-aaabreqf,Mn3(O2F)2,train
mp-aaabrepx,Li9Cr4(BO3)8,train
mp-aaabrepp,Li7Mn7P6(O8F)3,train
mp-aaabrepr,FeO2F,train
mp-aaabrept,Li4Mn2Si4O13,test
mp-aaabreqb,LiFe4(PO4)3,train
mp-aaabreqe,LiFeSiO4,train
mp-aaabreqv,LiFePO4,train
mp-aaabreqg,Li2Ti(TeO4)3,train
mp-aaabreqy,TiMn3Te2(PO4)6,train
mp-aaabreqi,Li4Ti2V3O10,train
mp-aaabreqq,Li5Co4(SiO4)4,train
mp-aaabreqn,LiVO2,train
mp-aaabreqm,Li10Fe(SiO5)2,test
mp-aaabreqj,LiCuPO4,train
mp-aaabreqk,Ti6Co3O16,train
mp-aaabreqx,Li2Fe(Si2O5)2,train
mp-aaabreqt,CrH18I7N6,train
mp-aaabreqh,Ta2Tl2P7HO24,train
mp-aaabreql,Sb2OF8,train
mp-aaabreqo,FeOF,train
mp-aaabreqw,Li2Fe(SiO3)2,train
mp-aaabreqp,Li2VP4(H4O5)4,test
mp-aaabreqr,Li6Cr5(P2O7)4,train
mp-aaabrequ,LiCoPO4F,train
mp-aaabrerk,Li9Mn4(BO3)8,train
mp-aaabrerp,Li2Cu(PO3)4,train
mp-aaabrerl,Na6Zn3As4H6O19,test
mp-aaabreqz,Li17(Co4O9)2,train
mp-aaabrerc,Ga2P3H12(NO4)3,train
mp-aaabrero,Li2V(CO3)2,train
mp-aaabrerb,Li3Fe8(BO3)8,train
mp-aaabrerf,LiFePO5,train
mp-aaabrera,RbLiVPO5,train
mp-aaabrere,LiCuPO4,train
mp-aaabrerj,SbAsAuF9,test
mp-aaabrern,Mn3CrNi2(PO4)6,train
mp-aaabrerg,Ba3V2P6(HO4)6,test
mp-aaabrerd,Li8Mn6(FeO6)3,train
mp-aaabrerh,LiFePO4,train
mp-aaabrerm,LiFePO4,train
mp-aaabreri,Li4Ti2Ni3O10,train
mp-aaabrerx,Li3Mn2(PO4)3,train
mp-aaabrerr,LiNi5O3F5,train
mp-aaabresc,NaYH8(CO3)4,train
mp-aaabrerw,Na2CoP4(H4O5)4,train
mp-aaabresf,Li5CuHO4,test
mp-aaabrese,LiBi(PO3)4,train
mp-aaabrerz,LiFeSiO4,train
mp-aaabresa,LiFeSiO4,train
mp-aaabresg,Fe2O3F,train
mp-aaabreru,Dy3Co29(Si2B5)2,test
mp-aaabrerq,Na5FeHO4,test
mp-aaabrert,B8O,train
mp-aaabrers,Li5FeHO4,train
mp-aaabresb,Li2Fe(PO3)4,train
mp-aaabrerv,Li4Fe7(PO4)6,train
mp-aaabresd,Ti3Fe2P6WO24,train
mp-aaabresh,Li7Mn7P6(O8F)3,train
mp-aaabress,V4OF12,train
mp-aaabresn,P2H12BrN7,train
mp-aaabresz,LiFe5P3O13,train
mp-aaabresw,Li3Fe2(PO4)3,train
mp-aaabresv,Li3Fe4(BO3)4,train
mp-aaabretc,LiFeSiO4,train
mp-aaabretb,VOF,train
mp-aaabresy,Li2Ti(FeO3)2,train
mp-aaabresu,Li4Ti2Fe5O12,test
mp-aaabresi,Cs2H6CO6,test
mp-aaabresx,Li2Cr2CoO6,train
mp-aaabresk,V4O5F7,train
mp-aaabresl,MnOF,train
mp-aaabreso,LiNi3O3F,train
mp-aaabresj,Li2VGa3O8,train
mp-aaabreta,LiBi(PO3)4,train
mp-aaabresp,LiCuPO4,train
mp-aaabresq,Li3Mn2(PO4)3,train
mp-aaabresr,As2HPbF13,test
mp-aaabretn,Li2Ti2Mn5O12,train
mp-aaabreth,Li3Fe2(SiO4)2,test
mp-aaabretf,Li3Fe5(PO4)6,train
mp-aaabrete,K3Ti8O17,train
mp-aaabretm,Li3(NiO2)4,train
mp-aaabretr,Li2Fe(NiO3)2,train
mp-aaabretl,LiFeSiO4,train
mp-aaabrets,BPH9C2,train
mp-aaabretp,Li3Mn(Si2O5)3,train
mp-aaabretq,Li3Fe(PO4)2,test
mp-aaabretg,Li(CoO2)4,train
mp-aaabrety,LiCuPO4,train
mp-aaabrett,RbTiPS5,train
mp-aaabretu,LiMn(PO3)4,train
mp-aaabretv,Na5CuHO4,train
mp-aaabreti,FeB18H32(C4S)2,train
mp-aaabretd,Li2Mn(SO4)2,test
mp-aaabretx,P2HNF4,train
mp-aaabretw,Li2Cr(PO4)2,test
mp-aaabreul,Li3V3P8O29,train
mp-aaabreud,MnAlP2(HO)15,train
mp-aaabreui,LiFe4(PO4)3,train
mp-aaabreuc,Li6Ti3V(PO4)6,test
mp-aaabreub,Li2Cr2P2O7F2,train
mp-aaabreun,Li2VCrP2(HO5)2,train
mp-aaabretz,LiFeSiO4,train
mp-aaabreug,Li2FeSi4O11,train
mp-aaabreuf,LiCuCO3,train
mp-aaabreur,Na5NiHO4,test
mp-aaabreua,LiFe4(PO4)3,train
mp-aaabreuk,K4Li5(FeO4)2,train
mp-aaabreuq,LiMn2(CO4)2,test
mp-aaabreus,LiVP2(HO4)2,train
mp-aaabreuu,Li2Fe(PO3)4,train
mp-aaabreue,Zn5P6H22(NO11)2,train
mp-aaabreuj,Mg2Cu2P2(H4O5)3,train
mp-aaabreut,Li5Ni3O5F3,train
mp-aaabreuv,LiVCrP2(HO5)2,test
mp-aaabrevd,Li2Mn2P2O9,train
mp-aaabrevh,Na4FeO5,train
mp-aaabrevm,KSmH4(N2O7)2,train
mp-aaabreuz,LiMn(PO3)4,train
mp-aaabrevn,Bi19(O9F)3,train
mp-aaabrevl,LiBiP2O7,train
mp-aaabrevk,Li3Sb3(PO4)4,train
mp-aaabrevb,Li3Co2(SiO4)2,train
mp-aaabrevc,LiFeSiO4,train
mp-aaabrevi,LiMn3P2(HO3)4,train
mp-aaabrevj,FeOF,train
mp-aaabreuw,Li4MnO2F3,train
mp-aaabreuy,Li2Fe2Si2O7,train
mp-aaabreux,Li5Fe4P4O16F,test
mp-aaabreva,LiMn2(PO4)3,test
mp-aaabrevf,LiMnF3,train
mp-aaabrevo,LiMnF3,train
mp-aaabreve,Li5Fe5O12,train
mp-aaabrevu,Li4Ti2Fe3Co3O16,train
mp-aaabrevy,LiMnF3,train
mp-aaabrevw,LiMn2(PO3)5,train
mp-aaabrewb,VOF,train
mp-aaabrewf,LiMn3(O2F)2,test
mp-aaabrevp,LiFe(PO3)4,train
mp-aaabrevv,Li3V3P8O29,train
mp-aaabrevx,Li4Ti2Fe3O10,train
mp-aaabrevr,LiVF5,train
mp-aaabrevz,Mn6O5F7,train
mp-aaabrewe,LiMnF3,train
mp-aaabrewc,LiFe(PO3)4,train
mp-aaabrewg,Li6FeCo9O20,train
mp-aaabrewj,LiFeSiO4,train
mp-aaabrevt,Fe9O10,test
mp-aaabrevq,Li2FeSi4O11,train
mp-aaabrewh,Li2FeCo9O20,train
mp-aaabrevs,LiMn5P3O13,train
mp-aaabrewd,Li4CrP2(O4F)2,train
mp-aaabrewi,Li2Mn3F8,train
mp-aaabrewa,Li9Mg(Ni6O13)2,train
mp-aaabrewr,Li3Cr3CoO8,train
mp-aaabreww,LiAgF3,train
mp-aaabrewm,Li4Ti2Mn3O10,train
mp-aaabrewz,B(HO)3,train
mp-aaabrexe,Li6Fe3Co5O16,train
mp-aaabrexa,Li4Fe3P3O12F,train
mp-aaabrewt,Li2Fe(Si2O5)2,train
mp-aaabrewl,Li3Mn4P3H12O19,train
mp-aaabrewp,Li3Mn3(PO4)4,train
mp-aaabrewx,Li2VO2F,train
mp-aaabrexb,LiSb(PO3)4,train
mp-aaabrexc,Mn6O5F7,train
mp-aaabrewk,Li2Cu2Si2O7,train
mp-aaabrewv,Li3V2(PO4)3,train
mp-aaabrexg,Mn2H8S3(NO6)2,train
mp-aaabrewq,Mn12O5F19,train
mp-aaabrewu,LiFeSiO4,train
mp-aaabrexd,Na5V12O32,train
mp-aaabrexf,Li9Fe4(SiO5)4,train
mp-aaabrewo,FeOF,train
mp-aaabrews,LiCoPO4,train
mp-aaabrewy,LiSnP2O7,train
mp-aaabrexx,LiMnF3,train
mp-aaabrexs,Li9Ti7Cr6O30,train
mp-aaabrexu,NaCr2O4,train
mp-aaabrexo,Cr(PO3)4,train
mp-aaabrexp,V4(OF3)3,test
mp-aaabreyc,LiMnF4,train
mp-aaabrexh,LiMnP2O7,train
mp-aaabrexi,Li4V3P8O29,train
mp-aaabrexz,LiSn2P4H3O16,train
mp-aaabrexm,Li2VCrP2(O4F)2,train
mp-aaabrexk,FeOF,train
mp-aaabrexq,LiVF5,train
mp-aaabrexr,LiFeSiO4,train
mp-aaabreyb,VF3,train
mp-aaabrexn,Li3VFeP2(HO5)2,train
mp-aaabreya,Na7(WO3)12,test
mp-aaabrexw,LiFePO4,train
mp-aaabrext,Li3V3O3F5,test
mp-aaabrexv,Li2FeP4O13,train
mp-aaabrexy,La24Ni12O49,test
mp-aaabreyj,Ni6OF11,train
mp-aaabreyk,Li2Fe3(SiO4)2,train
mp-aaabreyu,YbAlO3,test
mp-aaabreyg,Li3V2(O2F)2,train
mp-aaabreyi,LiV3P2(HO3)4,test
mp-aaabreyx,Li2VO2F,train
mp-aaabreys,LiCoSiO4,train
mp-aaabreye,Ti3Co2Sb(PO4)6,train
mp-aaabreym,Li2Fe(PO4)2,test
mp-aaabreyh,LiMn(PO3)3,test
mp-aaabreyt,LiMn5O3F5,train
mp-aaabreyy,LiMn2OF3,train
mp-aaabreyv,Li2SbP3O10,train
mp-aaabreyw,LiMn3Al2(HO2)6,train
mp-aaabreyl,Li4Mn3P3O12F,train
mp-aaabreyd,Li3Sb(PO4)2,test
mp-aaabreyf,Cr3P4O15,train
mp-aaabreyp,LiMn2F7,train
mp-aaabreyo,Mn3(O2F)2,train
mp-aaabreyr,FeOF,train
mp-aaabreza,LiBiP2O7,train
mp-aaabreze,Li2Mn2(PO4)3,train
mp-aaabrezm,Li4V3CoO10,train
mp-aaabrezn,LiNi4(PO4)3,train
mp-aaabrezs,Li2MnF6,train
mp-aaabrezr,Li2VO2F,train
mp-aaabrezg,Li3Sb2(PO4)3,train
mp-aaabreyz,LiFeSiO4,train
mp-aaabrezk,Li3V3O5F3,train
mp-aaabrezp,Mn12O5F19,train
mp-aaabrezc,Li3Co2(SiO4)2,train
mp-aaabrezl,Li6VNi3(PO4)6,train
mp-aaabrezd,Li2VF7,train
mp-aaabrezf,Li4Mn5(FeO6)2,test
mp-aaabrezt,LiBi(PO3)4,train
mp-aaabrezh,Li5Fe8(BO3)8,train
mp-aaabrezo,LiMn5O10,train
mp-aaabrezb,LiMnPO4F,train
mp-aaabrezq,Li2MnFe(PO4)2,train
mp-aaabrezi,FeOF,train
mp-aaabrezj,LiCu3F10,train
mp-aaabrezu,Mn2(CO3)3,train
mp-aaabrezx,LiCoSiO4,train
mp-aaabrfab,Li3CrCo3O8,train
mp-aaabrfag,Li5Mn4P4O16F,train
mp-aaabrfaj,V3(OF3)2,test
mp-aaabrfae,LiMn(PO3)3,test
mp-aaabrezv,Li2V(FeO3)2,train
mp-aaabrfaa,Li3Mn2P2O8F3,train
mp-aaabrfaf,Li9Ni15O28,train
mp-aaabrfad,Li5NiO3F2,train
mp-aaabrfah,Li2Fe2C2O7,test
mp-aaabrezy,Li2NiP3O10,train
mp-aaabrfac,LiVOF2,train
mp-aaabrfal,Li5Fe8(BO3)8,train
mp-aaabrezw,Li9(FeO4)2,train
mp-aaabrezz,Li2VPO4F,train
mp-aaabrfak,Li3MnF5,train
mp-aaabrfan,H21C6N2Cl3,train
mp-aaabrfam,Li2Fe2SiO6,train
mp-aaabrfap,VOF2,train
mp-aaabrfao,Li2V3P5O18,train
mp-aaabrfau,Li3V(OF)2,train
mp-aaabrfbh,LiMn(PO3)3,test
mp-aaabrfay,TaSb3O8,train
mp-aaabrfav,Li2CuF6,test
mp-aaabrfba,Na6CoO4,train
mp-aaabrfbc,Mn3OF6,train
mp-aaabrfat,Li3Fe8(BO3)8,train
mp-aaabrfbf,LiNiOF,test
mp-aaabrfaq,FeOF,train
mp-aaabrfax,Mn12O5F19,train
mp-aaabrfaw,Li2Mn3F8,train
mp-aaabrfbi,Li3Fe2Ni5O12,train
mp-aaabrfar,Na4FeO5,train
mp-aaabrfbk,Li3VF5,test
mp-aaabrfbe,Zn2Ni3O5,train
mp-aaabrfbl,LiSb(PO3)4,train
mp-aaabrfbb,Li5V3P8O29,train
mp-aaabrfaz,LiV3O8,train
mp-aaabrfbg,Li2Fe3CoO8,train
mp-aaabrfas,LiMnOF2,train
mp-aaabrfbj,K2Mg(H2N)4,test
mp-aaabrfbd,Li6MnCo3(PO4)6,train
mp-aaabrfbp,MnAl2P2(HO)18,test
mp-aaabrfbm,LiVF5,train
mp-aaabrfch,LiSb(TeO4)3,train
mp-aaabrfbo,LiMn5P3O13,train
mp-aaabrfbs,FeOF,train
mp-aaabrfbt,FeOF,train
mp-aaabrfbu,Li19Cr4P8O35F,train
mp-aaabrfbr,Li3(CoO2)4,train
mp-aaabrfby,Li2AgF3,train
mp-aaabrfbw,Li3Fe2Co3O10,train
mp-aaabrfbn,Li3Ti2(PO4)3,train
mp-aaabrfcc,Li2CrPO4F,test
mp-aaabrfcf,Li3TiMn3O8,train
mp-aaabrfcg,LiMn10(PO4)7,train
mp-aaabrfci,Mn2VNi3(PO4)6,train
mp-aaabrfcb,FeOF,train
mp-aaabrfcd,MnOF,train
mp-aaabrfbx,Li8FeNi9O20,train
mp-aaabrfca,V4(OF3)3,test
mp-aaabrfbv,Na2CoO3,train
mp-aaabrfbz,Li4Cr3FeO8,test
mp-aaabrfce,Fe2C2O7,train
mp-aaabrfcn,Li4MnV3O8,train
mp-aaabrfco,Co(PO3)3,train
mp-aaabrfck,Li2Cr2CoO6,train
mp-aaabrfcj,Ag2SnO3,train
mp-aaabrfct,LiMn2(PO3)5,train
mp-aaabrfcw,FeOF,train
mp-aaabrfcl,La2H22S6N6O23,train
mp-aaabrfcq,LiY3WO8,train
mp-aaabrfcz,Li2Cr4P4O15,test
mp-aaabrfdb,Li3Sb2(PO4)3,train
mp-aaabrfcm,LiCoSiO4,train
mp-aaabrfcu,Li2MnPO4F,train
mp-aaabrfcx,Sn(SO4)2,train
mp-aaabrfcs,NaV(PO4)2,train
mp-aaabrfda,V3OF11,train
