material_id,reduced_formula,partition
mp-aaaewvqh,MgNb4VO12,test
mp-aaaewvom,Na6MgV2O8,train
mp-aaaewvpp,MgV4O5F7,train
mp-aaaewvrn,MgFe4(HO2)4,train
mp-aaaewvpa,MgZn2Fe2(SiO5)2,train
mp-aaaewvrg,MgV4(OF)6,train
mp-aaaewvpk,MgV4O7F5,train
mp-aaaewvor,Na4Mg(FeO2)4,train
mp-aaaewvrc,MgV2S4(Br2N3)2,train
mp-aaaewvqi,MgMnV4O12,test
mp-aaaewvqq,MgTi2(Ga2O5)2,test
mp-aaaewvrp,MgTl6(SbS4)2,train
mp-aaaewvrl,MgTi2P2(HO5)2,test
mp-aaaewvon,MgV4O5F7,train
mp-aaaewvpj,MgV4O7F5,train
mp-aaaewvta,Na2MgGe2(SbO5)2,test
mp-aaaewvsm,MgFe(SbO3)4,train
mp-aaaewvsz,Sr4MgFe2Cu2(SO3)2,train
mp-aaaewvtc,Mg(MoO3)4,test
mp-aaaewvut,MgNi(TeO3)4,train
mp-aaaewvvd,MgV4O7F5,train
mp-aaaewvrx,K2MgNb2(CuS2)4,test
mp-aaaewvub,MgNb4VO12,test
mp-aaaewvvq,MgV4O5F7,train
mp-aaaewvua,MgV4O5F7,train
mp-aaaewvux,MgV4(OF2)4,train
mp-aaaewvvt,MgFe4(HO2)4,train
mp-aaaewvtk,MgV4O7F5,train
mp-aaaewvul,MgTi2(Fe2O5)2,test
mp-aaaewvtb,MgMo2(Pb2O5)2,train
mp-aaaewvtg,MgTi2(Fe2O5)2,test
mp-aaaewvtu,MgV2P2(HO5)2,train
mp-aaaewvuw,MgV(TeO3)4,train
mp-aaaewvsd,MgTi4Zn2O10,test
mp-aaaewvtn,MgV5O12,train
mp-aaaewvun,MgCo4OF11,test
mp-aaaewvuo,Na6MgV2(S3O)2,train
mp-aaaewvsk,MgV4O7F5,train
mp-aaaewvsb,MgV4O7F5,train
mp-aaaewvsn,K6Mg(SbS4)2,test
mp-aaaewvxc,Rb4Mg(FeO2)4,train
mp-aaaewvwo,MgV4O7F5,train
mp-aaaewvwy,MgV4O7F5,train
mp-aaaewvyp,MgTi2Tl2(PS5)2,train
mp-aaaewvxk,MgTe3WO12,train
mp-aaaewwah,K6Mg(BiO4)2,train
mp-aaaewvyu,MgV2S4(N3Cl2)2,train
mp-aaaewvyt,MgV4O5F7,train
mp-aaaewvxi,MgZn2Co2(PO5)2,train
mp-aaaewvxh,MgV5O12,train
mp-aaaewvxo,MgCr4O12,train
mp-aaaewvzw,MgV2S4(N3Cl2)2,train
mp-aaaewvvz,CsMgMnP3HO10,train
mp-aaaewvxl,MgCo4OF11,test
mp-aaaewvyx,Tm4MgTi2O10,train
mp-aaaewvzn,MgTe3WO12,train
mp-aaaewvzi,K6MgV2(SO3)2,test
mp-aaaewvwt,MgV4O5F7,train
mp-aaaewvya,Na6MgV2(S3O)2,train
mp-aaaewvwh,MgTe3WO12,train
mp-aaaewwaq,MgCrTe(WO6)2,train
mp-aaaewvxf,MgMnV4O12,test
mp-aaaewvza,MgMnV4O12,test
mp-aaaewwbp,MgVCrP2(HO5)2,test
mp-aaaewwav,MgTi2Al4O10,train
mp-aaaewwaz,MgV4O5F7,train
mp-aaaewwbv,MgCo4OF11,test
mp-aaaewwgt,Na2MgGe2(SbO5)2,test
mp-aaaewwgv,MgV4Zn2O10,train
mp-aaaewwhd,Na6Mg(SbO4)2,train
mp-aaaewwcc,MgNi(TeO3)4,train
mp-aaaewwax,MgTe3WO12,train
mp-aaaewwdm,MgV4O7F5,train
mp-aaaewwhn,MgV2Bi4O11,train
mp-aaaewwbs,MgV4O7F5,train
mp-aaaewwgi,MgNi(TeO3)4,train
mp-aaaewwev,MgSb2P2(HO5)2,train
mp-aaaewwge,MgV4O5F7,train
mp-aaaewwfm,MgTi2(Bi2O5)2,train
mp-aaaewwfk,MgV4O7F5,train
mp-aaaewwgy,MgCo4OF11,test
mp-aaaewwib,K6Mg(BiO4)2,train
mp-aaaewwjy,MgPb4(WO5)2,test
mp-aaaewwjj,MgZn2Co2(SiO5)2,train
mp-aaaewwms,MgCu4(SO5)2,train
mp-aaaewwhq,MgZn2Co2(PO5)2,train
mp-aaaewwhz,MgFe4(HO2)4,train
mp-aaaewwhp,MgV4O7F5,train
mp-aaaewwlk,MgTi2Al4O10,train
mp-aaaewwoj,MgV2(Ga2O5)2,train
mp-aaaewwog,MgFe4(HO2)4,train
mp-aaaewwjm,MgSc4Ti2O10,train
mp-aaaewwlw,MgFe(SbO3)4,train
mp-aaaewwig,MgTe2(WO6)2,train
mp-aaaewwns,Na6Mg(SbO4)2,train
mp-aaaewwkh,K6Mg(SbO4)2,test
mp-aaaewwlp,Pr2MgMn2(GeO5)2,train
mp-aaaewwie,Na6MgMo2(NO3)2,train
mp-aaaewwny,MgAl4Cr2O10,test
mp-aaaewwon,Ba4Mg(CuO2)4,train
mp-aaaewwic,MgV2S4(Br2N3)2,train
mp-aaaewwmu,MgV2S4(N3Cl2)2,train
mp-aaaewwpm,Ba2MgTi3Tl2O10,train
mp-aaaewwqa,Na2MgGe2(SbO5)2,test
mp-aaaewwsp,CsMgMnP3HO10,train
mp-aaaewwqu,MgTi4Zn2O10,test
mp-aaaewwpq,MgPb4(WO5)2,test
mp-aaaewwvj,MgTi4(FeO4)3,train
mp-aaaewwuy,MgFe6(OF)6,train
mp-aaaewwve,MgCr2(CoO3)4,train
mp-aaaewwvh,MgMn5FeO12,train
mp-aaaewwut,MgCo6(OF)6,train
mp-aaaewwvc,Cs4MgTi2(AgS2)4,test
mp-aaaewwrm,MgTe(WO4)3,train
mp-aaaewwsk,MgCr2(Fe2O5)2,train
mp-aaaewwtd,MgCu4Ag2(PS4)2,test
mp-aaaewwuv,Tb5Mg(MoO6)2,train
mp-aaaewwvb,MgFe6(OF)6,train
mp-aaaewwuu,Sr4MgFe4O11,train
mp-aaaewwrt,MgV2(Ag3O4)2,train
mp-aaaewwot,MgSb2P2(HO5)2,train
mp-aaaewwrq,MgV2Bi4O11,train
mp-aaaewwur,MgMn6O7F5,train
mp-aaaewwpn,K6Mg(BiO4)2,train
mp-aaaewwsf,MgV2S4(Br2N3)2,train
mp-aaaewwuz,MgTi4(FeO4)3,train
mp-aaaewwup,MgGe4(BiO6)2,train
mp-aaaewwva,Gd6MgWO12,train
mp-aaaewwvg,MgMn2Co5O12,train
mp-aaaewwvl,MgMn2Co5O12,train
mp-aaaewwvv,MgMn6(O2F)4,test
mp-aaaewwvp,MgFe6(OF)6,train
mp-aaaewwvn,Cs4MgTi2(AgS2)4,test
mp-aaaewwwd,MgCr4(WO6)2,train
mp-aaaewwvm,Na4Mg(NiO2)5,train
mp-aaaewwvr,Na4Mg(NiO2)5,train
mp-aaaewwwe,MgV4As2O13,test
mp-aaaewwwj,Lu6MgWO12,train
mp-aaaewwwv,MgFe6O7F5,train
mp-aaaewwvt,MgTl6WO12,train
mp-aaaewwvy,Ba2La2MgZn(WO6)2,train
mp-aaaewwwa,MgCo7O12,train
mp-aaaewwwi,Ba2La2MgMn(WO6)2,test
mp-aaaewwwu,MgMn4(FeO6)2,train
mp-aaaewwvs,Na4Mg(Mo2O5)2,train
mp-aaaewwvk,MgCr2Ag6(ClO4)2,train
mp-aaaewwwh,MgMn2(SbO3)4,train
mp-aaaewwwl,MgFe3(PO4)3,train
mp-aaaewwwg,Ba2Nd2Mg(Fe2O5)2,train
mp-aaaewwwo,MgMn2Co5O12,train
mp-aaaewwws,Er5Mg(MoO6)2,train
mp-aaaewwwm,MgFe4(TeO6)2,train
mp-aaaewwwq,Lu6MgWO12,train
mp-aaaewwwn,MgMnV4CuO12,test
mp-aaaewwyl,MgV4As2O13,test
mp-aaaewwxu,La6MgWO12,test
mp-aaaewwxd,MgMn5Cr2O12,train
mp-aaaewwxs,MgMn5Cr2O12,train
mp-aaaewwwy,K2MgCr2Cd(H2O5)2,train
mp-aaaewwyo,MgFe6(OF)6,train
mp-aaaewwyp,MgV4As2O13,test
mp-aaaewwyj,Rb4MgTi2(CuS2)4,train
mp-aaaewwxa,Ho6MgWO12,train
mp-aaaewwxi,MgCu6(OF5)2,train
mp-aaaewwym,MgCo6(O2F)4,train
mp-aaaewwyc,MgFe6(OF)6,train
mp-aaaewwyh,MgBi4(WO6)2,train
mp-aaaewwxh,MgCo7O12,train
mp-aaaewwyx,MgMn6(O2F)4,test
mp-aaaewwyz,K2MgCr2Cd(H2O5)2,train
mp-aaaewwwz,MgMn2V4O12,train
mp-aaaewwxm,Sr4MgFe4O11,train
mp-aaaewwxv,Na3Mg(CoO2)5,train
mp-aaaewwze,MgV4P2O13,test
mp-aaaewwyn,Rb8Mg(FeO4)2,test
mp-aaaewwxe,MgFe6(OF)6,train
mp-aaaewwzd,Er5Mg(MoO6)2,train
mp-aaaewwyq,MgMn6(O2F)4,test
mp-aaaewwyv,Rb4MgTi2(CuS2)4,train
mp-aaaewwyw,MgMn5Cr2O12,train
mp-aaaewwzw,MgCr2(SbO3)4,train
mp-aaaewxap,MgCu3(GeO3)4,train
mp-aaaewwzk,Ba3LaMgIn(WO6)2,train
mp-aaaewxbc,Ho6MgWO12,train
mp-aaaewxau,MgGe4(MoO6)2,train
mp-aaaewxay,MgV4P2O13,test
mp-aaaewwzg,MgTl6WO12,train
mp-aaaewxan,MgFe6(OF)6,train
mp-aaaewxao,MgFe6(OF)6,train
mp-aaaewxaq,Na4Mg(Mo2O5)2,train
mp-aaaewxbj,Ba2Nd2Mg(Fe2O5)2,train
mp-aaaewxaf,MgCo6(OF)6,train
mp-aaaewxbh,MgFe6(OF)6,train
mp-aaaewxbx,MgMnCo5O12,train
mp-aaaewxbv,MgFe3(PO4)3,train
mp-aaaewxal,MgMn6O11F,train
mp-aaaewxbq,Na4Mg(NiO2)5,train
mp-aaaewxbp,MgV4As2O13,test
mp-aaaewwzl,MgV4P2O13,test
mp-aaaewxba,Sr4MgFe4O11,train
mp-aaaewxai,K2MgMn3V2(HO5)2,test
mp-aaaewxcb,Na8Mg(FeO4)2,test
mp-aaaewwzo,Na2MgW4O13,train
mp-aaaewxbt,Ba2Nd2Mg(Fe2O5)2,train
mp-aaaewxbb,MgMn2Co5O12,train
mp-aaaewxbo,MgV4P2O13,test
mp-aaaewxbr,K2MgMn3V2(HO5)2,test
mp-aaaewxcd,MgFe6(OF)6,train
mp-aaaewxbg,MgFe6(OF)6,train
mp-aaaewxcj,MgMn6(O2F)4,test
mp-aaaewxda,MgCu3(MoO3)4,train
mp-aaaewxej,MgCo5BiO12,train
mp-aaaewxcr,MgV4Zn2O12,train
mp-aaaewxec,MgFe6(OF)6,train
mp-aaaewxcs,MgTl6WO12,train
mp-aaaewxef,MgMn6O7F5,train
mp-aaaewxes,MgFe6(OF)6,train
mp-aaaewxfb,MgCo6O7F5,train
mp-aaaewxey,MgMn2(SbO3)4,train
mp-aaaewxet,MgFe6(OF)6,train
mp-aaaewxdq,MgTiV4CoO12,train
mp-aaaewxdt,Sr3MgMn4O12,train
mp-aaaewxce,MgFe2(CoO3)4,train
mp-aaaewxei,MgMn6(O2F)4,test
mp-aaaewxeb,MgMn2Te2(MoO6)2,train
mp-aaaewxeg,MgFe4(CoO6)2,train
mp-aaaewxeq,La6MgWO12,test
mp-aaaewxel,Rb2MgNi2W2(OF)6,train
mp-aaaewxex,K8MgTi2O8,test
mp-aaaewxdh,Sr4Mg(Fe2O5)2,test
mp-aaaewxdy,Ba6Mg(TiS5)2,train
mp-aaaewxeh,MgV4FeCoO12,train
mp-aaaewxdm,MgCo6O7F5,train
mp-aaaewxdv,MgCo5BiO12,train
mp-aaaewxen,MgCr2(GeO3)4,train
mp-aaaewxfj,MgMn6O7F5,train
mp-aaaewxfd,MgMn6O7F5,train
mp-aaaewxff,MgCo6(O2F)4,train
mp-aaaewxfy,MgV2Cr4O12,train
mp-aaaewxfn,MgFe6(OF)6,train
mp-aaaewxgm,MgFe6(OF)6,train
mp-aaaewxhg,MgCo6(OF)6,train
mp-aaaewxhd,MgFe6(OF)6,train
mp-aaaewxfp,MgFeCo5O12,train
mp-aaaewxgc,MgCr4(WO6)2,train
mp-aaaewxgi,SrMgFe2(SeO3)4,train
mp-aaaewxfw,Na8MgTi2O8,train
mp-aaaewxhe,MgCo5SbO12,train
mp-aaaewxfz,MgCo6(OF)6,train
mp-aaaewxgj,MgFe6(OF)6,train
mp-aaaewxgp,MgFe6(OF)6,train
mp-aaaewxfv,La2MgFe2(MoO6)2,train
mp-aaaewxgu,Pr2Mg(MoO3)4,train
mp-aaaewxfo,MgMn2(SiO3)4,train
mp-aaaewxfi,Na8MgMo2(NO)4,train
mp-aaaewxha,MgCo6O7F5,train
mp-aaaewxhh,Pr2MgTi4O12,train
mp-aaaewxfl,MgCo4(NiO6)2,train
mp-aaaewxft,MgZn2(BiO3)4,train
mp-aaaewxgf,Na4Mg(Ni2O5)2,train
mp-aaaewxgw,MgCo4(NiO6)2,train
mp-aaaewxip,MgFe4(TeO6)2,train
mp-aaaewxhn,MgFe6(OF)6,train
mp-aaaewxic,MgFe6(OF)6,train
mp-aaaewxhk,MgSi4(MoO6)2,train
mp-aaaewxix,MgV4(OF6)2,train
mp-aaaewxja,MgFe3(PO4)3,train
mp-aaaewxik,MgNb4(NiO6)2,test
mp-aaaewxhr,MgMn6O7F5,train
mp-aaaewxiw,MgFe6O7F5,train
mp-aaaewxiy,Ho2MgV4O12,train
mp-aaaewxjf,MgZn2(SbO3)4,test
mp-aaaewxje,MgMn2Te2(MoO6)2,train
mp-aaaewxht,MgFe6(OF)6,train
mp-aaaewxhq,MgZn2(MoO3)4,train
mp-aaaewxhv,MgMn6(OF)6,train
mp-aaaewxia,MgMn4(FeO6)2,train
mp-aaaewxjc,MgMn6(O2F)4,test
mp-aaaewxjh,MgTi2S2(Cl6O)2,train
mp-aaaewxji,Na3MgTi2P2O10F,test
mp-aaaewxjq,MgCo2(SbO3)4,test
mp-aaaewxie,MgV4(CoO6)2,test
mp-aaaewxiv,MgMn6(OF)6,train
mp-aaaewxhp,MgFe6(OF)6,train
mp-aaaewxhj,MgMn6O7F5,train
mp-aaaewxhs,MgMn6(O2F)4,test
mp-aaaewxis,MgTiCo5O12,train
mp-aaaewxjl,MgV2(SiO3)4,train
mp-aaaewxii,K4MgV4O10,train
mp-aaaewxhl,MgFeCo5O12,train
mp-aaaewxjk,MgFe6(OF)6,train
mp-aaaewxjr,MgFe6(OF)6,train
mp-aaaewxkg,MgNi2(SbO3)4,train
mp-aaaewxlh,MgMn6O7F5,train
mp-aaaewxkp,MgV5CoO12,train
mp-aaaewxkb,MgCr2(CoO3)4,train
mp-aaaewxkl,MgMn5NiO12,train
mp-aaaewxkz,La2MgFe2(TeO6)2,train
mp-aaaewxjz,MgV4Cr2O12,train
mp-aaaewxll,MgCo6O7F5,train
mp-aaaewxmj,MgMn6O7F5,train
mp-aaaewxkq,MgCo2(SbO3)4,test
mp-aaaewxlt,MgV4CoNiO12,train
mp-aaaewxlb,Tm6MgWO12,train
mp-aaaewxkd,MgFe6(OF)6,train
mp-aaaewxld,MgMn6(O2F)4,test
mp-aaaewxks,MgCu6(OF5)2,train
mp-aaaewxlx,MgV5FeO12,train
mp-aaaewxma,MgCo2(SiO3)4,test
mp-aaaewxky,MgMn6(O2F)4,test
mp-aaaewxjt,Na4Mg(Mo2O5)2,train
mp-aaaewxmi,MgFe6O7F5,train
mp-aaaewxli,MgCo2Te2(MoO6)2,train
mp-aaaewxkk,Na8Mg(CoO4)2,train
mp-aaaewxmc,MgTi2S2(Cl6O)2,train
mp-aaaewxlq,MgMn6(O2F)4,test
mp-aaaewxme,MgFe6(OF)6,train
mp-aaaewxlu,MgFe6(O2F)4,train
mp-aaaewxmf,MgMn2(SbO3)4,train
mp-aaaewxmx,MgZn2Te2(MoO6)2,train
mp-aaaewxoi,Na4MgV4O10,train
mp-aaaewxmk,MgMn2(SeO3)4,test
mp-aaaewxmy,Na4Mg(Mo2O5)2,train
mp-aaaewxmn,MgTiV4FeO12,train
mp-aaaewxnq,MgCu2(IO3)4,train
mp-aaaewxmz,MgFe6(OF)6,train
mp-aaaewxmw,MgMnV4CoO12,test
mp-aaaewxml,MgMnV4NiO12,train
mp-aaaewxnj,MgCo6O7F5,train
mp-aaaewxoe,MgNb4(CoO6)2,train
mp-aaaewxog,MgMn6(OF)6,train
mp-aaaewxoh,MgMn6(O2F)4,test
mp-aaaewxmv,MgFe6O7F5,train
mp-aaaewxob,MgMo2(RhO3)4,train
mp-aaaewxnd,MgMn2(SbO3)4,train
mp-aaaewxpd,MgFe6(O2F)4,train
mp-aaaewxnw,MgTi2Tl2W2(O5F)2,train
mp-aaaewxny,Na4MgTi2(SiO5)2,train
mp-aaaewxod,MgCo2(SiO3)4,test
mp-aaaewxnm,MgMn6O7F5,train
mp-aaaewxok,MgNb4(CoO6)2,train
mp-aaaewxnv,MgV5CrO12,train
mp-aaaewxor,MgFe6(OF)6,train
mp-aaaewxov,MgCr2Ag6(ClO4)2,train
mp-aaaewxoo,Ba4Mg(Fe2O5)2,test
mp-aaaewxox,MgMn6O7F5,train
mp-aaaewxpq,MgNb4(CoO6)2,train
mp-aaaewxph,MgFe6O7F5,train
mp-aaaewxps,MgMn6O11F,train
mp-aaaewxpf,MgMn6(O2F)4,test
mp-aaaewxpp,Na8Mg(FeO4)2,test
mp-aaaewxqj,Na4Mg(Ni2O5)2,train
mp-aaaewxqc,MgFe4(TeO6)2,train
mp-aaaewxrh,MgZn2(BiO3)4,train
mp-aaaewxqq,MgFe6(OF)6,train
mp-aaaewxri,La4Mg(MoO6)2,train
mp-aaaewxrm,MgMn6(O2F)4,test
mp-aaaewxpr,MgTi2(PS3)4,test
mp-aaaewxqe,MgNb4(NiO6)2,test
mp-aaaewxqk,MgFe6(OF)6,train
mp-aaaewxpj,MgV4(PbO6)2,train
mp-aaaewxrw,MgCo6(O2F)4,train
mp-aaaewxrb,MgV4(WO6)2,test
mp-aaaewxqm,MgFe6(OF)6,train
mp-aaaewxrl,MgZn2Te2(MoO6)2,train
mp-aaaewxqy,MgMn6(O2F)4,test
mp-aaaewxqu,MgMn2Te2(MoO6)2,train
mp-aaaewxpv,Na4MgV4O10,train
mp-aaaewxqb,MgCu4H6(ClO3)2,test
mp-aaaewxrg,MgCo6(OF)6,train
mp-aaaewxqs,MgMo2(RhO3)4,train
mp-aaaewxrk,MgV4(PbO6)2,train
mp-aaaewxrs,MgV2Cr4O12,train
mp-aaaewxsu,MgMn6(O2F)4,test
mp-aaaewxsw,MgMn6O11F,train
mp-aaaewxsh,MgMn6O7F5,train
mp-aaaewxsq,Rb8Mg(FeO4)2,test
mp-aaaewxsi,K2MgMo2P2(ClO5)2,train
mp-aaaewxtt,MgCu2(IO3)4,train
mp-aaaewxuy,MgCo6(O2F)4,train
mp-aaaewxtw,Rb8Mg(FeO4)2,test
mp-aaaewxuh,Na4Mg(Ni2O5)2,train
mp-aaaewxsl,MgFe6(OF)6,train
mp-aaaewxts,MgFe6(OF)6,train
mp-aaaewxuc,MgCo6O7F5,train
mp-aaaewxvd,MgMn6(O2F)4,test
mp-aaaewxtg,MgV2Cr4O12,train
mp-aaaewxtp,MgCo6O7F5,train
mp-aaaewxsn,MgMn6O11F,train
mp-aaaewxty,MgV2Cr4O12,train
mp-aaaewxuv,La2MgFe2(WO6)2,train
mp-aaaewxsx,MgCo5SnO12,train
mp-aaaewxvi,MgMn6O7F5,train
mp-aaaewxuo,MgFe6(O5F)2,test
mp-aaaewxst,MgMn6O7F5,train
mp-aaaewxvh,MgMn6(OF)6,train
mp-aaaewxuj,MgCo6O7F5,train
mp-aaaewxvo,MgCo6O7F5,train
mp-aaaewxvn,MgGe4(BiO6)2,train
mp-aaaewxvl,Ho5Mg(MoO6)2,test
mp-aaaewxxu,MgV5CuO12,train
mp-aaaewxvq,MgMn5CuO12,train
mp-aaaewxvs,MgMn6(O2F)4,test
mp-aaaewxyj,MgMnV4CoO12,test
mp-aaaewxwc,MgCrCo5O12,train
mp-aaaewxxz,Na4MgTi2(GeO5)2,train
mp-aaaewxxg,Eu6MgWO12,train
mp-aaaewxxx,K4MgRu2(Cl5O)2,train
mp-aaaewxwo,Na3MgTi2P2O10F,test
mp-aaaewxwx,MgMn6(O2F)4,test
mp-aaaewxwf,MgV4(FeO6)2,train
mp-aaaewxwj,Ba4Mg(Fe2O5)2,test
mp-aaaewxxo,Rb4MgV4O10,train
mp-aaaewxxp,MgTa4(CuO6)2,train
mp-aaaewxvp,Na8Mg(NiO4)2,train
mp-aaaewxxf,MgMn5FeO12,train
mp-aaaewxxh,MgMn4(NiO6)2,train
mp-aaaewxye,MgV4Cr2O12,train
mp-aaaewxwu,MgFe6O7F5,train
mp-aaaewxwa,Tb5Mg(MoO6)2,train
mp-aaaewxwe,K2Na2MgNb2(OF5)2,train
mp-aaaewxxw,MgFe6(OF)6,train
mp-aaaewxyb,MgFe6(OF)6,train
mp-aaaewxwt,MgMn6O7F5,train
mp-aaaewxyd,MgMn6(O2F)4,test
mp-aaaewxzc,MgFe6(OF)6,train
mp-aaaewxyk,La4MgCr2O12,train
mp-aaaewxys,MgMn2(SiO3)4,train
mp-aaaewyam,MgTi2Tl2W2(O5F)2,train
mp-aaaewxyo,MgMn5FeO12,train
mp-aaaewxzu,MgFe6(OF)6,train
mp-aaaewxzd,Na8MgCr2O8,train
mp-aaaewybc,MgMn4Cr2O12,train
mp-aaaewybj,MgNb4(CoO6)2,train
mp-aaaewxzo,MgTi2Mn4O12,train
mp-aaaewyaj,MgMn5SbO12,train
mp-aaaewxyu,MgFe6O7F5,train
mp-aaaewxzw,Sr4MgFe4O11,train
mp-aaaewybh,MgMnV4NiO12,train
mp-aaaewxyn,MgMn6O7F5,train
mp-aaaewxyy,MgFe3(PO4)3,train
mp-aaaewxze,Na8Mg(NiO4)2,train
mp-aaaewyak,MgMn6O7F5,train
mp-aaaewybb,Na4MgTi2(GeO5)2,train
mp-aaaewxyr,MgMn6(O2F)4,test
mp-aaaewxzq,MgCo6(OF)6,train
mp-aaaewyah,MgTi2(PS3)4,test
mp-aaaewybf,Ba6MgCr2O10,train
mp-aaaewyby,MgFe3(PO4)3,train
mp-aaaewydi,MgSi4(MoO6)2,train
mp-aaaewydf,Ba4Mg(Fe2O5)2,test
mp-aaaewycf,MgMn6O7F5,train
mp-aaaewybt,MgTi2(SiO3)4,test
mp-aaaewycd,MgMn6(O2F)4,test
mp-aaaewyda,MgMnV4CuO12,test
mp-aaaewycq,Na8MgTi2O8,train
mp-aaaewydl,MgV5FeO12,train
mp-aaaewydh,MgMn2Te2(MoO6)2,train
mp-aaaewydp,Na8MgMn2O8,test
mp-aaaewyel,Ho2Mg(SbO3)4,test
mp-aaaewydb,Tm6MgWO12,train
mp-aaaewyck,MgBi4(WO6)2,train
mp-aaaewycs,MgMn6O11F,train
mp-aaaewyce,MgFe6O7F5,train
mp-aaaewydx,MgZn2(SbO3)4,test
mp-aaaewyeh,MgTi3(SnO4)3,train
mp-aaaewyds,MgFe6(O2F)4,train
mp-aaaewydw,MgFe6(OF)6,train
mp-aaaewycp,MgMn6(O2F)4,test
mp-aaaewyfg,MgTiCo5O12,train
mp-aaaewyfh,MgFe2(SbO3)4,test
mp-aaaewyft,Tb5Mg(MoO6)2,train
mp-aaaewyhj,MgCo2(SbO3)4,test
mp-aaaewyfa,MgMnV5O12,test
mp-aaaewyfb,MgBi4(WO6)2,train
mp-aaaewyfr,Ho5Mg(MoO6)2,test
mp-aaaewyey,MgFe6O7F5,train
mp-aaaewyhw,MgMn6(O2F)4,test
mp-aaaewyhe,MgFe6O7F5,train
mp-aaaewygq,MgFe2(CoO3)4,train
mp-aaaewyik,MgTi2Tl2W2(O5F)2,train
mp-aaaewyip,MgMn6(O2F)4,test
mp-aaaewyht,MgMn6(O2F)4,test
mp-aaaewyhp,MgV4(OF6)2,train
mp-aaaewyfo,MgV2Cr4O12,train
mp-aaaewyii,MgFe6O7F5,train
mp-aaaewyfz,MgV4FeNiO12,train
mp-aaaewygh,MgTi2(PS3)4,test
mp-aaaewyhs,MgSb4(WO6)2,train
mp-aaaewyhn,MgFe6(O5F)2,test
mp-aaaewyin,MgMn6O7F5,train
mp-aaaewyhv,MgTi2(SeO3)4,train
mp-aaaewyfq,MgV4(PbO6)2,train
mp-aaaewygl,Ho2Mg(BiO3)4,train
mp-aaaewyix,MgTiV4CoO12,train
mp-aaaewyjw,MgCo5SnO12,train
mp-aaaewyko,MgCd2Te2(MoO6)2,test
mp-aaaewykl,MgMn6O11F,train
mp-aaaewyjh,MgMn6(O2F)4,test
mp-aaaewyll,MgMn6O7F5,train
mp-aaaewylt,MgFe6(O5F)2,test
mp-aaaewylv,Tb4Mg(WO6)2,train
mp-aaaewylq,MgMn6O7F5,train
mp-aaaewyiz,MgMn6(O2F)4,test
mp-aaaewykb,Na8Mg(CoO4)2,train
mp-aaaewykr,MgCo6O7F5,train
mp-aaaewylk,MgMn6(O2F)4,test
mp-aaaewyjg,Na8MgMn2O8,test
mp-aaaewyly,Ba2Nd2MgCu2(BO5)2,train
mp-aaaewymt,MgMn6O7F5,train
mp-aaaewyni,MgCd2Te2(MoO6)2,test
mp-aaaewylr,Na3Mg(NiO2)5,train
mp-aaaewymf,MgMn6(O2F)4,test
mp-aaaewynk,MgCo5NiO12,test
mp-aaaewykg,K8MgTi2O8,test
mp-aaaewyki,MgTi2(PS3)4,test
mp-aaaewyld,MgCr4(WO6)2,train
mp-aaaewymm,MgMn6O7F5,train
mp-aaaewynf,MgCo6(OF)6,train
mp-aaaewymc,MgV4FeNiO12,train
mp-aaaewyjf,MgV2Fe2(H2O5)2,train
mp-aaaewyme,La2MgCr2(CoO6)2,train
mp-aaaewyms,MgCo2(SiO3)4,test
mp-aaaewyob,MgCd2Te2(MoO6)2,test
mp-aaaewyoh,MgFe6(O2F)4,train
mp-aaaewyqf,Ho5Mg(MoO6)2,test
mp-aaaewyns,MgCo6(O2F)4,train
mp-aaaewyow,Rb2MgMo2P2(ClO5)2,train
mp-aaaewynz,MgGe4(BiO6)2,train
mp-aaaewynr,SrMgFe2(SeO3)4,train
mp-aaaewyom,MgCo6O7F5,train
mp-aaaewyoc,MgMn6O7F5,train
mp-aaaewypg,MgMn6O7F5,train
mp-aaaewyqt,MgMn6(O2F)4,test
mp-aaaewyqz,MgCo2(CO3)4,train
mp-aaaewyrc,MgMn6O11F,train
mp-aaaewyrx,MgFe6(O2F)4,train
mp-aaaewysc,NaMgCr2In(H2O5)2,train
mp-aaaewyse,MgMn6(O2F)4,test
mp-aaaewyos,MgCo6(O2F)4,train
mp-aaaewyqn,MgBi4(WO6)2,train
mp-aaaewyqq,Na7MgCu3O8,test
mp-aaaewyrp,Pr2Mg(BiO3)4,train
mp-aaaewyon,MgNb4(SnO6)2,train
mp-aaaewypz,MgMnV5O12,test
mp-aaaewyrh,Na3Mg(CoO2)5,train
mp-aaaewyqd,Na8Mg(NiO4)2,train
mp-aaaewyqv,MgV4FeCoO12,train
mp-aaaewytc,MgMn6O7F5,train
mp-aaaewywb,Ba2Pr4Mg(CuO5)2,train
mp-aaaewysz,Sr4MgFe4O11,train
mp-aaaewysu,MgFe6(OF)6,train
mp-aaaewywj,MgCo4(SbO6)2,train
mp-aaaewyss,MgMn6(O2F)4,test
mp-aaaewysy,MgCo6(O2F)4,train
mp-aaaewytg,K2Na2La2MgNb2O10,train
mp-aaaewyus,MgTi2Mn4O12,train
mp-aaaewywl,MgFe6O11F,train
mp-aaaewysh,MgMn2(GeO3)4,train
mp-aaaewyun,MgNi2(SbO3)4,train
mp-aaaewyvh,MgMn6O7F5,train
mp-aaaewyxl,Na8MgV2O8,train
mp-aaaewyuz,MgCr2(GeO3)4,train
mp-aaaewysq,MgFe6(O2F)4,train
mp-aaaewyvj,K2Na2Sm2MgNb2O10,train
mp-aaaewyvb,Na8MgMo2(NO)4,train
mp-aaaewyxn,MgNi2(SbO3)4,train
mp-aaaewytl,MgFe6(O2F)4,train
mp-aaaewywy,MgGe4(MoO6)2,train
mp-aaaewytp,MgCd2Te2(MoO6)2,test
mp-aaaewywg,Pr2MgV4O12,test
mp-aaaewywm,MgCo2Te2(MoO6)2,train
mp-aaaewyst,K2Na2Nd2MgNb2O10,train
mp-aaaewyvq,MgV2(GeO3)4,train
mp-aaaewyug,MgGe4(BiO6)2,train
mp-aaaewywk,MgCo6(O2F)4,train
mp-aaaewzag,MgCo6(O2F)4,train
mp-aaaewyxy,MgGa4(WO6)2,test
mp-aaaewyxv,Ba2Pr4Mg(CuO5)2,train
mp-aaaewyyw,MgMn6(O2F)4,test
mp-aaaewyzw,Na8Mg(CoO4)2,train
mp-aaaewzdk,MgMnV4NiO12,train
mp-aaaewyyt,MgBi4(WO6)2,train
mp-aaaewyym,MgMn6O7F5,train
mp-aaaewyxz,MgFe6O7F5,train
mp-aaaewzba,Ba6Mg(TiS5)2,train
mp-aaaewyzx,MgCo2(GeO3)4,train
mp-aaaewyxu,MgFe6(OF)6,train
mp-aaaewyzv,MgFe6(O2F)4,train
mp-aaaewyzl,MgMn6(O2F)4,test
mp-aaaewzby,Tb4Mg(WO6)2,train
mp-aaaewyyl,MgMn6O7F5,train
mp-aaaewzbz,MgCo6(O2F)4,train
mp-aaaewyyc,MgFe6O7F5,train
mp-aaaewyyv,MgCo6(O2F)4,train
mp-aaaewzea,MgCo5BiO12,train
mp-aaaewzac,MgCr2(SbO3)4,train
mp-aaaewzbk,MgV5CoO12,train
mp-aaaewzam,MgCo5NiO12,test
mp-aaaewzdx,Pr2MgTi4O12,train
mp-aaaewzah,Na3Mg(NiO2)5,train
mp-aaaewzcm,MgFe3(PO4)3,train
mp-aaaewzfv,MgCo6O7F5,train
mp-aaaewzlc,MgCo5SnO12,train
mp-aaaewzfy,MgNi2(BiO3)4,test
mp-aaaewzfa,Na8MgCr2O8,train
mp-aaaewzex,Ba2Nd4Mg(CuO5)2,train
mp-aaaewzfn,MgZn2Cu2H6(ClO3)2,train
mp-aaaewzfc,La2MgFe2(WO6)2,train
mp-aaaewzjw,MgMn6O7F5,train
mp-aaaewzly,MgMn6O7F5,train
mp-aaaewzjy,MgNi2(SbO3)4,train
mp-aaaewzfj,MgTl2Cu2H2(SeO5)2,train
mp-aaaewzga,Na8Mg(FeO4)2,test
mp-aaaewzix,MgMn6(O2F)4,test
mp-aaaewzit,NaMgCr2In(H2O5)2,train
mp-aaaewzjh,Na3Mg(NiO2)5,train
mp-aaaewzkl,MgTiV4FeO12,train
mp-aaaewziv,Cs2MgTi2Cu2(OF5)2,train
mp-aaaewzhh,MgNb4(SnO6)2,train
mp-aaaewzhi,MgTiMnV4O12,train
mp-aaaewzlh,MgMn2(SeO3)4,test
mp-aaaewzlm,MgSb4(WO6)2,train
mp-aaaewzln,Ba4Mg(Fe2O5)2,test
mp-aaaewzej,Na8Mg(NiO4)2,train
mp-aaaewzjj,MgMnCo5O12,train
mp-aaaewzjs,MgMn4(NiO6)2,train
mp-aaaewzkd,Na7MgCu3O8,test
mp-aaaewzjv,MgMn6O7F5,train
mp-aaaewzkt,MgCo6(OF)6,train
mp-aaaewzhw,La2MgFe2(TeO6)2,train
mp-aaaewzob,MgV2Fe2(H2O5)2,train
mp-aaaewznh,MgCo6O7F5,train
mp-aaaewzpk,Na8MgMn2O8,test
mp-aaaewzmf,MgMn5NiO12,train
mp-aaaewzpj,Na4Mg(Ni2O5)2,train
mp-aaaewzmp,MgMn5NiO12,train
mp-aaaewzmd,MgMn6(O2F)4,test
mp-aaaewzmo,MgCo6(O2F)4,train
mp-aaaewznb,Na8Mg(FeO4)2,test
mp-aaaewzpw,MgZn2(BiO3)4,train
mp-aaaewzrm,MgCo6(O2F)4,train
mp-aaaewzry,MgCo4(SbO6)2,train
mp-aaaewzoo,Na8MgV2O8,train
mp-aaaewzpd,MgCo6O7F5,train
mp-aaaewzro,MgCo6O7F5,train
mp-aaaewzsx,MgCo6O7F5,train
mp-aaaewznr,MgFe6(OF)6,train
mp-aaaewzre,MgFe6(O5F)2,test
mp-aaaewztk,MgScCr2Ag(H2O5)2,train
mp-aaaewzmc,MgMn6(O2F)4,test
mp-aaaewzlz,MgCo6O7F5,train
mp-aaaewzmj,MgFe2(CoO3)4,train
mp-aaaewztw,MgMn6O7F5,train
mp-aaaewzty,MgTiMnV4O12,train
mp-aaaewzqe,MgMn6(O2F)4,test
mp-aaaewzqm,Na4Mg(Mo2O5)2,train
mp-aaaewznz,MgZn2(SbO3)4,test
mp-aaaewzpt,MgMn6O7F5,train
mp-aaaewzov,Na8Mg(CoO4)2,train
mp-aaaewznl,MgMn6(O2F)4,test
mp-aaaewzqu,MgMn6O7F5,train
mp-aaaewzum,MgMn2Te2(MoO6)2,train
mp-aaaewzxf,K2Na2Pr2MgNb2O10,train
mp-aaaewzus,MgCo6O7F5,train
mp-aaaewzxs,MgNbV3O10,test
mp-aaaewzut,MgNb4(SnO6)2,train
mp-aaaewzyd,MgMn4(FeO4)2,train
mp-aaaewzva,MgCo6O7F5,train
mp-aaaewzve,MgCo6O7F5,train
mp-aaaewzwn,Ba4NaMgCu(CO5)2,train
mp-aaaewzxg,K4MgV4O10,train
mp-aaaewzyi,Rb3NaMg(MoO4)2,train
mp-aaaewzvn,MgCu2(IO3)4,train
mp-aaaewzvi,Na8MgMn2O8,test
mp-aaaewzyc,Nd2Mg(CuO2)4,train
mp-aaaewzwc,MgCo6O7F5,train
mp-aaaewzxw,MgFe2S2(O4F)2,train
mp-aaaewzxv,BaSrMg(FeO2)4,train
mp-aaaewzya,MgV2(PO5)2,train
mp-aaabxgqr,Li2TlBi,train
mp-aaabxgqu,YbCl2,train
mp-aaabxgsc,Li2TeO3,train
mp-aaabxgsk,YbGeO3,train
mp-aaabxgua,Yb2BiAu,train
mp-aaabxgtz,Yb2AsAu,test
mp-aaabxgze,YbF2,train
mp-aaabxgys,FeH4Br3N,train
mp-aaabxhaa,IrCl3,train
mp-aaabxhar,PHPb2F10,test
mp-aaabxhaf,K3Bi(AsSe2)6,train
mp-aaabxhay,CsAgPSe3,train
mp-aaabxhaq,KTm2Cu3Se5,train
mp-aaabxhbv,ErI3,train
mp-aaabxhdr,HfFe2Sn,train
mp-aaabxheg,B2S3,train
mp-aaabxhes,NaNd(SO4)2,train
mp-aaabxhec,HfSiRu2,train
mp-aaabxhdw,AcN,train
mp-aaabxhfp,AcCrO3,train
mp-aaabxhfl,CuH6BrN2,train
mp-aaabxhhd,TiFe2Si,train
mp-aaabxhgu,Na2TlSb,train
mp-aaabxhjy,LuBr3,train
mp-aaabxhji,LiY(MoO4)2,test
mp-aaabxhmx,AgBr,train
mp-aaabxhnh,BaBSbS4,train
mp-aaabxhnm,Ba(NdS2)2,train
mp-aaabxhne,BaNaScSi2O7,test
mp-aaabxhkn,Ca2SnHg,test
mp-aaabxhni,BaNaP3H3(NO2)3,train
mp-aaabxhno,CaB2(H7N)2,train
mp-aaabxhtz,Ca3Sn2S7,test
mp-aaabxhnq,Ba2YB2ClO6,train
mp-aaabxhnu,Ca5Al2(SiN4)2,train
mp-aaabxhnt,Ba3In(BO3)3,train
mp-aaabxhue,CoMoH2SeO7,train
mp-aaabxhns,CaReH4ClO6,train
mp-aaabxhqd,TiFe2Ge,test
mp-aaabxhot,Cd(PO3)2,train
mp-aaabxhty,Ca2SnS4,train
mp-aaabxhtx,Ca4SnS6,train
mp-aaabxhnr,Bi3BrO4,train
mp-aaabxhtu,Ca2SnS4,train
mp-aaabxhuf,Co2(SnTe)3,test
mp-aaabxhyy,Ce3AgGeS7,train
mp-aaabxhve,CaSn2S5,train
mp-aaabxhug,CsSi,train
mp-aaabxhvh,Ca3SnS5,train
mp-aaabxhvr,CaSnS3,train
mp-aaabxhut,CaSnS3,train
mp-aaabxhvb,Ca2SnS4,train
mp-aaabxhvs,Ca2SnS4,train
mp-aaabxhvc,CaSnS3,train
mp-aaabxhvp,Ce3MgAlS7,train
mp-aaabxhvd,CaSnS3,train
mp-aaabxhvt,Ca2SnS4,train
mp-aaabxhuz,CsGe,test
mp-aaabxhya,Ca2SnS4,train
mp-aaabxhvu,Ca2SnS4,train
mp-aaabxhxl,CaSnS3,train
mp-aaabxhzh,CsNa2Be6(BO3)5,train
mp-aaabxiah,KSr2Cd2Sb3,train
mp-aaabxhzg,CsAsH6(CSe)2,train
mp-aaabxhzq,Ca3Sn4S11,train
mp-aaabxhza,CaSnS3,train
mp-aaabxiai,LiMgH6Ir,train
mp-aaabxhzp,Ca3Sn4S11,train
mp-aaabxhyz,Ce3SiAgS7,train
mp-aaabxhzl,Cs2Sr2(CO3)3,test
mp-aaabxiaf,KPPdS4,train
mp-aaabxiao,KGeBiS4,train
mp-aaabxhzj,CsAg2AsS3,train
mp-aaabxiad,CuH3NCl,train
mp-aaabxiag,KSc(BH4)4,train
mp-aaabxhzo,Cs2MgP4(HO2)8,train
mp-aaabxiaj,K2Na(H2N)3,train
mp-aaabxiaq,La(ZnAs)3,test
mp-aaabxiat,KSiBiS4,train
mp-aaabxibj,Li3AsH36(SeN3)4,train
mp-aaabxibi,La2Mg(NiH4)2,train
mp-aaabxiaw,Cs2MoSe4,train
mp-aaabxiar,NaSc(BH4)4,train
mp-aaabxibc,K3P2AuSe8,test
mp-aaabxibf,K3TaF8,test
mp-aaabxias,La2Si4CN6,train
mp-aaabxibb,H34C19,train
mp-aaabxiba,H16RhN5(Cl2O)3,train
mp-aaabxibe,K5La4Si4O16F,test
mp-aaabxibh,LiMgB3(H9N)2,train
mp-aaabxibd,K3Dy(AsS4)2,train
mp-aaabxica,RbTh3F13,train
mp-aaabxiaz,DyAgH2C2SO9,train
mp-aaabxibg,K8Zr6BBr20,train
mp-aaabxice,Cs4P2PdSe8,test
mp-aaabxidc,RbMnP3HO10,train
mp-aaabxidb,FeSCl7,train
mp-aaabxicl,ReTeSeCl4,train
mp-aaabxicm,La3ScBeS7,train
mp-aaabxief,LiNd9Mo16O35,train
mp-aaabxicg,La17Al4(Si3N11)3,train
mp-aaabxicz,K2CrH2F8,train
mp-aaabxidg,RbLiH12Se3N4,train
mp-aaabxidd,ReTeSCl4,train
mp-aaabxigw,Ca2SnS4,train
mp-aaabxigy,UTa2S6Cl6O,train
mp-aaabxihn,Ca3Sn2S7,test
mp-aaabxigt,TiZnH12(OF)6,test
mp-aaabxigs,TbAgH2C2SO9,train
mp-aaabxihp,Ca2SnS4,train
mp-aaabxihl,U(PO3)4,train
mp-aaabxihk,Ca2SnS4,train
mp-aaabxigx,CaSnS3,train
mp-aaabxifv,FeH6C2(NO2)2,train
mp-aaabxigz,Ca2SnS4,train
mp-aaabxihm,CaSnS3,train
mp-aaabxihe,Ca2SnS4,train
mp-aaabxigq,TiMnH12(OF)6,train
mp-aaabxifz,CaSnS3,train
mp-aaabxijd,Ca3Sn2S7,test
mp-aaabxihs,Ca2SnS4,train
mp-aaabxils,CaSnS3,train
mp-aaabxiif,CaSnS3,train
mp-aaabxihq,Ca3SnS5,train
mp-aaabxihu,Ca2SnS4,train
mp-aaabxije,Ca7Sn3S13,train
mp-aaabxile,Ca2SnS4,train
mp-aaabxiik,CaSnS3,train
mp-aaabxipa,CaSnS3,train
mp-aaabxilz,Ca2SnS4,train
mp-aaabxijf,Ca4SnS6,train
mp-aaabxilx,CaSnS3,train
mp-aaabxiie,CaSnS3,train
mp-aaabxiih,CaSn2S5,train
mp-aaabxiix,Ca3SnS5,train
mp-aaabxijr,Ca2SnS4,train
mp-aaabxipi,Ca4Sn5S14,train
mp-aaabxisn,Ca2AsAu,train
mp-aaabxiqb,Ti13Si31Ni40,train
mp-aaabxiur,Sr2SnHg,train
mp-aaabxivp,Sr2BiAu,train
mp-aaabxiwd,Sr2HgPb,test
mp-aaabxiwp,Sr2GaGeN,train
mp-aaabxixt,TaAlFe2,test
mp-aaabxjad,AcAgTe2,train
mp-aaabxjeh,KEuAsS4,train
mp-aaabxjhr,TaGaFe2,train
mp-aaabxjit,Li4V7O9F7,test
mp-aaabxjia,Ba2Tb2Mn4O11,train
mp-aaabxjhz,NaCoO2,test
mp-aaabxjic,CrH18C5(NO)4,train
mp-aaabxjii,KH4O4F,train
mp-aaabxjid,MoH18C5(NO)4,train
mp-aaabxjio,Li4Mn2Nb3Cr3O16,train
mp-aaabxjib,V2Sn4H24C8O9,train
mp-aaabxjkm,Li2Cr5(Si2O7)2,train
mp-aaabxjkh,Mn7F16,train
mp-aaabxjkd,Li2Mn2P2O9,test
mp-aaabxjkw,LiCu2F5,train
mp-aaabxjlf,Li2Cu3F9,train
mp-aaabxjky,Li7V(O2F)2,train
mp-aaabxjjo,Li4Nb3Fe3(SbO8)2,test
mp-aaabxjlm,LiNi(PO3)4,test
mp-aaabxjnd,LiTi(Si2O5)2,train
mp-aaabxjns,LiCoO2,train
mp-aaabxjmu,Li4CoNi3O8,train
mp-aaabxjnp,Li2FeSi3O8,train
mp-aaabxjnt,LiV3(OF3)2,train
mp-aaabxjmw,NbP6(WO8)3,train
mp-aaabxjno,Li3CoO3,test
mp-aaabxjnu,Li6CoNi5O12,train
mp-aaabxjmy,Li3MnV3O8,train
mp-aaabxjme,Li4Co5O12,train
mp-aaabxjpi,V16FeO41,train
mp-aaabxjoi,NaTlO,train
mp-aaabxjom,LiNi(PO3)4,test
mp-aaabxjmi,Y6Cu11O24,train
mp-aaabxjok,LiVCrP2(O4F)2,train
mp-aaabxjsc,Na2MnPCO7,train
mp-aaabxjqc,Li7(CoO3)2,train
mp-aaabxjqq,Li4V5Sn3O16,test
mp-aaabxjqz,CaBiO3,test
mp-aaabxjso,Ba5Ru2O11,test
mp-aaabxjsx,Ca2BiAu,train
mp-aaabxjsg,MnOF,train
mp-aaabxjvb,V2Si4O11,train
mp-aaacehxx,YWN3,train
mp-aaacehyp,SrTcN3,train
mp-aaacehym,TiPN3,test
mp-aaacehyn,SrWN3,test
mp-aaacehxr,LaMoN3,train
mp-aaacehyl,SrReN3,test
mp-aaacehxp,LaWN3,train
mp-aaacehyd,YWN3,train
mp-aaacehxt,Cs2RbInF6,train
mp-aaacehxu,CaReN3,train
mp-aaacehya,LaCrN3,test
mp-aaacehyi,LaTaN3,test
mp-aaacehyc,LaReN3,train
mp-aaacehyg,Cs2RbGaF6,train
mp-aaacehxw,Cs2NaAsCl6,train
mp-aaacehye,CaWN3,train
mp-aaacehxy,Cs2NaInH6,train
mp-aaacehyf,YWN3,train
mp-aaacehyv,LaWN3,train
mp-aaacehza,CaTcN3,train
mp-aaacehzi,LaWN3,train
mp-aaacehzk,Cs2AlGaH6,test
mp-aaacehzn,HfTeSe4,train
mp-aaacehyt,LaMoN3,train
mp-aaacehyw,CaTcN3,train
mp-aaacehzh,YWN3,train
mp-aaacehyr,CsRb2GaF6,train
mp-aaacehzf,LaCoN3,train
mp-aaacehyu,LaOsN3,train
mp-aaacehyx,CaMoN3,train
mp-aaacehyz,BaReN3,train
mp-aaacehzb,Cs2KInF6,test
mp-aaacehyy,BaWN3,train
mp-aaacehze,Cs2NaAlH6,train
mp-aaacelrh,Cs2IBrCl6,train
mp-aaacejdm,SrTa2H2O7,train
mp-aaaceqef,SnGe,train
mp-aaaceiql,Ag2WS4,train
mp-aaacejee,C,train
mp-aaacejdo,H6PbCI3N,train
mp-aaaceixd,CuSnF6,train
mp-aaaceptv,S,test
mp-aaaceiwv,AgSnF6,train
mp-aaaceiwc,Au(OF3)2,train
mp-aaacekym,VCu3Te4,train
mp-aaacejdg,C,train
mp-aaacejds,ScClO,test
mp-aaacekzk,NbCu3Te4,train
mp-aaaceqcx,PbBrCl,train
mp-aaacejdw,Na2ZrO3,train
mp-aaaceqew,CO2,test
mp-aaaceqfw,CO2,test
mp-aaaceqev,HC,train
mp-aaaceqfm,H6PbCI3N,train
mp-aaaceqfe,H2CO,train
mp-aaaceqfq,H4C5O2,train
mp-aaaceqfs,H4C2O,test
mp-aaaceqeq,RbBaSiHO4,train
mp-aaaceqfc,H4C6O,test
mp-aaaceqfr,H4C2O,test
mp-aaaceqfx,CsBaSiHO4,test
mp-aaaceqfo,RbSrSiHO4,train
mp-aaaceqft,H2CSO4,train
mp-aaaceqes,KBaSiHO4,train
mp-aaaceqfb,H6PbCI3N,train
mp-aaaceqeo,KCaSiHO4,train
mp-aaaceqfp,H2C3,train
mp-aaaceqfn,CsSrSiHO4,train
mp-aaaceqer,Si3H,train
mp-aaacesul,HAuO2,train
mp-aaacestx,Cs2RbInBr6,train
mp-aaaceqgc,Cs2Si(HO2)2,train
mp-aaaceqge,H6PbCBr3N,train
mp-aaaceqgg,HCO,train
mp-aaacesui,LaAuO2,train
mp-aaacesub,Cs2TlInH6,train
mp-aaaceqfy,H2CO,train
mp-aaaceqgk,SnH6CI3N,train
mp-aaaceqfz,H6PbCI3N,train
mp-aaaceqgi,GeH6CI3N,train
mp-aaacesue,CaCr2O4,train
mp-aaacestz,Cs2NaInBr6,train
mp-aaacesua,Cs2TlInBr6,train
mp-aaaceqgj,SiH6CI3N,train
mp-aaaceqmj,LiS4,test
mp-aaacesuj,CuHO2,train
mp-aaacesup,LiAuO2,train
mp-aaacesus,LiAgO2,train
mp-aaacesum,CuHO2,train
mp-aaacesur,LiAuO2,train
mp-aaacesuy,AgBiO2,train
mp-aaacesuw,KAgO2,train
mp-aaacesvr,LiCuO2,test
mp-aaacesuv,AgBiO2,train
mp-aaacesun,Mg(CrSe2)2,train
mp-aaacesva,AgBiO2,train
mp-aaacesvq,LiCuO2,test
mp-aaacesvm,AgBiO2,train
mp-aaacesuq,AgNO2,train
mp-aaacesuz,AgBiO2,train
mp-aaacesvn,AgAuO2,train
mp-aaacesvp,HAuO2,train
mp-aaacesvs,LiAgO2,train
mp-aaacesvy,FeAuO2,train
mp-aaacesvz,MnAgO2,train
mp-aaaceswu,AgClO2,test
mp-aaaceswh,LaAuO2,train
mp-aaaceswc,HAuO2,train
mp-aaacesvw,LiAgO2,train
mp-aaaceswp,CuBrO2,train
mp-aaaceswn,BaAuO2,train
mp-aaaceswk,AgPtO2,train
mp-aaaceswl,AgPtO2,train
mp-aaacesww,AuClO2,train
mp-aaaceswb,LiAgO2,train
mp-aaaceswa,CrAuO2,train
mp-aaaceswg,KAuO2,train
mp-aaaceswx,AgPbO2,train
mp-aaacesxb,CuBrO2,train
mp-aaacesxf,AuO2F,train
mp-aaacesxc,CsAuO2,train
mp-aaacesxe,CuClO2,train
mp-aaacesxu,TlCuO2,train
mp-aaacesxt,NaCuO2,train
mp-aaaceswz,AgPbO2,train
mp-aaacesxn,CuO2F,train
mp-aaaceswy,CuClO2,train
mp-aaacesxg,AgO2F,test
mp-aaacesxy,AuClO2,train
mp-aaacesxa,AgAsO2,train
mp-aaacesya,AgBrO2,train
mp-aaacesxl,AuBrO2,train
mp-aaacesxo,CdAuO2,train
mp-aaaceszp,NaAuO2,train
mp-aaacesye,RbAgO2,train
mp-aaaceszo,KAgO2,train
mp-aaaceszs,AuClO2,train
mp-aaacetcg,CoAuO2,train
mp-aaacesyh,CuBiO2,train
mp-aaacetag,AgRhO2,train
mp-aaacetcj,CoAuO2,train
mp-aaacetac,KAgO2,train
mp-aaacesyg,CuBiO2,train
mp-aaaceszu,SrAuO2,train
mp-aaaceszm,SrAgO2,train
mp-aaaceszi,BiAuO2,train
mp-aaaceszk,RbAgO2,train
mp-aaacetai,RbAgO2,train
mp-aaacetaj,PbAuO2,train
mp-aaacetsb,AlP,test
mp-aaacetdg,Ca3TiNiO6,test
mp-aaacetli,NbAgF6,train
mp-aaacetde,C,train
mp-aaacetpz,Li(Fe2O3)4,train
mp-aaacetqs,LiVP2(HO4)2,train
mp-aaacetsd,H6CIN,train
mp-aaacetss,La7YAl8O24,train
mp-aaacetdf,MnAuO2,train
mp-aaacetoy,Ca3TiNiO6,test
mp-aaacetsn,H6C6NO,test
mp-aaacetsr,La8Al7GaO24,test
mp-aaacetst,La7ScAl8O24,test
mp-aaacetsc,H6CIN,train
mp-aaacetpj,TbTa3O9,test
mp-aaaceuoq,RbSnCl3,train
mp-aaaceuqf,RbCaCl3,test
mp-aaaceuop,RbSrCl3,train
mp-aaacetty,BSb,train
mp-aaaceuqg,RbCaBr3,train
mp-aaacettf,Na8Ta7VO24,train
mp-aaaceuok,CaTlF3,train
mp-aaacetsu,La8Al7BO24,test
mp-aaaceuqb,RbSnF3,train
mp-aaacetuk,ZnO,train
mp-aaaceuon,TlGeBr3,train
mp-aaaceupk,RbPbBr3,train
mp-aaacetsv,La8Al7InO24,train
mp-aaaceuol,CaTlCl3,train
mp-aaaceuor,RbSnBr3,train
mp-aaaceuot,TlFeF3,train
mp-aaaceurm,LiSnCl3,train
mp-aaaceuud,RbSeBr3,train
mp-aaaceuvl,CsCaI3,train
mp-aaaceuvc,RbCaCl3,test
mp-aaaceuwk,MgAgF3,train
mp-aaaceuwe,BaHfS3,train
mp-aaaceuvd,RbCaI3,train
mp-aaaceurx,MnInF3,test
mp-aaaceurn,KGeCl3,train
mp-aaaceurp,InGeCl3,train
mp-aaaceuub,CsSrBr3,train
mp-aaaceuuc,CsSnF3,train
mp-aaaceuwc,BaZrSe3,test
mp-aaacevdw,BaHfO3,test
mp-aaaceuyn,CsSeBr3,train
mp-aaaceuzd,NiAgF3,test
mp-aaaceuxy,InSnBr3,train
mp-aaaceuym,KGeBr3,train
mp-aaaceuyt,BaHfS3,train
mp-aaacevaf,CsSnF3,train
mp-aaaceuyv,KCaCl3,test
mp-aaacevdh,ZnAgF3,train
mp-aaaceuze,CsInI3,train
mp-aaaceuyr,CsSrI3,train
mp-aaaceuys,MgAgF3,train
mp-aaaceuzh,CsSrBr3,train
mp-aaaceuzc,CsCaI3,train
mp-aaacevdg,RbCaBr3,train
mp-aaacevdf,InPbCl3,test
mp-aaaceuzb,BaZrSe3,test
mp-aaacevci,InPbCl3,test
mp-aaaceven,InGeCl3,train
mp-aaacevgm,RbSnF3,train
mp-aaacevdz,InSnBr3,train
mp-aaacevfv,RbPbBr3,train
mp-aaacevel,InSnCl3,train
mp-aaacevfr,KCaBr3,test
mp-aaacevgh,CaTlF3,train
mp-aaacevfk,RbCaI3,train
mp-aaacevfj,LiSnCl3,train
mp-aaacevgb,CsNaF3,train
mp-aaacevgd,RbSnCl3,train
mp-aaacevjz,TlGeF3,train
mp-aaacevfw,RbPbCl3,train
mp-aaacevee,InSnCl3,train
mp-aaacevge,KGeBr3,train
mp-aaacevgp,TlCdF3,train
mp-aaacevka,TlGeF3,train
mp-aaacevef,CsSrCl3,train
mp-aaacevft,KCaCl3,test
mp-aaacevjy,TlHgF3,train
mp-aaacevkb,TlInCl3,train
mp-aaacevfx,RbPbCl3,train
mp-aaacevgf,KGeCl3,train
mp-aaacevlf,TlGeCl3,train
mp-aaacevly,MnTlF3,train
mp-aaacevlg,TlGeCl3,train
mp-aaacevlb,MgTlF3,train
mp-aaacevlh,TlZnF3,train
mp-aaacevlr,RbSrCl3,train
mp-aaacevlv,TlCdF3,train
mp-aaacevlx,TlNiF3,train
mp-aaacevli,TlGeBr3,train
mp-aaacevll,KCaBr3,test
mp-aaacevlu,TlHgF3,train
mp-aaacevqm,H9C8NO2,train
mp-aaacevmo,RbSnBr3,train
mp-aaacevmx,CaTlCl3,train
mp-aaacevrt,KO3,train
mp-aaacevsj,K2O,train
mp-aaacevrv,K2O,train
mp-aaacevrf,YN,test
mp-aaacevrx,K2O2,train
mp-aaacevui,TiAlFeCo,train
mp-aaacevru,K2O,train
mp-aaacevzt,TbTlTe2,train
mp-aaacevzr,TbTlS2,test
mp-aaacevxc,Ti2MnAl,train
mp-aaacewae,SmTlTe2,train
mp-aaacevzy,NaTbS2,train
mp-aaacevzz,NaTbSe2,train
mp-aaacewak,SmTlS2,test
mp-aaacewab,KTbS2,train
mp-aaacewah,TaCuN2,train
mp-aaacewaj,SmTlSe2,train
mp-aaacewcu,Si,train
mp-aaacewgl,PrN,train
mp-aaacewhj,NdTlTe2,train
mp-aaacewfq,RbNaH2,train
mp-aaacewfh,RbYS2,test
mp-aaacewfl,RbSmTe2,train
mp-aaacewge,PrTlTe2,train
mp-aaacewgf,PrTlSe2,train
mp-aaacewmk,NaSmSe2,train
mp-aaacewmu,NaScS2,test
mp-aaacewmv,NaPrSe2,train
mp-aaacewmh,NaSmTe2,train
mp-aaacewmi,NaYSe2,test
mp-aaacewne,NaNdS2,test
mp-aaacewmp,NaSmS2,train
mp-aaacewqf,WN2,train
mp-aaacewng,NaLaSe2,train
mp-aaacewny,NaDyS2,train
mp-aaacewnx,NaGdSe2,train
mp-aaacewnf,NaNdSe2,train
mp-aaacewog,N2,train
mp-aaacewni,NaHoSe2,test
mp-aaacewnw,NaDySe2,test
mp-aaaceyxb,Li(CN)2,train
mp-aaaceyuv,Y2ZnSe4,train
mp-aaaceyup,Y2ZnS4,train
mp-aaaceyuy,Y2MgS4,test
mp-aaaceyum,Sc2ZnS4,train
mp-aaaceyux,BeC2,test
mp-aaaceyut,Mg(ScSe2)2,train
mp-aaaceywr,Li48P16S61,train
mp-aaacezqw,C4O3,train
mp-aaaceyuq,Sc2ZnSe4,test
mp-aaaceyur,Zn(InSe2)2,train
mp-aaaceyxc,H2CO3,train
mp-aaaceyvi,Mg(InSe2)2,train
mp-aaaceyyi,Na2H3CO6,train
mp-aaacezya,LuCuS2,train
mp-aaacezyg,LiScS2,train
mp-aaacezyk,LiO3,train
mp-aaacezrg,LuTlS2,train
mp-aaacezrk,C4O3,train
mp-aaacezrn,LuTlSe2,train
mp-aaacezzz,LiB,train
mp-aaacfajo,CsLiICl,train
mp-aaacfaix,SnS2,train
mp-aaacfajd,NaLiICl,train
mp-aaacfalg,HfC,train
mp-aaacfamu,GeC,train
mp-aaacfajr,CsKICl,train
mp-aaacfajp,KNaICl,train
mp-aaacfcff,CaMn8O16,test
mp-aaacfbcl,NaMn2O4,train
mp-aaacfbcm,LiMnO2,train
mp-aaacfbcn,MnHO2,train
mp-aaacfcez,Li2Mn3O6,test
mp-aaacfcey,KMn4O8,train
mp-aaacfbci,MgMn2O4,train
mp-aaacfbck,KMnO2,test
mp-aaacfcex,CaMn2O4,train
mp-aaacfbco,KMnO2,test
mp-aaacfbcj,MgMnO2,train
mp-aaacfcfa,KMn2O4,test
mp-aaacfcfb,LiMn4O8,train
mp-aaacfcfg,CaMn4O8,train
mp-aaacfcrn,Ca3Mn4O8,train
mp-aaacfcoa,CaMn2O4,train
mp-aaacfcjt,KMn2O4,test
mp-aaacfclp,Mg2Mn3O6,train
mp-aaacfcrk,NaMn4O8,train
mp-aaacfcwj,Mn2HO4,train
mp-aaacfcwk,NaMn2O4,train
mp-aaacfcik,CaMnO2,train
mp-aaacfcil,Mn8HO16,test
mp-aaacfcwi,K3Mn4O8,train
mp-aaacfcfi,CaMnO2,train
mp-aaacfcvf,MgMn2O4,train
mp-aaacfcrp,MgMn2O4,train
mp-aaacfcln,CaMn4O8,train
mp-aaacfclq,CaMnO2,train
mp-aaacfcrl,LiMn3O6,train
mp-aaacfdgv,CaMnO2,train
mp-aaacfczu,KMnO2,test
mp-aaacfdcl,CaMn4O8,train
mp-aaacffrm,Sc3Al3C2O5,train
mp-aaacfdtt,LiMnO2,train
mp-aaacfdtw,NaMn2O4,train
mp-aaacfcwl,NaMn2O4,train
mp-aaacfcwo,MgMn2O4,train
mp-aaacfczw,MgMnO2,train
mp-aaacfdci,Mn2HO4,train
mp-aaacfdzs,CsB3PbF12,train
mp-aaacfcwp,MgMn6O12,test
mp-aaacfdtv,MgMn4O8,train
mp-aaacfeio,Mn3(HO3)2,train
mp-aaacfdgw,CaMn2O4,train
mp-aaacfeis,LiMn4O8,train
mp-aaacfdzw,CCl4,test
mp-aaacfdzu,CsBPb(IF2)2,train
mp-aaacfgiw,P2S7,train
mp-aaacffuw,SmHSO5,train
mp-aaacfggo,UCd2O5,test
mp-aaacfhbx,Na2Al2(SiO4)3,test
mp-aaacfhbb,Mg(InSe2)2,train
mp-aaacfhcb,ZnP2NO9,train
mp-aaacfhay,Zn3In2O6,train
mp-aaacfhmj,KNdS2,train
mp-aaacfhmc,BaO2,test
mp-aaacfhme,BiB,train
mp-aaacfhmm,KYS2,train
mp-aaacfhca,Pr(NO5)3,train
mp-aaacfiqj,HoTlS2,train
mp-aaacfiwl,GaBN2,test
mp-aaacfiwm,GaN,train
mp-aaacfiph,KNaH2,train
mp-aaacfipg,KLuS2,train
mp-aaacfhmp,KSmSe2,train
mp-aaacfiqh,HoTlTe2,train
mp-aaacfiui,ZnHCO4,train
mp-aaacfirm,SnPO4F,train
mp-aaacfjag,CuI,test
mp-aaacfizr,ErTlTe2,train
mp-aaacfjma,SnPOF7,test
mp-aaacfjlv,CaSe,train
mp-aaacfizs,DyTlTe2,train
mp-aaacfjyq,AlGaN2,train
mp-aaacfjwe,BrCl,train
mp-aaacfjsl,C,train
mp-aaacfjxk,BeSe,train
mp-aaacfjxo,B2AsP,train
mp-aaacfjxj,BC2N,test
mp-aaacfjwm,BaO,train
mp-aaacfjws,BaGaSiH,train
mp-aaacfjyv,TmTlTe2,train
mp-aaacfkdk,TiGePt,train
mp-aaacfjyr,AlBN2,train
mp-aaacfkdh,TiO2,train
mp-aaacfybl,CaGaGeH,train
mp-aaacfybp,BaCaO2,train
mp-aaacfybh,CaZnSe2,train
mp-aaacfybi,CaGaSiH,train
mp-aaacfybq,Ba2BrN,train
mp-aaacfych,PbS,train
mp-aaacfybo,Ba2NF,train
mp-aaacfybj,CaGaSnH,train
mp-aaacfyck,TmSbPd,train
mp-aaacfydf,HoNiBi,train
mp-aaacfydh,BaC2,train
mp-aaacfyde,VI2,train
mp-aaacfyil,GaP,test
mp-aaacfywc,Ca(BeAs)2,train
mp-aaacfywx,Ba2H3I,train
mp-aaacfywl,TiSnO3,train
mp-aaacfyww,Ba2ClF3,train
mp-aaacfyxb,CN2,train
mp-aaacfyxy,CsHSO3,train
mp-aaacfyxf,CeO2,train
mp-aaacfyxc,Ca2H3Br,train
mp-aaacfyxk,CeO2,train
mp-aaacfyyl,Eu2H3Br,train
mp-aaacfyzp,HfO2,train
mp-aaacfyzq,HgSe,train
mp-aaacfyzk,HfN2,test
mp-aaacfyyn,Eu2H3Cl,test
mp-aaacfyzn,HfTaNO3,train
mp-aaacfyzz,HoSI,train
mp-aaacfzae,KCdAs,train
mp-aaacfzau,LaTeCl,test
mp-aaacfzaf,KMgP,train
mp-aaacfzbk,Li3LaBi2,train
mp-aaacfzbi,Li3LaAs2,train
mp-aaacfzcw,MoSeS,train
mp-aaacfzcz,MoS2,train
mp-aaacfzdi,NdTeCl,test
mp-aaacfzcx,MoSe2,train
mp-aaacfzga,PdCl2,train
mp-aaacfzib,PrTeCl,train
mp-aaacfzgd,PdCl2,train
mp-aaacfznt,KMgAs,train
mp-aaacfzug,SrF2,train
mp-aaacfzoj,KMgBi,test
mp-aaacfznq,CN2,train
mp-aaacfzws,Te2W,train
mp-aaacfzwt,Th2HN3,train
mp-aaacfzur,Sr2H3I,train
mp-aaacfzyx,AlB3N4,train
mp-aaacfzyy,Al3BN4,train
mp-aaacfzyw,Al3GaN4,train
mp-aaacfzyv,Al(PO3)3,train
mp-aaacgaed,Ba3Ga3N5,train
mp-aaacgadx,B2S2O9,train
mp-aaacgaea,AlPO4,train
mp-aaacfzyz,Al7Si3BO18,test
mp-aaacgadz,AlPO4,train
mp-aaacgaef,Ba4Mg(SiN3)2,train
mp-aaacgaec,AlPO4,train
mp-aaacgadw,AlGa3N4,train
mp-aaacgaee,Ba4GaN3O,train
mp-aaacgaek,Ba2B10O17,test
mp-aaacgaei,Ba3Ca2(SiN3)2,test
mp-aaacgaeg,Ba2CaSi4(BO7)2,test
mp-aaacgady,AlPO4,train
mp-aaacgaem,Ba3P6(N4O3)2,test
mp-aaacgaeb,AlPO4,train
mp-aaacgaej,Ba3MgGeN4,train
mp-aaacgael,Ba3NaY3(Si3O10)2,test
mp-aaacgaer,Ba8Al10B12O41,train
mp-aaacgaep,Ba3Y2(B2O5)3,train
mp-aaacgafb,BaB2S3O13,train
mp-aaacgafd,BaCa3O4,train
mp-aaacgaen,Ba3ZnB5PO14,train
mp-aaacgaet,BaAl2Si3(NO)4,train
mp-aaacgaes,Ba2P2O7,test
mp-aaacgaez,BaAlSi4N5O3,test
mp-aaacgaeq,Ba2Mg(BO2)6,train
mp-aaacgaeu,BaAl4O7,test
mp-aaacgaew,BaAl4O7,test
mp-aaacgaex,BaAl2(SiO4)2,train
mp-aaacgafg,BaZrO3,train
mp-aaacgaev,Ba9Y2(SiO4)6,train
mp-aaacgafe,BaCaB2O5,train
mp-aaacgaeo,Ba3Si2(B3O8)2,test
mp-aaacgaff,BaCaP2O7,train
mp-aaacgafk,BaGe(S2O7)3,train
mp-aaacgafu,BaSr2Mg(SiO4)2,train
mp-aaacgafi,BaY4Si5O17,train
mp-aaacgaft,BaS4O13,train
mp-aaacgaga,Ca6Ge2O,train
mp-aaacgafq,BaNaB5O9,train
mp-aaacgafj,BaLi2Mg(PO4)2,train
mp-aaacgafw,Ca2B2O5,test
mp-aaacgafz,Ca2SiO4,train
mp-aaacgafl,BaMg2Si2O7,train
mp-aaacgafn,BaNa2Mg(PO4)2,train
mp-aaacgafx,Ca2GeO4,train
mp-aaacgafv,Ca2B2O5,test
mp-aaacgafh,Be(PN2)2,train
mp-aaacgafr,BaNaLi3(BO2)6,train
mp-aaacgagb,Ca3Ga2(GeO4)3,train
mp-aaacgafm,BeGeN2,train
mp-aaacgafy,Ca2SiO4,train
mp-aaacgagp,CaMg3SiN4,test
mp-aaacgagj,CaAl2SiO6,train
mp-aaacgagl,Ca4Al6SO16,train
mp-aaacgagc,Ca3ZnGe5O14,train
mp-aaacgagg,Ca8Si5O18,train
mp-aaacgagi,CaAl2SiO6,train
mp-aaacgagt,CaAl2SiO6,train
mp-aaacgagm,Ca4SiN4,test
mp-aaacgagr,CaS3O10,train
mp-aaacgagf,Ca10Ge16(B2O17)3,test
mp-aaacgagu,CaAl2SiO6,train
mp-aaacgage,CaAl2SiO6,train
mp-aaacgago,Ca5(SiN3)2,train
mp-aaacgagq,CaMg(SiO3)2,test
mp-aaacgagw,CaAl2SiO6,train
mp-aaacgagx,CaAl2SiO6,train
mp-aaacgahc,Ce2B8O15,train
mp-aaacgahf,Ce5Zr3O16,train
mp-aaacgahk,CeZr3O8,train
mp-aaacgahb,Ce3ZrO8,test
mp-aaacgahr,Cs2Li5(BO2)7,train
mp-aaacgahd,Ce(PO3)4,train
mp-aaacgahn,Cs2BaP2O7,train
mp-aaacgahm,Cs2Al2B2O7,train
mp-aaacgagz,Ce3Zr5O16,train
mp-aaacgahs,Cs3BO3,test
mp-aaacgahl,CeZr7O16,train
mp-aaacgahg,CeZrO4,train
mp-aaacgahp,Cs2Ba3(P2O7)2,train
mp-aaacgahh,Ce4B14O27,train
mp-aaacgaho,Cs2B2S3O13,train
mp-aaacgahq,Cs2Li2B2P4O15,train
mp-aaacgahz,Cs3Li4(BO2)7,test
mp-aaacgahy,Cs3Y(PO4)2,train
mp-aaacgahu,Cs2MgSi5O12,train
mp-aaacgaht,Cs2Sr2Li3B3(PO4)6,train
mp-aaacgalo,CsBaLiP2O7,train
mp-aaacgalt,Cs4Si3O8,train
mp-aaacgalv,CsLi(B3O5)2,train
mp-aaacgalq,CsB5O8,train
mp-aaacgahv,Cs2Na2Sr(B3O5)6,train
mp-aaacgahw,Cs4ZnO3,test
mp-aaacgalw,CsLi4(BO2)5,train
mp-aaacgaly,CsBe4(BO3)3,train
mp-aaacgalx,CsBS3O11,train
mp-aaacgalu,CsCa10(PO4)7,train
mp-aaacgamp,BaNaEu(SiO3)3,train
mp-aaacgama,CsZr2Al(PO4)4,train
mp-aaacgamd,CsZn4(BO3)3,test
mp-aaacgamb,CsMgBO3,train
mp-aaacgamm,EuAl2O4,test
mp-aaacgamg,EuMg3SiN4,train
mp-aaacgalz,CsSi2BO6,train
mp-aaacgamf,CsY(PO3)4,train
mp-aaacgaoj,K2Na3P3O10,train
mp-aaacgamu,GaB3N4,train
mp-aaacgaod,K2Ge(S2O7)3,train
mp-aaacgamw,SiO2He,train
mp-aaacgamv,SiO2He,train
mp-aaacgaoh,K2Mg2Si2O7,train
mp-aaacgamz,K2Ca3Si3O10,train
mp-aaacgaoc,K2CeAl(SiO3)4,test
mp-aaacganb,K2Ca3Si3O10,train
mp-aaacgaog,K2Li3B(P2O7)2,test
mp-aaacgana,K2Ca4Si8O21,train
mp-aaacgamx,Ga3BN4,train
mp-aaacgamy,K2Al2Si3O10,train
mp-aaacgaof,K2La2B2O7,train
mp-aaacgaop,K2NaZn(BO2)5,test
mp-aaacgaok,K2LiB(PO4)2,train
mp-aaacgaor,K3B(SO4)3,train
mp-aaacgaov,K3La(PO4)2,train
mp-aaacgaoo,K3Zn(BO2)5,train
mp-aaacgaoy,K4P2O7,train
mp-aaacgaow,K3LiP2O7,train
mp-aaacgaol,K2S2O3,train
mp-aaacgaot,K2Zn(PO3)4,train
mp-aaacgaoz,K5B(SO4)4,train
mp-aaacgaon,K2Si(S2O7)3,train
mp-aaacgaom,K2SN2O5,train
mp-aaacgaou,K2ZrSi2O7,train
mp-aaacgapf,KAl9O14,train
mp-aaacgapk,KBe2B3O7,train
mp-aaacgast,La3BN2O3,train
mp-aaacgasm,KNa2BN2,test
mp-aaacgapg,KB(SO4)2,train
mp-aaacgapi,KMg6P7O24,train
mp-aaacgasu,La5S4NO2,train
mp-aaacgape,KAl(PO3)4,train
mp-aaacgasn,KSi2BO6,test
mp-aaacgapl,KBe2B3O7,train
mp-aaacgasw,LaPO4,train
mp-aaacgass,La4B10O21,train
mp-aaacgaph,KB(S2O7)2,test
mp-aaacgasp,KPSO2,test
mp-aaacgasq,La2B8O15,train
mp-aaacgasr,La3Si6N11,train
mp-aaacgasv,LaNO4,train
mp-aaacgavn,LaSi3N5,train
mp-aaacgaxh,Li2S2O7,train
mp-aaacgaxf,Li14P2(N2O)3,test
mp-aaacgaxd,Li2Ca2Si2O7,test
mp-aaacgaxi,Li3B11O18,train
mp-aaacgaxk,Li4Ca2Mg(SiN3)2,train
mp-aaacgavo,LaZn(BO2)5,train
mp-aaacgaxn,Li2PNO2,train
mp-aaacgaxr,Li3AlSiO5,train
mp-aaacgaxt,LiB3O5,train
mp-aaacgaxm,Li5B(SO4)4,train
mp-aaacgaxs,Li6B4O9,train
mp-aaacgaxg,Li2Ge4O9,test
mp-aaacgaxj,Li2B3PO8,train
mp-aaacgaxq,Li3B(PO4)2,train
mp-aaacgbba,Mg2SiO4,test
mp-aaacgaza,Mg(NO3)2,train
mp-aaacgayy,LiCa3Si2N5,train
mp-aaacgazc,LiB(S2O7)2,train
mp-aaacgbbe,MgSi2O5,train
mp-aaacgbaw,LiB(SO4)2,train
mp-aaacgaxu,LiBeBO3,test
mp-aaacgaxy,LiAl(GeO3)2,test
mp-aaacgaxv,Li4P2O7,train
mp-aaacgazb,LiGe2N3,train
mp-aaacgbbc,Mg2SiO4,test
mp-aaacgbay,LiCaMgSiN3,train
mp-aaacgaxz,LiCaAlN2,train
mp-aaacgayz,LiLaO2,train
mp-aaacgbaz,LiMg3P3O11,train
mp-aaacgbax,LiCaAl3N4,train
mp-aaacgbbh,MgSiO3,test
mp-aaacgbbf,MgSiO3,test
mp-aaacgbbm,MgS2O7,train
mp-aaacgbcx,Na2Si(S2O7)3,test
mp-aaacgbcf,Na2Al2Si3O10,train
mp-aaacgbbo,MgSiO3,test
mp-aaacgbci,Na2Be4B4O11,train
mp-aaacgbbn,MgSiO3,test
mp-aaacgbbp,MgSiO3,test
mp-aaacgbck,Na2LiB5(PO7)2,train
mp-aaacgbbi,MgSiO3,test
mp-aaacgbcl,Na2Mg2P3NO9,train
mp-aaacgbcy,Na3Zn(BO2)5,test
mp-aaacgbcg,Na2B4O7,train
mp-aaacgbcj,Na2Ge(S2O7)3,test
mp-aaacgbdr,Na6Si2O7,test
mp-aaacgbdb,Na3Li2Al(SiO4)2,train
mp-aaacgbcz,Na3Al2(PO4)3,train
mp-aaacgbef,KNO3,train
mp-aaacgbdt,Na2ZnB6O11,train
mp-aaacgbdc,Na3LiP2O7,test
mp-aaacgbtj,SrMg3SiN4,train
mp-aaacgbta,Sr4S3O,train
mp-aaacgbto,Sr4Li2Si4N8O,train
mp-aaacgbkr,MgSiO3,test
mp-aaacgbts,NaGa(GeO3)2,train
mp-aaacgbtk,ZrSiO4,train
mp-aaacgbtq,Zn2SiO4,train
mp-aaacgbds,Na2SrMg(PO4)2,train
mp-aaacgbda,Na4Mg3P4O15,train
mp-aaacgbtv,Na5B(SO4)4,train
mp-aaacgbuj,Rb5GaO4,train
mp-aaacgbue,SiP2O7,train
mp-aaacgbuc,SrBe2(PO4)2,train
mp-aaacgbul,Y2SiP4O15,test
mp-aaacgbuu,NaBe(BO2)3,train
mp-aaacgbug,Zn2SiO4,train
mp-aaacgbut,ZnSiO3,train
mp-aaacgbuw,Zr2Ga(PO4)3,train
mp-aaacgbuf,Zn2SiO4,train
mp-aaacgbtu,Y4Si2S3O7,train
mp-aaacgbus,SrZrO3,test
mp-aaacgbuh,SrGe2(BO4)2,train
mp-aaacgbur,RbBe2B3O7,train
mp-aaacgbum,RbMgPO4,train
mp-aaacgbui,Sr2Si(S2O7)4,train
mp-aaacgbuq,Rb5Li6(BO2)11,test
mp-aaacgbvg,Zn2SiO4,train
mp-aaacgbva,Rb2Na(NO3)3,train
mp-aaacgbve,SrMgB2O5,train
mp-aaacgbvn,Rb3Zn(BO2)5,train
mp-aaacgbvd,RbMgBO3,train
mp-aaacgbuy,SrGe(PO4)2,train
mp-aaacgbvh,Sr3BeB6O13,train
mp-aaacgbvq,NaLi2B(PO4)2,train
mp-aaacgbvb,ZnGeO3,test
mp-aaacgbuz,SrMgP3N5O2,train
mp-aaacgbvl,Rb2Ca2(SiO3)3,train
mp-aaacgbvs,NaLaSiO4,train
mp-aaacgbux,SrLiAl3N4,train
mp-aaacgbvr,Sr2LiBeB3O8,test
mp-aaacgbvc,RbB3O5,train
mp-aaacgbvm,Sr3Y2(BO3)4,train
mp-aaacgbwp,Y(NO3)3,train
mp-aaacgbxv,SiGeN2O,train
mp-aaacgbwb,NaSr(PO3)3,train
mp-aaacgbwg,Rb4B2S4O17,train
mp-aaacgbvy,SrBeB2O5,test
mp-aaacgbwf,NaAl(SiO3)2,train
mp-aaacgbvu,Sr3Ge2(B3O8)2,train
mp-aaacgbwo,SrB4O7,train
mp-aaacgbwk,Li4P2O7,train
mp-aaacgbvz,NaB(S2O7)2,test
mp-aaacgbxb,NaCa(PO3)3,train
mp-aaacgbxw,Sr2Ge(S2O7)4,train
mp-aaacgbwc,NaB(SO4)2,train
mp-aaacgbwi,Rb2Li5(BO2)7,train
mp-aaacgbwh,Si(GeN2)2,train
mp-aaacgbwa,RbY(PO3)4,train
mp-aaacgbye,ZnSiN2,train
mp-aaacgbyd,Rb2Si(S2O7)3,train
mp-aaacgbxx,Rb2Li3B(P2O7)2,train
mp-aaacgbyj,Zn2SiO4,train
mp-aaacgbxz,Rb2GeB4O9,train
mp-aaacgbyh,Sr6Y2Al4O15,train
mp-aaacgbzf,PSN9,train
mp-aaacgbyg,Y4AlSiNO8,train
mp-aaacgbyn,Zn2SiO4,train
mp-aaacgbyb,Sr5(Ga3O7)2,test
mp-aaacgbyi,Rb3B(SO4)3,train
mp-aaacgbxy,SrY2Si3O10,test
mp-aaacgbyp,Sr2Ga2O5,train
mp-aaacgbyq,Na7Al4P9O32,train
mp-aaacgbyr,Sr4Li2B12O23,train
mp-aaacgbzg,YBe2B5O11,train
mp-aaacgcdw,Rb2MgSi5O12,test
mp-aaacgcbl,Y(PO3)3,test
mp-aaacgchf,Y(PO3)3,test
mp-aaacgcfg,Rb4Ge3B6O17,train
mp-aaacgcvv,KLiICl,train
mp-aaacgcvy,Rb2Ge(S2O7)3,train
mp-aaacgcvw,H4C,train
mp-aaacgczv,CsNaICl,test
mp-aaacgdbc,H6PbCNCl3,train
mp-aaacgdce,Cd4SF6,train
mp-aaacgdbe,CsPPb(IF3)2,train
mp-aaacgdcq,Ba2NbFeO6,test
mp-aaacgdbw,CeSe2,train
mp-aaacgdcj,Li2SiSnS4,train
mp-aaacgdcy,LuO3,train
mp-aaacgdcg,Cd5(S2Cl)2,train
mp-aaacgdcw,LiGe2(PO4)3,train
mp-aaacgdcu,Ce(As3Ru)4,train
mp-aaacgdde,CsCr5S8,train
mp-aaacgdbd,Na2ZnSe2,test
mp-aaacgdcv,Ce(FeAs3)4,train
mp-aaacgdcx,CdS,train
mp-aaacgddi,VO2,train
mp-aaacgdcc,Sn4SF6,test
mp-aaacgdcl,Cu2Se,train
mp-aaacgdcp,SiO2,train
mp-aaacgdcr,Ce(P3Os)4,train
mp-aaacgdda,NaGe2(PO4)3,train
mp-aaacgdtu,BaNb2(FeO3)4,test
mp-aaachmmj,Ca(CrS2)2,train
mp-aaachmmo,Mg(CoS2)2,train
mp-aaachmop,YMn2O4,train
mp-aaachmod,Ba2MgCu3F14,train
mp-aaachmqc,LiCr2O4,train
mp-aaachmnz,Ba2CaCu3F14,train
mp-aaachmqu,MgV2O4,train
mp-aaachmqe,Li(NiO2)2,train
mp-aaachmqw,Y(NiO2)2,train
mp-aaachmph,Y(FeO2)2,train
mp-aaachmpn,YV2O4,train
mp-aaachmow,Y(CoO2)2,train
mp-aaachmqx,V2ZnO4,train
mp-aaachmsh,AlNi3Se2ClO8,train
mp-aaachmuk,CaTi(PO3)4,train
mp-aaachmrc,Li3Mn4O8,train
mp-aaachmtq,Sb(PO3)4,test
mp-aaachmra,AlV2O4,train
mp-aaachmrn,Mg(FeO2)2,train
mp-aaachmsn,ZnSn(PO3)4,test
mp-aaachmsu,YMo3Se2ClO8,train
mp-aaachmsp,CaSn(PO3)4,train
mp-aaachmti,MgTi(PO3)4,train
mp-aaachmrj,CaCr2O4,train
mp-aaachmru,MgMn2O4,train
mp-aaachmrx,LiMn2O4,train
mp-aaachmue,Ba2ZnCu3F14,train
mp-aaachmtl,AlFe3Se2ClO8,test
mp-aaachmuw,Ba2CaCuBi2F14,train
mp-aaachmwo,SbO2,train
mp-aaachmwl,Nb2TeO8,train
mp-aaachmwx,Mg(MoO3)2,train
mp-aaachmve,Ba2CaCuSb2F14,train
mp-aaachmwm,CaCu(PO3)4,test
mp-aaachmwn,MgSbAs2SeO7,train
mp-aaachmyw,Mg(WO3)2,train
mp-aaachmyd,AlCo4(CuO4)3,train
mp-aaachmxe,V2ZnO6,train
mp-aaachmxb,Ba2MgCuSb2F14,test
mp-aaachmxy,Ba2ZnCuAg2F14,test
mp-aaachmxx,Ca(WO3)2,train
mp-aaachmxo,Zn(WO3)2,train
mp-aaachmzx,Ba2Mn2CuF14,test
mp-aaachmzv,YCr4(CuO4)3,train
mp-aaachmyq,Zn(MoO3)2,train
mp-aaachmyj,MgCu(PO3)4,train
mp-aaachmyl,CaSbAs2SeO7,train
mp-aaachmxr,Ba2ZnCuSb2F14,train
mp-aaachmyo,MgV2O6,train
mp-aaachnbt,Ba2CuMo2F14,test
mp-aaachnbp,CaNi(PO3)4,test
mp-aaachnaq,MgCr(PO3)4,train
mp-aaachnao,MgNi(PO3)4,train
mp-aaachnab,MgCo(PO3)4,test
mp-aaachnah,CaMn(PO3)4,test
mp-aaachncm,Ba2MgFe2CuF14,train
mp-aaachnbe,Ba2MgCuAg2F14,train
mp-aaachnbx,Mo(PO3)4,train
mp-aaachnal,MgMn(PO3)4,test
mp-aaachnas,MgFe(PO3)4,train
mp-aaachncc,Cr9O13,test
mp-aaachnce,MgV(PO3)4,test
mp-aaachnap,CaCo(PO3)4,train
mp-aaachnbc,CaV(PO3)4,test
mp-aaachnbo,CaFe(PO3)4,train
mp-aaachncd,Ba2ZnFe2CuF14,train
mp-aaachneh,ZnP4WO12,train
mp-aaachnco,YCu3(MoO3)4,test
mp-aaachnei,Ba2CaCuMo2F14,test
mp-aaachndu,Ba2MgCr2CuF14,test
mp-aaachndm,Ba2ZnCr2CuF14,test
mp-aaachncp,CaCr(PO3)4,test
mp-aaachnda,Ba2CaMn2CuF14,train
mp-aaachndf,CaP4WO12,test
mp-aaachndr,Ba2Mn2ZnCuF14,test
mp-aaachndg,Sn5O7,train
mp-aaachnez,Ba2MgCuMo2F14,test
mp-aaachnhh,TiZnO2,test
mp-aaachnhj,Ta2Zn2CuO8,train
mp-aaachngc,Mg2Ta2TiO8,train
mp-aaachnfp,MgP4WO12,train
mp-aaachnia,AlW3Se2ClO8,train
mp-aaachnfq,Mg2Ta2SnO8,train
mp-aaachnfi,Ba2MgMn2CuF14,train
mp-aaachngx,ZnSnO2,train
mp-aaachngk,MgTiO2,train
mp-aaachnfl,Ca2Cr9O13,test
mp-aaachnha,Zn2Fe9O13,train
mp-aaachnhb,Mg2Ta2CuO8,train
mp-aaachnic,Mg2Fe9O13,train
mp-aaachngl,Ta2Zn2SnO8,train
mp-aaachngm,Ca2Ta2SnO8,train
mp-aaachnhl,MgSnO2,train
mp-aaachnfx,CaSnO2,train
mp-aaachnko,MgCrO2,train
mp-aaachnjt,Mg(MoO2)4,train
mp-aaachnil,Sr2YTlW2O7,train
mp-aaachnim,CaCuO2,train
mp-aaachnks,Cr5O7,train
mp-aaachnjy,Ba2Ti2TlO7,test
mp-aaachnid,CaTiO2,train
mp-aaachnjg,CaSnO2,train
mp-aaachnlb,ZnFe5O7,train
mp-aaachnlh,MgMnO2,train
mp-aaachnkh,V5O7,train
mp-aaachnkr,Ta2TeO8,train
mp-aaachnmi,Mg2Ta2CoO8,train
mp-aaachnmf,Mg2Ta2CrO8,train
mp-aaachnlt,Sr2YCr2GaO7,train
mp-aaachnlu,ZnCr5O7,test
mp-aaachnmh,Mg2Ta2VO8,train
mp-aaachnni,Mg2Ta2FeO8,train
mp-aaachnma,MgNiO2,train
mp-aaachnmm,SrMgTi(PO4)2,test
mp-aaachnmr,Mg2Ta2MnO8,train
mp-aaachnmv,Ta2VZn2O8,train
mp-aaachnmb,MnZnO2,test
mp-aaachnnf,Ta2Zn2FeO8,test
mp-aaachnnc,Ta2Zn2CrO8,test
mp-aaachnpg,Ca2Ta2NiO8,test
mp-aaachnoh,Sr2YGaNi2O7,test
mp-aaachnny,Mg2Ta2NiO8,train
mp-aaachnps,SrTi(PO4)2,train
mp-aaachnpj,Ca2Ta2CrO8,train
mp-aaachnoe,Ta2Zn2NiO8,train
mp-aaachnop,SrMgSn(PO4)2,test
mp-aaachnol,ZnCrO2,train
mp-aaachnpt,Ca2Ta2CoO8,train
mp-aaachnqe,Sn5(TeO6)3,train
mp-aaachnoc,Ti5(TeO6)3,train
mp-aaachnor,SrMgCu(PO4)2,train
mp-aaachnot,SrZnCu(PO4)2,train
mp-aaachnpx,Ca2Ta2VO8,test
mp-aaachnpw,SrSn(PO4)2,train
mp-aaachnoy,Ta2Zn2CoO8,train
mp-aaachnpk,Ca2Ta2MnO8,train
mp-aaachnqa,SrSb(PO4)2,test
mp-aaachnrx,Ca(BiO2)4,train
mp-aaachnso,MgVO2,test
mp-aaachnsj,SrCaCu(PO4)2,train
mp-aaachnrd,SrCaTi(PO4)2,test
mp-aaachnrs,Mg(BiO2)4,train
mp-aaachntq,MgFeO2,test
mp-aaachnsl,Ta2Zn2WO8,train
mp-aaachnry,Mg(SbO2)4,train
mp-aaachnsy,Zn(SnO2)4,train
mp-aaachnqp,Mg2Ta2WO8,test
mp-aaachnsc,SrCaSn(PO4)2,train
mp-aaachnro,Mg(SnO2)4,train
mp-aaachnte,Zn(SbO2)4,train
mp-aaachnqs,SrZnSn(PO4)2,train
mp-aaachnta,MgCoO2,train
mp-aaachnsm,Zn(BiO2)4,train
mp-aaachnsg,Ca2Ta2FeO8,test
mp-aaachntu,Ca2Ta2WO8,train
mp-aaachnub,ZnFeO2,train
mp-aaachnuo,Ca4Sn5(TeO6)3,test
mp-aaachnuf,Sb5(TeO6)3,train
mp-aaachnvx,Sr2AlCu2SbO7,train
mp-aaachnur,Mg4Sn5(TeO6)3,train
mp-aaachnuu,Ba2Ti3Tl2O10,train
mp-aaachnvg,CaFeO2,test
mp-aaachntz,Bi5(TeO6)3,train
mp-aaachnuk,CaMnO2,train
mp-aaachnup,CaNiO2,train
mp-aaachnus,CaCoO2,train
mp-aaachnvd,CaCrO2,train
mp-aaachnwk,SrMgMn(PO4)2,train
mp-aaachnxj,SrZnCo(PO4)2,train
mp-aaachnwi,Ta2MoO8,train
mp-aaachnyl,Mg4Ti5(TeO6)3,test
mp-aaachnwn,Ta2WO8,train
mp-aaachnys,SrMgCr(PO4)2,train
mp-aaachnxl,Ba2AlTlCo2O7,train
mp-aaachnyg,SrMnZn(PO4)2,train
mp-aaachnwq,Ca4Ti5(TeO6)3,train
mp-aaachnyq,SrMgNi(PO4)2,train
mp-aaachnyb,Ba2YTlNi2O7,train
mp-aaachnyo,SrMgV(PO4)2,train
mp-aaachnxh,Zn4Sn5(TeO6)3,train
mp-aaachnxf,SrMgCo(PO4)2,train
mp-aaachoao,SrMn(PO4)2,train
mp-aaachnzy,SrCaCr(PO4)2,train
mp-aaachnzp,SrCaNi(PO4)2,test
mp-aaachoat,SrCaP2WO8,train
mp-aaachnzm,SrCaV(PO4)2,train
mp-aaachoaa,SrCr(PO4)2,train
mp-aaachnzv,SrZnFe(PO4)2,train
mp-aaachnzt,SrCaMn(PO4)2,train
mp-aaachnyz,SrV(PO4)2,train
mp-aaachnyx,SrCaCo(PO4)2,train
mp-aaachnyt,SrMo(PO4)2,train
mp-aaachnzx,SrMgFe(PO4)2,train
mp-aaachoag,SrCo(PO4)2,test
mp-aaachnze,SrVZn(PO4)2,train
mp-aaachnza,SrZnCr(PO4)2,train
mp-aaachoay,SrP2WO8,train
mp-aaachobw,SrCaFe(PO4)2,test
mp-aaachobx,Mg4Co5(TeO6)3,test
mp-aaachodh,Ca4Cu5(TeO6)3,train
mp-aaachobv,Sr2AlCu2BiO7,train
mp-aaachobz,Ba2Mg2Tl2W3O10,train
mp-aaachoci,Mg4Ni5(TeO6)3,train
mp-aaachodd,Zn(MoO2)4,train
mp-aaachocj,Mn5(TeO6)3,test
mp-aaachodc,Zn4Co5(TeO6)3,train
mp-aaachobs,CaTiPO5,train
mp-aaachodb,Cr5(TeO6)3,train
mp-aaachodi,MgTiSiO5,train
mp-aaachoen,Sr2YGaCo2O7,train
mp-aaachoee,Zn4Cr5(TeO6)3,test
mp-aaachodz,Zn4Ni5(TeO6)3,train
mp-aaachoeo,Sr2AlCr2GaO7,train
mp-aaachodq,SbF5,train
mp-aaachoel,Te3Mo5O18,test
mp-aaachoef,Mg4Cr5(TeO6)3,train
mp-aaachodw,Zn(WO2)4,train
mp-aaachoem,V5Zn4(TeO6)3,test
mp-aaachodp,MgTiPO5,train
mp-aaachofk,Mg4Mn5(TeO6)3,train
mp-aaachoey,SrZnP2WO8,test
mp-aaachofh,Te3W5O18,test
mp-aaachoer,Mg4V5(TeO6)3,train
mp-aaachohz,Zn4Te3W5O18,train
mp-aaachogi,Mg4Fe5(TeO6)3,train
mp-aaachogf,Ca4Co5(TeO6)3,test
mp-aaachogw,MnZnSiO5,train
mp-aaachohg,Mg4Te3W5O18,test
mp-aaachofo,TiZnSiO5,train
mp-aaachohr,ZnCoPO5,test
mp-aaachoho,MgMo3O8,train
mp-aaachogy,Mn5Zn4(TeO6)3,train
mp-aaachohv,MnZnPO5,train
mp-aaachohx,Ca4Cr5(TeO6)3,train
mp-aaachojw,VPO5,train
mp-aaachoku,MgMnF4,train
mp-aaachoif,ZnSiNiO5,train
mp-aaachoin,MgCrSiO5,train
mp-aaachoiq,Ca4Te3W5O18,train
mp-aaachojb,MgMnSiO5,train
mp-aaachoik,MgCrPO5,test
mp-aaachojt,VZnPO5,train
mp-aaachokq,CrPO5,train
mp-aaachoiw,ZnCrPO5,train
mp-aaachojp,CrSiO5,train
mp-aaachoig,Ca4V5(TeO6)3,test
mp-aaachoju,MgCrSF5,test
mp-aaachojm,MgVSiO5,train
mp-aaachokb,ZnCrSF5,train
mp-aaachojo,Sr2YAlCr2O7,train
mp-aaachokf,ZnFePO5,train
mp-aaachoil,MgCoPO5,test
mp-aaachojs,MgMnPO5,train
mp-aaachoki,VZnSiO5,train
mp-aaacholb,Mg2Nb2SnO8,train
mp-aaachomg,Zn(Sn2O3)2,train
mp-aaachoms,Sr2Y2Sn2O7,train
mp-aaacholg,MgNiPO5,train
mp-aaachomv,Sr2AlGaW2O7,train
mp-aaachont,Ca4Fe5(TeO6)3,train
mp-aaachomh,Sr2GaW2O7,train
mp-aaachons,AlWO3,train
mp-aaachomu,Zn2Bi2O5,train
mp-aaachonr,Sb2O3,test
mp-aaacholm,Mg2Nb2TeO8,train
mp-aaachoml,Sr2AlV2GaO7,train
mp-aaacholk,Mg2Nb2CoO8,train
mp-aaacholr,Nb2Zn2FeO8,train
mp-aaachomt,Sr2AlGaCo2O7,train
mp-aaacholn,MgVSF5,train
mp-aaachome,Mg2Nb2WO8,train
mp-aaachomw,Zn2Sb2O5,train
mp-aaacholv,Mg2Nb2AgO8,train
mp-aaachong,Bi2O3,train
mp-aaachomm,Sr2YGaW2O7,train
mp-aaachoof,Ca4Ni5(TeO6)3,train
mp-aaachopk,Mg2Nb2NiO8,train
mp-aaachonw,Sr2YAlNi2O7,train
mp-aaachopc,Nb2Zn2CuO8,train
mp-aaachopb,Mg2Nb2CrO8,train
mp-aaachops,Nb2Zn2CrO8,train
mp-aaachoou,Sr2V2GaO7,train
mp-aaachooy,Mg2Nb2VO8,train
mp-aaachopr,Ca(SbO2)2,train
mp-aaachopx,Nb2Zn2CoO8,test
mp-aaachoqj,Mg(SbO2)2,train
mp-aaachoqh,Zn(SbO2)2,train
mp-aaachoqc,Nb2VZn2O8,train
mp-aaachoom,Sr2YAlCo2O7,test
mp-aaachonz,Sr2YAlW2O7,train
mp-aaachopg,Mg2MnNb2O8,train
mp-aaachoqt,Mg(BiO2)2,train
mp-aaachoql,Ca(BiO2)2,train
mp-aaachosb,Zn(WO2)2,train
mp-aaachoto,BaZn(BiO2)4,train
mp-aaachorp,Sr2YMn2AlO7,test
mp-aaachouf,Nb2Zn2NiO8,train
mp-aaachotf,MgSi2SnO6,train
mp-aaachosn,CaCuO2,train
mp-aaachorz,Mg(WO2)2,train
mp-aaachorb,Zn(BiO2)2,train
mp-aaachota,Nb2MoO8,train
mp-aaachosr,ZnNiO2,train
mp-aaachosy,ZnSnO2,train
mp-aaachosk,MgTi3(P2O7)2,train
mp-aaachotq,MgSn3(P2O7)2,train
mp-aaachord,BaMg(BiO2)4,test
mp-aaachotz,ZnSi2SnO6,train
mp-aaachoth,Nb2WO8,train
mp-aaachovz,Sr2YAlFe2O7,train
mp-aaachovv,Zn3Si4(MoO7)2,train
mp-aaachoup,Nb2CrO8,train
mp-aaachowq,Ca(AgO2)2,test
mp-aaachovw,Zn(AgO2)2,train
mp-aaachowa,ZnSbAsO5,train
mp-aaachovs,Ca2Nb2NiO8,train
mp-aaachouv,Ca2AlMoO5,test
mp-aaachovn,Ca(SnO2)2,train
mp-aaachovy,CaBiAsO5,train
mp-aaachowk,Ca2Nb2CrO8,test
mp-aaachoxg,Nb2Zn2WO8,train
mp-aaachoxi,Sr2Y2Fe2O7,train
mp-aaachowm,ZnBiAsO5,train
mp-aaachowb,Ca2Nb2CoO8,train
mp-aaachoxb,Ti3(P2O7)2,train
mp-aaachovx,Zn(SbO2)2,train
mp-aaachowf,Zn(BiO2)2,train
mp-aaachoyq,VZn2IrO6,train
mp-aaachoyc,CaSn3(P2O7)2,train
mp-aaachoyv,BaCa(SbO2)4,test
mp-aaachoxv,ZnFeO2,train
mp-aaachoxp,YTe(WO4)2,test
mp-aaachoxl,Sn3(P2O7)2,train
mp-aaachoxy,MgVAsO5,test
mp-aaachoyu,Sr2Y2Cr2O7,test
mp-aaachoyd,MoO2,train
mp-aaachoyf,CaTi3(P2O7)2,train
mp-aaachozm,YAg(WO4)2,train
mp-aaachozo,Mg2TaWO6,test
mp-aaachoxm,CaSbAsO5,test
mp-aaachozh,ZnFeAsO5,train
mp-aaachozc,Sr2YAlV2O7,train
mp-aaachozl,AlCu(WO4)2,test
mp-aaachozj,CaCu3(P2O7)2,train
mp-aaachpbg,Zn(CuO2)2,train
mp-aaachpaz,Mg2VWO6,train
mp-aaachpbu,Mg2MoWO6,test
mp-aaachpah,BaCa(BiO2)4,train
mp-aaachozv,Sr2Y2Co2O7,test
mp-aaachpav,Mg(CuO2)2,train
mp-aaachpar,Zn(BiO2)2,train
mp-aaachpay,Ca(CuO2)2,test
mp-aaachpap,Ca2VWO6,test
mp-aaachpbd,ZnMoAsO5,train
mp-aaachpbx,YCo(WO4)2,train
mp-aaachpai,Ca(AgO2)2,test
mp-aaachpcg,Mg2BiWO6,test
mp-aaachpco,Mg2TiWO6,train
mp-aaachpcm,Mg2SnWO6,test
mp-aaachpch,CaP2WO7,train
mp-aaachpcl,Mg2MnWO6,train
mp-aaachpci,Ca(SnO2)2,train
mp-aaachozt,Mg2CoWO6,train
mp-aaachpba,ZnCu3(P2O7)2,train
mp-aaachpbt,AlAg(WO4)2,train
mp-aaachpdg,Ca2AgWO6,train
mp-aaachpek,Sr2Y2W2O7,train
mp-aaachpct,YV(WO4)2,train
mp-aaachpeq,Mg(AgO2)2,test
mp-aaachpda,Mg2FeWO6,train
mp-aaachpcy,VZn2WO6,test
mp-aaachpcx,CaMoAsO5,train
mp-aaachpfo,MgFeAsO5,test
mp-aaachpej,Mg(WO2)2,train
mp-aaachpep,Zn(SnO2)2,test
mp-aaachpeu,Zn(AgO2)2,train
mp-aaachpcr,Mg2AgWO6,train
mp-aaachpfn,Mg(SnO2)2,train
mp-aaachpdy,Ca2BiWO6,test
mp-aaachpee,WO2,train
mp-aaachpdu,Mg2CrWO6,test
mp-aaachpem,MgAsWO5,train
mp-aaachpen,Ca2MoWO6,train
mp-aaachpfe,Ca2SbWO6,train
mp-aaachpfx,Mg(CuO2)2,train
mp-aaachpgn,Ca(MoO2)2,train
mp-aaachpfz,Mg2SbWO6,train
mp-aaachpfq,AsWO5,train
mp-aaachpgg,CaMn2O4,train
mp-aaachpgm,MgMn2O4,train
mp-aaachpip,YSb(WO4)2,test
mp-aaachphk,MnZn2WO6,train
mp-aaachphi,Zn2SnWO6,train
mp-aaachphj,Ca(SbO2)2,train
mp-aaachpil,Mn2ZnO4,train
mp-aaachpih,Zn(SbO2)2,train
mp-aaachpif,Mg(MoO2)2,train
mp-aaachpij,Ca(BiO2)2,train
mp-aaachphz,Nb2Zn2TeO8,train
mp-aaachpjw,Mg(SbO2)2,train
mp-aaachpjx,SnO2,train
mp-aaachpka,BiF5,train
mp-aaachpiy,TaF5,train
mp-aaachpme,Ca2YVO5,train
mp-aaachpmc,YTa(WO4)2,test
mp-aaachpmk,Zn(MoO2)2,train
mp-aaachpkv,Mg2TeWO6,test
mp-aaachpkd,YCr(WO4)2,train
mp-aaachpjm,Ca3Co3(AsO4)4,train
mp-aaachple,Zn2FeWO6,train
mp-aaachplv,Zn(BiO2)2,train
mp-aaachpmb,Ca(CuO2)2,test
mp-aaachpjr,Mg(BiO2)2,train
mp-aaachpnz,Ca3Cr3(AsO4)4,test
mp-aaachpoo,AlBi3F15,train
mp-aaachpmp,Ti3AlF15,train
mp-aaachpmm,AlNi(WO4)2,train
mp-aaachpoh,Ca3Mn3(AsO4)4,train
mp-aaachpmu,YMo(WO4)2,train
mp-aaachpoi,Ca2YCoO5,train
mp-aaachpmw,Ca(WO2)2,test
mp-aaachpoa,Sn3(AsO4)4,train
mp-aaachpop,Ca2YCrO5,train
mp-aaachpoc,YFe(WO4)2,train
mp-aaachpon,ZnSn3(P2O7)2,train
mp-aaachpoe,YW3O8,train
mp-aaachpns,Ca(AgO2)2,test
mp-aaachpna,Zn(NiO2)2,train
mp-aaachpms,AlSn3F15,test
mp-aaachpnp,Ti3(AsO4)4,train
mp-aaachpog,Ca2YMnO5,train
mp-aaachpnm,ZnAsWO5,train
mp-aaachpot,Mg3Cr3(AsO4)4,train
mp-aaachpqh,Zn(AgO2)2,train
mp-aaachpoq,Zn2TeWO6,train
mp-aaachpor,Ca3Ni3(AsO4)4,train
mp-aaachpre,Mg(SbO2)2,train
mp-aaachpqd,Mg(BiO2)2,train
mp-aaachppr,Ca3Fe3(AsO4)4,test
mp-aaachpps,YTi(WO4)2,test
mp-aaachppm,YMn(WO4)2,train
mp-aaachppn,Ca2YFeO5,test
mp-aaachpru,YSn3F15,test
mp-aaachppu,Ca2MnNb2O8,train
mp-aaachpqx,Ca(SbO2)2,train
mp-aaachpqv,Ca3Sn3(AsO4)4,train
mp-aaachpro,AlMo(WO4)2,test
mp-aaachpqu,AlFe(WO4)2,train
mp-aaachppq,YTi3F15,test
mp-aaachpqz,YBi3F15,train
mp-aaachpsb,Zn(SbO2)2,train
mp-aaachpti,Mg(MoO2)2,train
mp-aaachpug,Zn(MoO2)2,train
mp-aaachpsp,MoF5,train
mp-aaachpse,Zn(BiO2)2,train
mp-aaachpsv,TiAl(WO4)2,train
mp-aaachpsy,WO2,train
mp-aaachpuf,Ca(CuO2)2,test
mp-aaachpun,Mg(CoO2)2,test
mp-aaachpux,Zn(CoO2)2,train
mp-aaachpuj,TaAl(WO4)2,train
mp-aaachptx,MgCr2O4,test
mp-aaachpsx,WF5,test
mp-aaachpuc,Ca(MoO2)2,train
mp-aaachpsz,Co(WO4)2,train
mp-aaachpsj,Zn(CuO2)2,train
mp-aaachpsq,Co3(AsO4)4,train
mp-aaachptk,Mg(SnO2)2,train
mp-aaachpua,Mg(WO2)2,train
mp-aaachpvk,ZnCr2O4,train
mp-aaachpve,AlAg(WO4)2,train
mp-aaachpwp,Ca(WO2)2,test
mp-aaachpvz,Mg(AgO2)2,test
mp-aaachpxc,AlCo(WO4)2,train
mp-aaachpxe,Mg(MoO2)2,train
mp-aaachpxa,Zn(WO2)2,train
mp-aaachpya,TiAl(WO4)2,train
mp-aaachpyi,Al(WF5)3,train
mp-aaachpxo,Ca(CoO2)2,train
mp-aaachpuz,V2ZnO4,train
mp-aaachpwj,CaCr2O4,train
mp-aaachpwv,V(WO4)2,train
mp-aaachpyl,Ca2Nb2FeO8,train
mp-aaachpxq,Ca2TeWO6,train
mp-aaachpwf,Zn(FeO2)2,train
mp-aaachpvy,Ca(CoO2)2,train
mp-aaachpwd,Zn(MoO2)2,train
mp-aaachqac,PWO4,test
mp-aaachpzn,Zn3Co3(AsO4)4,train
mp-aaachpyw,AlCu(WO4)2,test
mp-aaachpyv,Mg3Mn3(AsO4)4,test
mp-aaachpzb,Mg3Co3(AsO4)4,train
mp-aaachpzw,LaMgCrCoO6,test
mp-aaachpzs,Mg(BiO2)2,train
mp-aaachpzy,CuMoO4,train
mp-aaachqad,Mn3ZnP3O13,test
mp-aaachqag,MgMo4O9,train
mp-aaachpyp,Mg(SbO2)2,train
mp-aaachqab,MgP3W3O13,train
mp-aaachpzm,Mg(SnO2)2,train
mp-aaachpzo,Zn3Cr3(AsO4)4,train
mp-aaachqbp,CaMo3P3O13,train
mp-aaachqai,MgMn3P3O13,train
mp-aaachqan,V3ZnP3O13,test
mp-aaachqal,Be3Si3(MoO6)2,train
mp-aaachqbn,ZnCo3P3O13,train
mp-aaachqaw,ZnMo4O9,train
mp-aaachqaz,Be3Fe2(SiO4)3,train
mp-aaachqby,BaMgVF7,train
mp-aaachqcc,CaV3P3O13,train
mp-aaachqaj,ZnFe3P3O13,train
mp-aaachqbw,BaMgMoF7,train
mp-aaachqah,CuWO4,train
mp-aaachqch,BaMgCrF7,test
mp-aaachqck,BaMgMnF7,train
mp-aaachqco,BaMgCoF7,train
mp-aaachqcu,MgTi2Be3(SiO4)3,train
mp-aaachqdj,MgCo3P3O13,train
mp-aaachqdi,CaMn3P3O13,train
mp-aaachqcr,CaCr3P3O13,train
mp-aaachqdp,CaCo3P3O13,train
mp-aaachqcx,CaP3W3O13,train
mp-aaachqed,BaMnZnF7,test
mp-aaachqef,BaCaCrF7,test
mp-aaachqdz,Be3Cr2(SiO4)3,train
mp-aaachqdq,BaMgFeF7,test
mp-aaachqdw,BaMgWF7,train
mp-aaachqdy,BaZnMoF7,train
mp-aaachqeg,BaZnCrF7,test
mp-aaachqei,BaMgNiF7,train
mp-aaachqee,BaVZnF7,train
mp-aaachqeq,Mo3P3O13,train
mp-aaachqes,BaZnCoF7,train
mp-aaachqfr,BaCaCoF7,train
mp-aaachqfp,BaWF7,train
mp-aaachqgu,Ca(SbO2)4,train
mp-aaachqez,BaCaMoF7,train
mp-aaachqex,V3P3O13,train
mp-aaachqgd,Be3Si3(WO6)2,train
mp-aaachqfw,BaCaVF7,train
mp-aaachqfa,BaZnWF7,train
mp-aaachqff,Be3V2(SiO4)3,train
mp-aaachqfq,BaCaFeF7,train
mp-aaachqfu,BaZnNiF7,test
mp-aaachqgb,BaMoF7,train
mp-aaachqgp,BaCaNiF7,test
mp-aaachqfs,BaCaMnF7,train
mp-aaachqgc,BaCaWF7,train
mp-aaachqhf,Ca(SnO2)4,test
mp-aaachqhi,Ca(BiO2)4,train
mp-aaachqji,Sr2AlGaCu2O7,train
mp-aaachqig,Mg(BiO2)4,train
mp-aaachqhh,Mg(SbO2)4,train
mp-aaachqhv,Zn(BiO2)4,train
mp-aaachqhk,ZnSnP2O7,train
mp-aaachqiz,Sr2AlGaSn2O7,train
mp-aaachqii,Sr2YGaSn2O7,test
mp-aaachqip,CaMo4O9,test
mp-aaachqke,Sr2GaSn2O7,train
mp-aaachqlm,CaCuP2O7,train
mp-aaachqjv,Sr2Ti2GaO7,train
mp-aaachqkb,MgW4O9,test
mp-aaachqlw,BaTi4AlO7,train
mp-aaachqkv,Sr2YAlSn2O7,train
mp-aaachqpg,CaMnO2,train
mp-aaachqod,BaSb4O7,train
mp-aaachqph,BaSn4O7,test
mp-aaachqmo,CaP4W3O14,train
mp-aaachqmu,CaCoO2,train
mp-aaachqoo,Sb3Se2ClO8,train
mp-aaachqob,BaBi4O7,test
mp-aaachqqt,MgCoP2O7,train
mp-aaachqrw,CaNiO2,train
mp-aaachqrf,YSn3Se2ClO8,test
mp-aaachqry,MgCrP2O7,train
mp-aaachqrs,MnZnP2O7,test
mp-aaachqrr,MgNiP2O7,train
mp-aaachqsb,MgFeP2O7,train
mp-aaachqrb,VZnP2O7,train
mp-aaachqrn,MgCr2O4,test
mp-aaachqrd,MgVP2O7,test
mp-aaacpktn,HI3,train
mp-aaacpkxx,Li2TlSb,train
mp-aaacpkxw,Li2InBi,test
mp-aaacpkyk,Li2NdGa,test
mp-aaacpkym,Li2SmAl,test
mp-aaacpkyv,KRbAu2,train
mp-aaacpldu,Li2YAl,train
mp-aaacplfj,LaP5,train
mp-aaacplgp,La5Al2Ru3,train
mp-aaacplfv,Li10Co4O9,train
mp-aaacplgm,Li10Ni4O9,train
mp-aaacplhw,LaCoO3,train
mp-aaacplha,LaSbTe,train
mp-aaacplio,ErMg149,train
mp-aaacpljb,LiPaO3,test
mp-aaacplkn,LiF,train
mp-aaacplja,LiPd2Au,test
mp-aaacplkl,EuMg149,test
mp-aaacpljo,Fe3O4,test
mp-aaacpllf,LiCl,train
mp-aaacpllb,Li3La3(MoO6)2,train
mp-aaacpllp,LiAcRh2,test
mp-aaacplrp,LuAlO3,train
mp-aaacplrs,LuGaO3,train
mp-aaacplsc,LuNpO3,train
mp-aaacplrr,LuF3,train
mp-aaacplsr,HfMg149,train
mp-aaacpltc,Li95Mn16O64,test
mp-aaacplsz,Mg(BH4)2,train
mp-aaacplue,CsTaO3,train
mp-aaacpltp,Cs2HgTe,test
mp-aaacplub,Mg149Br,train
mp-aaacpltj,LiNd6B3O13F2,train
mp-aaacpltm,HoMg149,train
mp-aaacplty,CsRb2Bi,train
mp-aaacplui,Mg149H,train
mp-aaacpluj,Mg149Bi,train
mp-aaacpluh,Mg149Ru,test
mp-aaacplux,CsAs(HO2)2,train
mp-aaacpluu,Mg149Pt,train
mp-aaacplur,Mg149Mo,train
mp-aaacpluw,Mg149Pb,test
mp-aaacpluz,Mg149Au,train
mp-aaacplvi,Mg149Rh,train
mp-aaacplvf,Mg149Hg,test
mp-aaacplvj,Mg149Re,train
mp-aaacplvg,Mg149Pd,train
mp-aaacplvq,Mg149I,train
mp-aaacplvs,Mg149Fe,test
mp-aaacplvp,Mg149Nb,train
mp-aaacplvm,Mg149Be,train
mp-aaacplvr,Mg149Ag,train
mp-aaacplvl,Mg149Cr,train
mp-aaacplvt,Mg149P,train
mp-aaacplvv,LuMg149,train
mp-aaacplvw,Mg149Al,train
mp-aaacplvx,Mg149Ga,train
mp-aaacplvz,Mg149Ni,train
mp-aaacplvu,Mg149In,test
mp-aaacplxb,Mg149Mn,train
mp-aaacplxg,Mg149Se,test
mp-aaacplxc,Mg149Sb,test
mp-aaacplxi,Mg149Si,train
mp-aaacplxf,Mg149Sc,test
mp-aaacplxj,Mg149Tl,train
mp-aaacplxp,Mg149V,train
mp-aaacplxl,Mg149Sn,train
mp-aaacplxo,Mg149Ta,train
mp-aaacplxk,Mg149Tc,train
mp-aaacplxm,Mg149Te,train
mp-aaacplxn,Mg149Ti,train
mp-aaacplxq,Mg149Zn,train
mp-aaacplyd,Mg149Zr,train
mp-aaacpmcb,Mg2Al2O5,train
mp-aaacpmcw,Mg2Si2O5,train
mp-aaacpmen,Mg2NiH4,test
mp-aaacpuiz,Fe3(PO8)2,train
mp-aaacpujo,Ba3SmInS6,test
mp-aaacpuik,CeVO4,train
mp-aaacpuij,TmCO4,train
mp-aaacpuim,CsS2(O3F)2,train
mp-aaacpuiv,Te2H2O3F4,train
mp-aaacpujp,GdCO4,train
mp-aaacpuis,TlHgAsS3,train
mp-aaacpujh,RbGaH4,train
mp-aaacpuir,K2Cr4CdO16,train
mp-aaacpujf,CsGaH4,test
mp-aaacpuiu,Ca(BH4)2,train
mp-aaacpukf,Na4W4O15,train
mp-aaacpukc,Hg4S(ICl2)2,train
mp-aaacpukg,Tb3SbO7,train
mp-aaacpujz,TmCrB4,train
mp-aaacpuko,BaCoAs2O7,train
mp-aaacpukr,PrVO4,train
mp-aaacpujt,GdPS,train
mp-aaacpuki,FeB4O7,test
mp-aaacpukb,MgMn2As2(PbO9)2,train
mp-aaacpujs,WO3,train
mp-aaacpuli,Gd3CuSiS7,train
mp-aaacpulu,Rb4Sn(Te2O)2,train
mp-aaacpumi,Ce3AlCdS7,train
mp-aaacpule,GdMnGe2O7,test
mp-aaacpulk,HoCO4,train
mp-aaacpumt,La3AlCdS7,train
mp-aaacpuno,UTe(PbO4)2,test
mp-aaacpunj,KZn(BO2)3,train
mp-aaacpumz,UH3CO6,test
mp-aaacpuns,NpPH3CO5,train
mp-aaacpunw,Tb8Ga3Co,train
mp-aaacpunx,NdP3(HO2)6,test
mp-aaacpumu,BaNb6O17,train
mp-aaacpumy,Co(IO4)2,train
mp-aaacpuon,CaAl2(OF)4,train
mp-aaacpuoa,Li2In2GeS6,train
mp-aaacpuoq,LaPS,train
mp-aaacpuov,Sr2CuH2(SeO3)4,train
mp-aaacpupl,Na3Sc(BO3)2,train
mp-aaacpuof,LiEuAsS3,train
mp-aaacpupa,VIn(SeO4)2,train
mp-aaacpupf,Eu4I6O,train
mp-aaacpuot,K2CuTeO7,train
mp-aaacpuoz,FeH10S2(NO2)4,test
mp-aaacpupj,K2FeP2O7,train
mp-aaacpuqt,NaH5CO4,test
mp-aaacpuqp,HoCrB4,test
mp-aaacpuqv,ZrS2O9,test
mp-aaacpurl,SmPS,train
mp-aaacpure,MnFe2(PO9)2,train
mp-aaacpura,CsRbC2,train
mp-aaacpurj,NpCO4,train
mp-aaacpurb,PuP2H2CO6,train
mp-aaacpuqg,Sr4BiO7,train
mp-aaacpuro,La3BeSbS7,train
mp-aaacpurn,Na2TiH4O5,train
mp-aaacputa,CsHCO3,train
mp-aaacpurv,K2Cr2O7,train
mp-aaacputd,V2FeAgO7,train
mp-aaacpusg,Zn(BH4)2,test
mp-aaacpusq,ErPS,test
mp-aaacpusr,Sm3SbO7,train
mp-aaacpuru,Nd3GaFeS7,train
mp-aaacputh,AsS2,train
mp-aaacpusy,Er3CuSnS7,train
mp-aaacputg,La4CrS7,train
mp-aaacpuue,CsCdBO3,test
mp-aaacpuuv,Li3As,train
mp-aaacputv,KMoO4,train
mp-aaacpuuu,CuH2PbSO6,train
mp-aaacputk,MnSeO4,train
mp-aaacpuuo,NiH12(N3O2)2,train
mp-aaacpuus,VCuBi2O7,train
mp-aaacputt,TePIr,train
mp-aaacputj,La3BeGaS7,train
mp-aaacputx,Mo2N2O7,train
mp-aaacpuub,VO2F3,train
mp-aaacpuum,H2S,train
mp-aaacputu,KHgI3O,train
mp-aaacpuuw,KH3CN,train
mp-aaacpuvu,K3NaMnCl6,train
mp-aaacpuuz,Mg(ClO4)2,train
mp-aaacpuvz,Ce7ZrO16,train
mp-aaacpuvb,Co(C2O3)2,train
mp-aaacpuvp,Na2BSO4F3,train
mp-aaacpuvf,Te8RuCl2,train
mp-aaacpuvt,CoBr2(N3O)2,test
mp-aaacpuvj,NdPS,train
mp-aaacpuxl,BaReH9,test
mp-aaacpuwm,LiCr(MoO4)2,train
mp-aaacpuxt,LiHo(WO4)2,train
mp-aaacpuya,YF3,train
mp-aaacpuxr,Na3H2OsO6,test
mp-aaacpuwp,Gd3MnGaS7,train
mp-aaacpuws,K2H3CO4F,train
mp-aaacpuxk,TlAgTeO3,train
mp-aaacpuye,Sr2MnSi2O7,train
mp-aaacpuxf,SmP2H2CO6,train
mp-aaacpuym,NaCe3GeS7,test
mp-aaacpuyu,FeSiO4,train
mp-aaacpuyx,ScBr3O7,train
mp-aaacpuyr,HgWO4,train
mp-aaacpuyq,BaTeO4,train
mp-aaacpuzm,BaSiC,test
mp-aaacpuzn,BAsH4NO4F,train
mp-aaacpuyo,Sm3GaFeS7,train
mp-aaacpuzb,KPb2C2O6F,test
mp-aaacpvax,BaZnTe2O7,train
mp-aaacpvab,MgO,train
mp-aaacpuzz,LiCa3OsO6,train
mp-aaacpvao,Mg(C2O3)2,train
mp-aaacpvap,Ag5TePO4,train
mp-aaacpvbc,Gd3BeCrS7,train
mp-aaacpvbd,Li2In2SiSe6,test
mp-aaacpvbm,KBaAsSe3,test
mp-aaacpvbv,CuH10Se2(NO5)2,train
mp-aaacpvcc,Na2VNiF7,train
mp-aaacpvbx,CsSO4,train
mp-aaacpvbu,Ho8Ga3Co,train
mp-aaacpvdg,La3AlZnS7,train
mp-aaacpvdf,CsV2CrO7,train
mp-aaacpvcq,In2As2Cl2O5,train
mp-aaacpvcs,Tl4CuTeO6,train
mp-aaacpvdc,C2SNOF,train
mp-aaacpvdq,SmCrB4,train
mp-aaacpveo,Nd4FeS7,train
mp-aaacpvdy,Gd3NbO7,train
mp-aaacpvdw,KAgCO3,train
mp-aaacpvea,CeBr3O7,train
mp-aaacpvek,TbB4W,train
mp-aaacpves,Ni(NO4)2,train
mp-aaacpvel,Li2In2SiS6,train
mp-aaacpvey,Ag5PSeO4,test
mp-aaacpvet,Dy3AlFeS7,train
mp-aaacpvfn,Na3CaMg3AlF14,train
mp-aaacpvfp,PrCrB4,train
mp-aaacpvfv,AlH6IO4,test
mp-aaacpvgn,KU(TeO4)2,train
mp-aaacpvgs,CdIClO3,train
mp-aaacpvhc,CdH10S2(NO2)4,train
mp-aaacpvfr,RbVOF3,train
mp-aaacpvga,S4I2O15,test
mp-aaacpvgl,CsB3H8,train
mp-aaacpvha,NaB3H8,train
mp-aaacpvgi,Cs3SnPSe7,train
mp-aaacpvhb,FeRe2(H2O3)4,test
mp-aaacpvhe,CaGe(PO4)2,test
mp-aaacpvif,AlH6BrO4,train
mp-aaacpvhj,RbTlF4,test
mp-aaacpvil,Rb2As2Se6O,train
mp-aaacpvhg,Ti6H2O13,train
mp-aaacpvie,CsH3AuN,train
mp-aaacpvhn,MgSO4,train
mp-aaacpvhk,Na2GeO9,train
mp-aaacpvhw,BiC4S2Cl3O2,test
mp-aaacpvia,CsP2(HO2)3,train
mp-aaacpvhx,CsGd(MoO4)2,train
mp-aaacpvip,Sr3(CoO3)2,train
mp-aaacpviq,GdBN2,test
mp-aaacpvjb,VN(OF)2,train
mp-aaacpvji,CoH2Cl2O,train
mp-aaacpvjp,LaP3O7,train
mp-aaacpvjf,Rb2Pt(CN)4,train
mp-aaacpvjd,La3BeAlS7,train
mp-aaacpvjq,La3BeInS7,train
mp-aaacpvjk,NaSr3Be3B3O9F4,train
mp-aaacpvjv,MgO,train
mp-aaacpvke,KTeO4,train
mp-aaacpvkj,Ag2S2O7,train
mp-aaacpvjr,Nd3TaO7,train
mp-aaacpvkn,LiAlH4,train
mp-aaacpvkr,SmH3,train
mp-aaacpvkt,Tl2Pd(CN)4,train
mp-aaacpvjs,SmBN2,train
mp-aaacpvmf,BaTh(PO4)2,train
mp-aaacpvky,BaZnF4,train
mp-aaacpvmc,Co2Sb2O7,train
mp-aaacpvlt,ErB4W,test
mp-aaacpvlp,KVOF3,train
mp-aaacpvlr,Cd3(BO3)2,train
mp-aaacpvmd,FeSiO4,train
mp-aaacpvlg,Nd2Mn3(SbS3)4,train
mp-aaacpvll,Cs2Cu2Sb2Se5,train
mp-aaacpvld,BaC2,train
mp-aaacpvmj,K2H4Pd(N2O5)2,train
mp-aaacpvnv,Ba2MnGe2O7,train
mp-aaacpvms,Fe3(PO8)2,train
mp-aaacpvmt,Mg(BH4)2,train
mp-aaacpvnt,LiGaH4,train
mp-aaacpvnl,Er2TlCu3S5,train
mp-aaacpvnz,Rb2Zn5As4,train
mp-aaacpvob,LiDy(WO4)2,train
mp-aaacpvmu,Si(NF2)2,train
mp-aaacpvnh,LiBH4,train
mp-aaacpvnd,Tl3V5O14,train
mp-aaacpvml,LiEr(WO4)2,train
mp-aaacpvns,NdBN2,train
mp-aaacpvmy,U2CuSi2O17,train
mp-aaacpvna,Zn2TeMoO7,train
mp-aaacpvos,BaCr2(P2O7)2,train
mp-aaacpvpk,KHo(WO4)2,train
mp-aaacpvpc,TmPS,train
mp-aaacpvoi,DyB4W,train
mp-aaacpvor,KCd(CO2)3,test
mp-aaacpvph,DyPS,train
mp-aaacpvpl,MgO,train
mp-aaacpvpd,AuC4(N2O)2,train
mp-aaacpvpg,Dy3GaFeS7,train
mp-aaacpvou,La3GaFeS7,train
mp-aaacpvpo,C3S7O,train
mp-aaacpvop,NaH4ClO6,train
mp-aaacpvpe,Sr2LiH2N,train
mp-aaacpvqg,LiDySn,train
mp-aaacpvqd,BaH2Br2O7,test
mp-aaacpvpr,CdGe4C8(S5N)2,train
mp-aaacpvpy,DyCO4,test
mp-aaacpvps,Ba7In2(Se3F4)2,train
mp-aaacpvqb,KHo2Cu3Se5,test
mp-aaacpvpz,NaCdAsS3,train
mp-aaacpvqp,Gd3AlZnS7,train
mp-aaacpvqi,Rb3NiO2,train
mp-aaacpvqj,NaHCO3,train
mp-aaacpvqw,CaBHO3,train
mp-aaacpvqf,As3Pb2BrO6,train
mp-aaacpvri,Sm3TaO7,train
mp-aaacpvqx,ErCO4,test
mp-aaacpvrb,CuIO4,train
mp-aaacpvra,NaMnP2O7,train
mp-aaacpvrz,Sm2Mn3(SbS3)4,train
mp-aaacpvsj,Mg(BH4)2,train
mp-aaacpvrt,Mn3TeP2Pb3O14,train
mp-aaacpvsl,Ho8In3Co,train
mp-aaacpvtq,MnMoH2SeO7,test
mp-aaacpvst,KEr2Cu3Se5,train
mp-aaacpvsv,MnC5IO5,train
mp-aaacpvuc,SrSO4,train
mp-aaacpvth,MnH2Cl2O,train
mp-aaacpvtn,Li3Al(BO3)2,train
mp-aaacpvtv,Pr2Mn3(SbS3)4,test
mp-aaacpvtw,NaWO4,train
mp-aaacpvsq,TbCO4,train
mp-aaacpvtl,PtBr3N2,train
mp-aaacpvvl,AgBi(WO4)2,train
mp-aaacpvuj,Mn(PO4)2,train
mp-aaacpvvs,K3Pr(PO4)2,test
mp-aaacpvve,Na5Sm4Si4O16F,train
mp-aaacpvvw,La3BeCrS7,test
mp-aaacpvvx,Sr3LiAs2H,train
mp-aaacpvvc,Nb2PbO6,train
mp-aaacpvvh,Pr4MnS7,test
mp-aaacpvwk,Na5Pr4Si4O16F,train
mp-aaacpvwn,Ba3AlP3,train
mp-aaacpvvy,PrMoO4F,test
mp-aaacpvwc,SrGdCuS3,test
mp-aaacpvwf,Dy3Te3N,train
mp-aaacpvvz,Cs2Mn(TeS3)2,train
mp-aaacpvwe,HgTe2(OF5)2,train
mp-aaacpvwj,BaYZn3GaO7,test
mp-aaacpvxe,Na5Gd4Si4O16F,train
mp-aaacpvww,V2CuO8,train
mp-aaacpvwv,HgTeO3F,train
mp-aaacpvwy,DyWBrO4,train
mp-aaacpvwt,Na2PtF6,train
mp-aaacpvwh,CsHo2Cu3Se5,test
mp-aaacpvws,AlTlSiO4,train
mp-aaacpvwo,K(GeAs)3,train
mp-aaacpvwq,Ba3AlAs3,train
mp-aaacpvxl,Si(SnS2)2,train
mp-aaacpvya,RbCuAg2(CN)4,train
mp-aaacpvxr,Na5Ho4Si4O16F,train
mp-aaacpvxv,MgSi(HO)6,train
mp-aaacpvxm,K3Tm(PO4)2,train
mp-aaacpvym,SrGaH5,train
mp-aaacpvyj,B2Pb2O5,train
mp-aaacpvxh,Sr14(SnAs4)3,train
mp-aaacpvxs,RbH2(IO3)3,train
mp-aaacpvyh,CsHSO4,train
mp-aaacpvyk,KMnH3(CO2)3,train
mp-aaacpvyb,CsInTe3O8,train
mp-aaacpvxt,HgP2(PdO4)2,test
mp-aaacpvxf,RbLi2CdC2O6F,train
mp-aaacpvxj,Hg3Bi2(TeCl4)2,train
mp-aaacpvxx,Rb(SnAs)3,train
mp-aaacpvyf,BaGePbO4,train
mp-aaacpvzb,Ba(ErS2)2,train
mp-aaacpvzd,KBaMnO4,train
mp-aaacpvzr,TmWBrO4,train
mp-aaacpvzp,K3NpO8,train
mp-aaacpvyp,Sr3NbGa3(SiO7)2,train
mp-aaacpvzn,HoWBrO4,train
mp-aaacpvys,TeC2Se2(N2Cl)2,train
mp-aaacpvzt,SbIrXeF12,train
mp-aaacpvze,CeMoO4F,train
mp-aaacpvzo,RbNb2PSe10,train
mp-aaacpvyv,Na5Pr4Ge4O16F,test
mp-aaacpvzi,Pb2SeN2O9,train
mp-aaacpwaq,RbMg(ClO2)3,train
mp-aaacpwao,Sr2V3HO9,test
mp-aaacpwbc,Na5Tb4Si4O16F,test
mp-aaacpwah,PdC4(Br2N)2,train
mp-aaacpwad,LaCl3O7,test
mp-aaacpwba,K5Pr4Si4O16F,train
mp-aaacpwaf,Ir(SeBr3)3,train
mp-aaacpvzy,DyMoBrO4,train
mp-aaacpwaz,Rb2ZnBr4,test
mp-aaacpwbe,Fe2SiO4,train
mp-aaacpwbg,H3CO2F,train
mp-aaacpway,Al2Te2Cl7,train
mp-aaacpwas,Nd4MnS7,test
mp-aaacpwai,CuAgPO4,train
mp-aaacpwbt,Cs2Th(AsO4)2,train
mp-aaacpwcl,Ba4Li2(CdP2)3,test
mp-aaacpwbl,BaScZn3GaO7,train
mp-aaacpwci,Na2Th(AsO4)2,train
mp-aaacpwcc,PbCBr3N,train
mp-aaacpwcm,LiCa3As2H,train
mp-aaacpwbj,Ba2V2FeHO9,train
mp-aaacpwcq,SiH2,train
mp-aaacpwcr,Sr3AlAs3,train
mp-aaacpwbu,Rb(GeAs)3,train
mp-aaacpwcp,KCu2SbS3,train
mp-aaacpwcf,Na5Nd4Si4O16F,test
mp-aaacpwck,CsBaPS4,train
mp-aaacpwbp,YWBrO4,test
mp-aaacpwco,CsPPbO4,test
mp-aaacpwcx,TeS3N2,train
mp-aaacpwdo,RbInTe3O8,train
mp-aaacpwdp,Ba4Li2(CdAs2)3,train
mp-aaacpwcs,MgVAgO4,train
mp-aaacpwdi,RbBaPS4,train
mp-aaacpwdb,Na5Dy4Si4O16F,train
mp-aaacpwcw,K(SnAs)3,train
mp-aaacpwcv,Nb2PbO6,train
mp-aaacpwdm,Cs2CdBr4,test
mp-aaacpwdw,Mg2GeSe4,train
mp-aaacpwdu,NdMoO4F,train
mp-aaacpwdk,KAsO3,train
mp-aaacpwdc,Na5Nd4Ge4O16F,train
mp-aaacpwcz,Ho3Te3N,train
mp-aaacpwdf,Ba2U(PO5)2,test
mp-aaacpwdy,VPb2Se2ClO8,test
mp-aaacpwej,FeBi2Se2Cl3O7,train
mp-aaacpwec,LiFeSiO4,train
mp-aaacpwem,LaZr2F11,train
mp-aaacpwef,TbWBrO4,train
mp-aaacpwew,KBaAsO4,train
mp-aaacpwep,BaNdInO4,train
mp-aaacpwek,K2Ca4U(SiO4)4,train
mp-aaacpweh,CdH6C(IN)3,train
mp-aaacpwdz,Mn(FeO2)2,train
mp-aaacpwee,Na5Tm4Si4O16F,train
mp-aaacpweg,Gd3AlCdS7,train
mp-aaacpwes,ThTlF5,train
mp-aaacpwex,SnP2(HO4)2,train
mp-aaacpweu,PWO5,test
mp-aaacpwei,ErWBrO4,train
mp-aaacpweo,Mg2SiSe4,train
mp-aaacpweq,Na5Er4Si4O16F,train
mp-aaacpwfb,Ba2SnSe4,test
mp-aaacpwfo,CdC12(S2N3)2,train
mp-aaacpwfp,Cs2As2Se6O,train
mp-aaacpwfs,RbZn2HSe2O7,train
mp-aaacpwfg,Tb3Te3N,train
mp-aaacpwgi,Ba2V3HO9,train
mp-aaacpwgj,Al2Si2O9,test
mp-aaacpwgk,K3Ho(PO4)2,train
mp-aaacpwgs,Cs4U3Si4O17,train
mp-aaacpwhm,Bi2Te2SeO10,train
mp-aaacpwgo,Ba(LuTe2)2,train
mp-aaacpwhd,OsPt(N2Cl3)2,train
mp-aaacpwgu,Na2Nb4Se4O19,test
mp-aaacpwha,Al2Si2O9,test
mp-aaacpwgv,Sr2Ti(SiO4)2,test
mp-aaacpwho,AgH2CS2N,test
mp-aaacpwgt,K2BeF4,test
mp-aaacpwhi,Y3VH3O8,train
mp-aaacpwhk,Ba2MnV2HO9,train
mp-aaacpwhn,LiGa(H2N)4,train
mp-aaacpwhe,V2FeAg3O8,train
mp-aaacpwic,Ba(LuSe2)2,test
mp-aaacpwij,LiTcH6O7,train
mp-aaacpwhw,KV3Ge2O9,train
mp-aaacpwif,Cs4Pr6OsI13,train
mp-aaacpwih,Be4Si2O9,train
mp-aaacpwie,La3CoW(SO2)3,train
mp-aaacpwin,ZnH6(Se2N)2,train
mp-aaacpwiq,ZnN6,train
mp-aaacpwjb,LuCo(CN)6,train
mp-aaacpwht,Mg(ClO5)2,train
mp-aaacpwir,H6C2SO4,train
mp-aaacpwhv,KAg2SbS3,train
mp-aaacpwjd,TaH6C2SeCl5,train
mp-aaacpwia,BaNb2Xe5F22,train
mp-aaacpwjz,Cs2CuBr4,train
mp-aaacpwjj,Li5W2O7,train
mp-aaacpwka,Dy8In3Co,train
mp-aaacpwjp,CuH2CS2N,train
mp-aaacpwjg,MnV2HPb2O9,train
mp-aaacpwjs,PbC2S2(BrN2)2,train
mp-aaacpwjy,Te7RuI6,train
mp-aaacpwkf,KHC(NO)2,test
mp-aaacpwjw,V3H4NO7,test
mp-aaacpwjl,Cs3Ho2Br9,test
mp-aaacpwkc,NaLiSi2H4O7,test
mp-aaacpwki,Cs3H(SeO4)2,train
mp-aaacpwju,SbH5(Cl3O)2,train
mp-aaacpwkh,Eu2BIN2,train
mp-aaacpwkw,LiAs2H3O7,test
mp-aaacpwkm,Bi2(Br3N)3,train
mp-aaacpwky,Cs3Nb2I9,train
mp-aaacpwkj,CsP(HO)2,train
mp-aaacpwlf,Nd3GaFeSe7,train
mp-aaacpwlc,LaCl3O7,test
mp-aaacpwkk,Tm2PbSe4,train
mp-aaacpwkt,SrGePbO4,train
mp-aaacpwlu,Rb3In(IO3)6,test
mp-aaacpwkp,Cs2V3O8,train
mp-aaacpwle,CsBaVS4,train
mp-aaacpwla,Rb2Ba6Sb5HO,train
mp-aaacpwlb,Sr(LuS2)2,test
mp-aaacpwkn,Li4MnSn2Se7,train
mp-aaacpwlt,Cs3Tl2Cl9,train
mp-aaacpwll,Cs2HgCl4,train
mp-aaacpwme,Cr2FeO4,test
mp-aaacpwmq,SrRuO3,test
mp-aaacpwmz,Ca(BO5)2,train
mp-aaacpwlw,NaCdPO4,test
mp-aaacpwmg,CuRe2(H2O3)4,test
mp-aaacpwnc,KFeS2O9,train
mp-aaacpwna,Cs2ZnI4,test
mp-aaacpwmm,Fe3O4,test
mp-aaacpwmy,PrCl3O7,train
mp-aaacpwnd,Ba(ErSe2)2,train
mp-aaacpwmo,CsSbH4O5,train
mp-aaacpwmr,PrMoBrO4,train
mp-aaacpwnb,Lu2PbS4,train
mp-aaacpwnk,CsSmGeSe4,train
mp-aaacpwnt,NaSbBrOF3,train
mp-aaacpwng,GdWBrO4,train
mp-aaacpwnw,KNb2Cl11,train
mp-aaacpwno,Cs3SbSe3,train
mp-aaacpwob,Cs3Y2Cl9,train
mp-aaacpwnx,MgFeSiO4,train
mp-aaacpwnj,Er2ZnS4,train
mp-aaacpwns,Mn2Sb3I3O5,train
mp-aaacpwnp,Cd(NO5)2,test
mp-aaacpwny,CuH6SO7,train
mp-aaacpwnr,MgFeSiO4,train
mp-aaacpwnu,CsCuAg2(CN)4,train
mp-aaacpwpc,Rb2WSe4,train
mp-aaacpwoj,AlSb5Se5Cl4,train
mp-aaacpwpg,Rb2BeF4,test
mp-aaacpwoh,ZrH6(OF3)2,train
mp-aaacpwom,KZn2CdB2O6F,train
mp-aaacpwpd,MnNO4,train
mp-aaacpwoy,SNClO4,train
mp-aaacpwox,KFe3H6(SO7)2,train
mp-aaacpwoi,Er4Zn5Ge6,train
mp-aaacpwoz,Cs4Mn(AsS4)2,train
mp-aaacpwpf,NaFePO4,test
mp-aaacpwpr,Tl2V(SO5)2,train
mp-aaacpwqb,Ba3P2(SeO)4,train
mp-aaacpwqm,BaTmCo4O7,train
mp-aaacpwqn,Zr(AsO5)2,train
mp-aaacpwqw,Tl2Cu2S3,train
mp-aaacpwqf,CsCdI3O,train
mp-aaacpwqs,CdRe2C4(N2O3)4,train
mp-aaacpwpp,V2CdO10,test
mp-aaacpwpu,NaAgS2O3,train
mp-aaacpwqp,BaDyFe4O7,train
mp-aaacpwqo,Cs2CoI4,train
mp-aaacpwqv,ZnBP2PbO9,train
mp-aaacpwri,Lu2PbSe4,train
mp-aaacpwrf,Sm4FeS7,train
mp-aaacpwqy,Ba(GdS2)2,train
mp-aaacpwrz,BaCl2O11,train
mp-aaacpwrb,Cr3(PO4)2,train
mp-aaacpwqz,KNaTe(HO)6,train
mp-aaacqlxh,Cs3B12AsF18,train
mp-aaacqlwy,AlPb3OF9,test
mp-aaacqlwo,Mn2O3,train
mp-aaacqlxg,Cs3Hf2CuTe10,test
mp-aaacqlwm,Ca2AsH4F13,test
mp-aaacqlxa,Ru3C9Se2O9,train
mp-aaacqlxd,Cs2Mg(MoO6)2,train
mp-aaacqlwq,Ga2CuSe3O10,test
mp-aaacqlxw,Pr2HfS5,train
mp-aaacqlxm,Mg2PO8,train
mp-aaacqlxo,Na2CoH12(SO7)2,train
mp-aaacqlxn,K2Mn(BH4)4,train
mp-aaacqlxj,CuH4C10(N2F7)2,train
mp-aaacqlxi,ZnTeH12Se3N4,train
mp-aaacqlxq,Rb9Al(HO2)4,train
mp-aaacqlxr,CoH12CN4ClO7,train
mp-aaacqlyb,RbB6(HO)8,train
mp-aaacqlyc,InH12C4Se2I3,train
mp-aaacqlxt,AsBrKr2OF12,train
mp-aaacqlxs,InRhO3,train
mp-aaacqlym,KSmH2S2O9,train
mp-aaacqlyv,Zn3Sb2H42(S4N7)2,train
mp-aaacqlyk,K4Ge2B8H2O19,train
mp-aaacqlyt,Gd(NO3)3,train
mp-aaacqlyx,H9Rh(NCl)3,test
mp-aaacqlzd,La3MoO7,train
mp-aaacqlzg,KH2SNO3,train
mp-aaacqlzi,SiH12C4(N5F3)2,train
mp-aaacqlyo,KGaH9C3F,train
mp-aaacqlza,Na3Li(MoO7)2,train
mp-aaacqlys,ScAs2H4NO7,test
mp-aaacqlzf,CsH4CN3,train
mp-aaacqlzs,H13C2Cl3O8,test
mp-aaacqlzo,VPO7,test
mp-aaacqmae,Na2Mo2As3O16,train
mp-aaacqlzj,SbS8N6Cl5,train
mp-aaacqmaf,SnH12C4(SCl2)2,test
mp-aaacqmaj,CsGeSbO5,train
mp-aaacqlzv,Co2AsO5,train
mp-aaacqmam,Na2Co7H16(CO2)16,train
mp-aaacqmak,NaZn(BH4)3,train
mp-aaacqmal,U5(PbO11)2,train
mp-aaacqlzz,Pr4InSbS9,train
mp-aaacqmbc,H19C6N7O4,train
mp-aaacqmaw,Na7Cu4(AsO4)5,train
mp-aaacqman,NaNbO3,train
mp-aaacqmaz,V2Se2O13,train
mp-aaacqmao,UH2(SO5)2,train
mp-aaacqmar,Sc5IrCl9,test
mp-aaacqmba,ScH11(IO3)2,train
mp-aaacqmaq,AlH12(NO5)3,train
mp-aaacqmax,CsCoPO4,test
mp-aaacqmbb,Rb6U2(Cu4S5)3,train
mp-aaacqmbf,Nd3PO7,test
mp-aaacqmas,Ba2InSbTe5,train
mp-aaacqmbk,Ce2Te7Cl2O17,train
mp-aaacqmce,La(IO3)4,train
mp-aaacqmbm,LaSe2O9,train
mp-aaacqmbr,TeAsHO5,train
mp-aaacqmcb,Na6Mn2V4O15,train
mp-aaacqmcc,BP(H3N)3,train
mp-aaacqmbj,AsPHBr3OF6,test
mp-aaacqmbi,H10C4SN2,train
mp-aaacqmbq,AlP3H10O11,train
mp-aaacqmca,BaS5O8,train
mp-aaacqmbo,Co(W3Cl7)2,train
mp-aaacqmbt,Sm2Ge(BO4)2,train
mp-aaacqmbu,Ga2Hg3Cl8,train
mp-aaacqmbw,Ba4P3HF24,train
mp-aaacqmcq,ThH2SO6,train
mp-aaacqmcx,KNaAl6Si6(HO6)4,train
mp-aaacqmcl,K3B3O10,test
mp-aaacqmcj,VS4N3,train
mp-aaacqmcy,HC2SClOF2,test
mp-aaacqmcf,C3S4,train
mp-aaacqmcs,Na2CoH4(CO2)4,test
mp-aaacqmcn,Rb2PH5O6,train
mp-aaacqmcr,K2LiV5H10O19,train
mp-aaacqmdk,Zn3As2,train
mp-aaacqmdt,RbMnP2O7,train
mp-aaacqmdn,ZnH14C2(NO)12,train
mp-aaacqmdu,Cs7(InAs2)3,test
mp-aaacqmdo,Sc5(CoSn3)6,train
mp-aaacqmec,K2H3IrNCl5,train
mp-aaacqmdw,LiBP2Pb4O11,train
mp-aaacqmdy,Sn2W3Cl14,train
mp-aaacqmdv,Sb2Cl7O6,train
mp-aaacqmed,Ba2GaSbSe5,train
mp-aaacqmef,Ba2Ca(PO4)4,train
mp-aaacqmea,MgB12(H3O)12,train
mp-aaacqmeg,NaSmP2H4CO7,train
mp-aaacqmek,Li2MnP2O7,train
mp-aaacqmeu,Ag2Mo(I2O7)2,train
mp-aaacqmeo,Ta4Ag2O11,train
mp-aaacqmen,ZrCdH10C6O17,train
mp-aaacqmfd,BaTeMo2O9,train
mp-aaacqmem,Rb2PdC4N4O,train
mp-aaacqmet,C121(SCl10)2,train
mp-aaacqmel,UH12C4Se(NO4)2,train
mp-aaacqmez,UC2S(NO2)4,train
mp-aaacqmfq,LiZnAsO5,train
mp-aaacqmff,Ba2CaV2CoF14,train
mp-aaacqmfj,In10(Pb2S7)3,train
mp-aaacqmgb,GdH(SeO4)2,train
mp-aaacqmfl,K5Hf3OF17,train
mp-aaacqmfy,Na2Fe2F7,train
mp-aaacqmfx,Hg3AsO5,train
mp-aaacqmgc,Mg2H32Ru2Cl10O17,train
mp-aaacqmfr,Zn3Si12H78(C13O2)2,train
mp-aaacqmfv,Dy5B2(O2F3)3,train
mp-aaacqmge,LiZnSO4F,test
mp-aaacqmgm,Y2Mo4O15,test
mp-aaacqmgg,CoP4F12,train
mp-aaacqmgu,HgH16(Br3N2)2,test
mp-aaacqmgf,Si8C3Cl20,test
mp-aaacqmgq,KH(CO2)2,train
mp-aaacqmgk,Ca5Zr3F22,train
mp-aaacqmgv,Rb2U2Cl4O7,train
mp-aaacqmgi,K3Bi3(PS4)4,train
mp-aaacqmgt,Sm2ThS5,train
mp-aaacqmhh,In2Te9RuCl8,test
mp-aaacqmho,Na2LiV5H18O23,train
mp-aaacqmhs,Rb7DyFe6(P4O17)2,train
mp-aaacqmhe,ZnFe8Ni3O16,train
mp-aaacqmhl,Na2CoP4(H2O3)6,test
mp-aaacqmgz,Rb2EuGa(SiO3)4,train
mp-aaacqmhj,Co2Hg(CO)8,train
mp-aaacqmht,NbAgO3,train
mp-aaacqmhn,Tm3InS6,train
mp-aaacqmgx,H7S2NO8,train
mp-aaacqmha,NaHoP2O7,train
mp-aaacqmhx,Fe3B11HO20,train
mp-aaacqmhw,NaH4CS2N3O2,train
mp-aaacqmhr,Tl2NiP4(HO2)8,train
mp-aaacqmit,CuP(HO)5,train
mp-aaacqmim,Ca(GaS2)2,train
mp-aaacqmir,CaC2ClO7,train
mp-aaacqmij,Sr5Pt4,train
mp-aaacqmiq,Fe2P3O13,train
mp-aaacqmiv,H12C2N14O,train
mp-aaacqmis,Mg2H18Se2O17,test
mp-aaacqmii,UH12C4S3O8,train
mp-aaacqmix,Hg3H6Pt(NCl4)2,train
mp-aaacqmid,Ho3InS6,train
mp-aaacqmjj,MoPNO7,train
mp-aaacqmjh,CdRe2H8C2S2(NO2)4,train
mp-aaacqmjd,CsH6C2S2NO4,train
mp-aaacqmjg,FeH12C5NCl2O5,train
mp-aaacqmjl,CoBi(CO)3,train
mp-aaacqmjt,UH6C3SeN2O7,train
mp-aaacqmji,Cs2HgCl4,train
mp-aaacqmjw,Ho5(CoSn3)6,train
mp-aaacqmjm,Cd4As2Br3,train
mp-aaacqmjo,K4BaV6O18,train
mp-aaacqmjr,Rb4Co(PO4)6,test
mp-aaacqmju,H3CN5O4,train
mp-aaacqmja,KNaAl2As2O9,train
mp-aaacqmjb,Cu3PO7,train
mp-aaacqmjf,KMnGa2P3(H2O7)2,train
mp-aaacqmkb,KGa(SeO3)2,test
mp-aaacqmke,H6C3(NO)2,train
mp-aaacqmjz,GdSbMo2O9,train
mp-aaacqmjy,KMo2C4O11,train
mp-aaacqmkf,Na2Al3Si3NO13,train
mp-aaacqmkn,UP2H6CO10,test
mp-aaacqmki,Cd3(SeO3)4,test
mp-aaacqmkt,Ba(BH)12,train
mp-aaacqmkw,La4Fe(SbS5)2,train
mp-aaacqmkp,LiBH7N,train
mp-aaacqmmb,Cs4Zr6BBr17,train
mp-aaacqmlo,Na4Ga3Ge3B(HO3)4,train
mp-aaacqmld,Sc12Ir3Br16,test
mp-aaacqmlb,KV2SeO7,train
mp-aaacqmln,SmIO9,test
mp-aaacqmlw,Na3B3(HO2)4,train
mp-aaacqmky,Ca2Al4Si8O33,train
mp-aaacqmle,ZnH16(IO8)2,train
mp-aaacqmll,UC2Se2N2O11,train
mp-aaacqmly,Ho(BO2)6,test
mp-aaacqmlc,TiP2(S4Cl)2,train
mp-aaacqmlt,Na3VIO13,train
mp-aaacqmls,Ba2GaBiSe5,train
mp-aaacqmlu,Tb5RhBr9,train
mp-aaacqmme,MnH7C3NO7,train
mp-aaacqmmd,ZnH8N2(OF2)2,train
mp-aaacqmmr,FeS4(NCl)4,train
mp-aaacqmmg,CsMoP2HO9,train
mp-aaacqmmv,Cs3AsSe4O,train
mp-aaacqmnb,TiH16C4(NCl3)2,test
mp-aaacqmmp,CuH5C3NO4,test
mp-aaacqmmt,Ga2Cu3(SeO3)6,train
mp-aaacqmng,Si2BAsH29C9N,train
mp-aaacqmne,Li2TeMoO6,train
mp-aaacqmni,LiZn(ClO)3,train
mp-aaacqmmo,PuH24C8N2(Cl2O)2,test
mp-aaacqmmk,Sb3O14,train
mp-aaacqmns,BaPr2In2O7,test
mp-aaacqmny,KSi2HO5,train
mp-aaacqmod,CeSO6,train
mp-aaacqmnl,H10C3N3Cl,train
mp-aaacqmno,Na2V2CuH4(OF)6,train
mp-aaacqmnk,Ni3P4H48(NO15)2,train
mp-aaacqmnt,BiN3O14,train
mp-aaacqmnx,V2Pb4(Se2O7)3,train
mp-aaacqmnz,V2Co2PbO8,train
mp-aaacqmos,FeH2(CO3)2,test
mp-aaacqmol,SiO2,train
mp-aaacqmop,Te5PbO11,train
mp-aaacqmox,Ce2(SO6)3,train
mp-aaacqmpe,CdH4(C2O3)2,train
mp-aaacqmoz,ZrH24C8(NF3)2,train
mp-aaacqmpb,KBH5N,test
mp-aaacqmok,La2Si(IO2)2,test
mp-aaacqmov,Cs2BaTa6(Br5O)3,train
mp-aaacqmor,KRb2CrF6,train
mp-aaacqmom,B5H8CO6,train
mp-aaacqmow,LiBH6O,test
mp-aaacqmqe,RePO6,test
mp-aaacqmpv,Fe7Sb10(Br4O9)2,test
mp-aaacqmpo,S3N3Cl3O,train
mp-aaacqmpj,La2SiS5,train
mp-aaacqmpk,KH5C3N2O5,train
mp-aaacqmpr,Na4XeO14,train
mp-aaacqmpt,RbAlV(PO5)2,train
mp-aaacqmqa,Na3CuPHClO5,test
mp-aaacqmqb,CuAs7PS7Cl,test
mp-aaacqmqd,Rb3IO5,train
mp-aaacqmpq,NaZn2(BH4)5,train
mp-aaacqmpz,KMo4AsO15,train
mp-aaacqmqf,In(IO4)3,train
mp-aaacqmpi,La3As2BrO7,train
mp-aaacqmqh,Tm(NO3)3,test
mp-aaacqmpw,MnH8SN2O4F3,train
mp-aaacqmqw,VH11C3(ClO2)2,test
mp-aaacqmqo,Ti2Si(H2O3)3,train
mp-aaacqmqq,SmMoI4O15,train
mp-aaacqmqm,KHo2Cu(MoO4)4,test
mp-aaacqmqz,KGdP2H4O9,train
mp-aaacqmqp,Tb6H44N8O51,test
mp-aaacqmrg,Co5(PO6)2,train
mp-aaacqmqt,Cs2TiP4O13,train
mp-aaacqmqs,KNdH2S2O9,train
mp-aaacqmrc,Na3LaMn3(AsO5)3,train
mp-aaacqmri,InSi4H39C14O,train
mp-aaacqmrv,CsLu7Se11,test
mp-aaacqmrl,ZrH5S3O14,train
mp-aaacqmrm,CeP3O14,test
mp-aaacqmrj,GaH15(C2N)2,train
mp-aaacqmrp,MgZnBr4O7,train
mp-aaacqmrw,B10Pb4O21,train
mp-aaacqmry,AsSXeNF10,train
mp-aaacqmrr,K3NaAl12Si12(HO6)8,train
mp-aaacqmsm,Si7Tc4,train
mp-aaacqmss,Ho5B2(O2F3)3,train
mp-aaacqmsc,SnH20C7IN,train
mp-aaacqmsh,Cs11Fe10S16O,train
mp-aaacqmsd,Dy2Mo3H2Se2O17,train
mp-aaacqmsb,B5TeH5C,train
mp-aaacqmsx,Na2Nb2(P2O7)3,train
mp-aaacqmsu,TaSiH33C11N5Cl,train
mp-aaacqmsz,K5In(MoO4)4,train
mp-aaacqmsv,Cs2(CoN8)3,train
mp-aaacqmsn,ZnS,train
mp-aaacqmsf,K4Mo2H6S2O9,test
mp-aaacqmtq,Si,train
mp-aaacqmta,Rb2TiV3(PO6)3,train
mp-aaacqmtp,MnB4H24(C2N)2,train
mp-aaacqmto,BH10C2N,train
mp-aaacqmtj,PN2O4F,test
mp-aaacqmtr,B2PH20C5N,train
mp-aaacqmtg,Zr6B(Cl3O4)6,train
mp-aaacqmtm,BeH12(N2Cl)2,test
mp-aaacqmtz,TiPb(S2O7)3,train
mp-aaacqmub,U3S3O16,train
mp-aaacqmue,MnV2O8,test
mp-aaacqmtv,B11H10SI,train
mp-aaacqmua,Na2H4WO6,train
mp-aaacqmtu,H14C5BrN3,train
mp-aaacqmtw,KRu(NO2)4,test
mp-aaacqmty,CuP2H18C6Cl,train
mp-aaacqmtt,CeB4H2ClO8,train
mp-aaacqmuf,Gd4B4O11F2,train
mp-aaacqmug,Ba2GaSbS5,train
mp-aaacqmuz,YIO9,train
mp-aaacqmvb,CoH2(CO2)2,train
mp-aaacqmui,Mg17(SiO3)20,test
mp-aaacqmuo,LaH2SNO7,train
mp-aaacqmum,SF4,train
mp-aaacqmuk,PrHSO5,train
mp-aaacqmul,SmB7ClO18,test
mp-aaacqmuv,Cs2PH5O6,train
mp-aaacqmvj,Na4Fe3P4O15,train
mp-aaacqmvc,SbH6N2F5,train
mp-aaacqmve,Ca2Al4Si4O17,train
mp-aaacqmux,ReH3CSO6,train
mp-aaacqmvi,Cu2H10N4O17,train
mp-aaacqmvu,NaNb13O33,train
mp-aaacqmvw,LaH3CSO7,test
mp-aaacqmvp,LiVPH4O7,train
mp-aaacqmwf,BaUPO6F,train
mp-aaacqmvx,Ga8Sb7Se8Cl29,test
mp-aaacqmwe,Mn3P2O15,train
mp-aaacqmvm,Rb2Ti4H3F21,train
mp-aaacqmvy,Ca3Al2SO16,train
mp-aaacqmwb,ReC3O4F,train
mp-aaacqmwh,FeB10(H13O4)2,train
mp-aaacqmws,CoH12C8S2(N3O)2,train
mp-aaacqmwm,BP3(PbO4)3,train
mp-aaacqmwy,Na2RhS2O11,train
mp-aaacqmwu,Na2Cu2(B4O7)3,test
mp-aaacqmwj,Mg2(SiO3)3,train
mp-aaacqmwn,RbNi4(PO4)3,train
mp-aaacqmwk,UP2H10CO11,train
mp-aaacqmxb,Cs2Te(H3O5)2,train
mp-aaacqmww,NaSnPHO4F,train
mp-aaacqmwx,Zn2Te15(H3N)8,test
mp-aaacqmwz,ZrSO9,train
mp-aaacqmwv,BaMoI4O15,train
mp-aaacqmxv,K2P4H6PtO11,train
mp-aaacqmxd,NaTc2N5OF12,train
mp-aaacqmxg,AgH12N4F,train
mp-aaacqmxu,CuH4C2S2(NO)2,train
mp-aaacqmxi,Na2Np(CO4)2,train
mp-aaacqmxr,KMo2H29C9O11,test
mp-aaacqmxk,NaCeS2O9,train
mp-aaacqmxo,Cs3Ti3Te11,train
mp-aaacqmxq,HoP2H7O10,train
mp-aaacqmxp,SrP3H15(N2O5)2,train
mp-aaacqmxs,Sn21H14(Cl4O5)4,train
mp-aaacqmxh,InHg6Sb4Br7,test
mp-aaacqmyc,Cs5Na(W2N5)2,train
mp-aaacqmxx,SrMn2O11,train
mp-aaacqmxw,V2Cu(PO7)2,train
mp-aaacqmyp,CoC4(NCl2)2,train
mp-aaacqmya,La2Te(MoO7)6,train
mp-aaacqmyk,RbIn(PO4)2,train
mp-aaacqmxy,CoAs2S6(NF3)6,train
mp-aaacqmye,Ga3P3H6CNO13,train
mp-aaacqmyf,KZnSi3(H11C4)3,train
mp-aaacqmyi,PH14C4NO4,train
mp-aaacqmyo,SnH8C2Br3N,train
mp-aaacqmym,Li2Fe2C4Cl2O13,train
mp-aaacqmyn,Cs3ScCl6,train
mp-aaacqmze,Re3S4O9,train
mp-aaacqmyq,LaB5NO14,train
mp-aaacqmyx,Mo4N2O15,train
mp-aaacqmyu,RbUC3O8,train
mp-aaacqmyt,Cu3B6H2O13,train
mp-aaacqmza,Sm(NO3)3,train
mp-aaacqmzg,ErC8N4Cl7,train
mp-aaacqmyw,H13RuC6SN4O8F9,train
mp-aaacqmyy,NbH8N2OF5,test
mp-aaacqmzf,FeSO8,train
mp-aaacqmzb,Tl2CuH12(SeO7)2,train
mp-aaacqmzl,La4Cu3MoO12,train
mp-aaacqmzt,UI4O15,test
mp-aaacqmzs,P2H12N8O3,train
mp-aaacqnad,Sc4FeCl5,train
mp-aaacqnac,KErP2O9,train
mp-aaacqmzu,Mo3N2O11,train
mp-aaacqmzm,Zn2SiH2O5,train
mp-aaacqmzx,ZrH9N3F7,train
mp-aaacqmzv,Mo2H18C6NClO7,train
mp-aaacqmzw,Rb2MgH12(SO7)2,train
mp-aaacqnaa,MnSnH16C6S3O11,train
mp-aaacqmzo,Hg2ClO6,test
mp-aaacqmzq,ZnPH5O6,train
mp-aaacqnab,La2C2S2O15,train
mp-aaacqnao,CeH(CO2)3,train
mp-aaacqnau,CdRe2H26C6S6(N4O3)3,train
mp-aaacqnam,CaAl2(Si2O7)3,train
mp-aaacqnag,CsV2P3O14,train
mp-aaacqnaw,SbSe2NCl8,train
mp-aaacqnae,UH6Br2O5,train
mp-aaacqnan,ZnP3H16C3NO12,train
mp-aaacqnah,RbUCrNO9,train
mp-aaacqnat,YV5(H12O13)2,train
mp-aaacqnal,KMo2C4ClO8,train
mp-aaacqnaj,KEuH2S2O9,train
mp-aaacqnax,Na2Si3SnO11,test
mp-aaacqnbg,H15PdRuN9O11,train
mp-aaacqnba,Sb(Br3N)2,train
mp-aaacqnbi,CrH20N2O6F5,test
mp-aaacqnaz,Y2N6O25,train
mp-aaacqnbh,TiAsH18C6N3Cl4,train
mp-aaacqnbc,Sm3B13O29,test
mp-aaacqnbj,K2Pd(S4O13)2,train
mp-aaacqnbf,CoP3H33C11I,train
mp-aaacqnbd,MgUSe2O15,test
mp-aaacqnbl,K2Na2Eu4Ta2O13,train
mp-aaacqnbk,TbH2C2SNO9,train
mp-aaacqnbq,CaAl2Si3H6O13,train
mp-aaacqnbo,Sn2H10C8N2O13,train
mp-aaacqnbz,Na5H4BrO4,train
mp-aaacqnbr,Sb2XeF13,train
mp-aaacqncc,KLu(SO5)2,train
mp-aaacqncd,AgH7CN8O7,test
mp-aaacqnbn,H10C4SN2,train
mp-aaacqnby,Na8H10S8O17,test
mp-aaacqnch,CaFe3Si2O9,train
mp-aaacqnbw,Zn2P2O11F2,train
mp-aaacqnck,ZnH8C2S2(IN2)2,train
mp-aaacqncq,Zn3As2H7O12,train
mp-aaacqnci,BaH8(IO6)2,train
mp-aaacqnda,SbC2SCl3O,train
mp-aaacqncl,NdAgH10C20(N3O4)2,train
mp-aaacqncw,Si6C8N2O19,train
mp-aaacqncv,Na2MgH10S2O13,train
mp-aaacqnco,UCl2O15,train
mp-aaacqncs,SiO2,train
mp-aaacqncx,Zn3Se3O10,train
mp-aaacqncy,KUH3SO8,test
mp-aaacqndj,CoH18CN6ClO3,train
mp-aaacqnde,GaH3Br3N,train
mp-aaacqndb,W15I47,train
mp-aaacqndq,CoC8(NCl2)2,train
mp-aaacqndh,U2C4NO15,train
mp-aaacqndm,Si,train
mp-aaacqndo,B2H26C8N20Cl2O,train
mp-aaacqndk,H5NO2,test
mp-aaacqndf,CsSb,train
mp-aaacqndp,Cr2NiH20(NO7)2,train
mp-aaacqndv,P4H4PtIO10,train
mp-aaacqnea,Ge(SeO3)2,train
mp-aaacqndx,SiO2,train
mp-aaacqnds,Se2S2O7,train
mp-aaacqndt,SbH12C6(N3Cl2)3,train
mp-aaacqneb,K4As2Se5,train
mp-aaacqndz,Fe3Ag7(P2O7)4,test
mp-aaacqneu,B4N2O11,train
mp-aaacqnev,Cu3MoH24C8S3I3N2O,train
mp-aaacqnek,SiO2,train
mp-aaacqnem,RbHfC(OF)4,test
mp-aaacqnfb,K3Mg18Sn11,train
mp-aaacqneo,NaAuS,train
mp-aaacqnej,MgV5H20NO22,train
mp-aaacqneh,Al2CoP3NO14,train
mp-aaacqnel,Ba2Na2SrAl4F20,test
mp-aaacqner,Cs(Bi2Te3)2,train
mp-aaacqnfq,H12C4S2N2O5,train
mp-aaacqnfg,Na6Zn3B9P6H3O38,train
mp-aaacqnfh,InH12C4Se2Cl3,test
mp-aaacqnfd,CsLiU(PS4)2,test
mp-aaacqnfo,Na2Ca2Al6Si9(H8O19)2,train
mp-aaacqnfc,Ti(PO5)2,train
mp-aaacqnfp,Al3P3C4NO13,train
mp-aaacqnfn,BiH14C4N8Cl5O2,train
mp-aaacqnfe,P6H17S6(NO)7,train
mp-aaacqnfx,OsBr2N4ClO2,train
mp-aaacqnfv,Al4Fe2Si5O18,test
mp-aaacqnga,SnH4S6(NCl)6,train
mp-aaacqnfs,SiAgH16C7S3(OF)3,test
mp-aaacqngh,C2S2N(O2F3)2,test
mp-aaacqngf,BeH12C4(SBr)2,train
mp-aaacqnfy,CdPHO3,train
mp-aaacqngj,CoH7C4(NO3)2,train
mp-aaacqngd,Cd2H18C8O17,test
mp-aaacqngb,H12C4Se3Br6N,train
mp-aaacqngk,La2SiC(NO2)2,train
mp-aaacqngx,OsXe2O3F14,train
mp-aaacqngm,LuN3O13,train
mp-aaacqngs,Ca2Si3O11,train
mp-aaacqngv,Cs2Th(Si2O5)3,train
mp-aaacqnhl,K4Ge2(Se2O)3,test
mp-aaacqnha,Ru2C2N8Cl3O5,test
mp-aaacqngo,Cr3(NO5)2,test
mp-aaacqnhn,Na2CeH2C5O11,train
mp-aaacqngw,Ba9In4(SF)10,test
mp-aaacqnhc,MnH4(NO4)2,train
mp-aaacqngu,Zn3H14C10O13,train
mp-aaacqnhi,HXeNO3F2,train
mp-aaacqnig,Mg5(C2O9)2,train
mp-aaacqnhp,RbUB5O11F,train
mp-aaacqnht,AgSNO3,train
mp-aaacqnhx,NdC3O11,train
mp-aaacqnhr,Fe3P2O9,train
mp-aaacqnhv,K2MgP4(HO2)8,train
mp-aaacqnim,In2Sb2H16C4S7N2,train
mp-aaacqnhz,CaZrSi6O17,test
mp-aaacqnhy,Ba2YFeO5,train
mp-aaacqnia,KH3CN2O,train
mp-aaacqnid,CeH14Cl3O7,train
mp-aaacqnij,MnBi2(IO)8,train
mp-aaacqnik,Rb2USi2O9,train
mp-aaacqniv,Ag6Te4W3O20,test
mp-aaacqnjh,Ba5Mn3O12F,train
mp-aaacqnit,Mo2H37C12N3Cl8,train
mp-aaacqnjc,Ba2V2Te2O11,train
mp-aaacqnin,Na6Co3B9P6H3O38,train
mp-aaacqnje,Gd3MoO7,train
mp-aaacqnjj,K4Cd2S4O19,train
mp-aaacqniu,Mn5As4(HO2)10,test
mp-aaacqnio,Cs2AsH5O6,train
mp-aaacqnjp,ZnC8(NCl2)2,train
mp-aaacqnjz,CdH20C2S2(NO2)6,train
mp-aaacqnjt,CsHPt2(SO4)4,train
mp-aaacqnju,UH18N5F7,test
mp-aaacqnjk,Si3Ge2(H3C)11,train
mp-aaacqnjw,K4Mo6PtO26,train
mp-aaacqnjx,Tb2Nb2S7O30,train
mp-aaacqnkc,Sb2H6CS(ClO)6,test
mp-aaacqnkm,NaLiCoPO4F,train
mp-aaacqnko,Sr4Ga2O7,train
mp-aaacqnkp,NiH15IO12,train
mp-aaacqnks,MnP2H9C2NO7,test
mp-aaacqnlb,Rb4Te8O23,train
mp-aaacqnkz,Ca3Ge4,train
mp-aaacqnku,Ni3P4(NO8)2,train
mp-aaacqnkw,Ca6Si6O19,train
mp-aaacqnla,NpP2H9C2NO11,train
mp-aaacqnky,CaH8(ClO6)2,train
mp-aaacqnll,Cu4Se3O10,test
mp-aaacqnlo,U2Co(AsO10)2,train
mp-aaacqnlf,LiC4OF9,train
mp-aaacqnlg,InAgP2O7,test
mp-aaacqnlm,LiSi3H27C9N2,train
mp-aaacqnln,K4HfC8O21,train
mp-aaacqnlt,RuN3(Cl2O)2,train
mp-aaacqnma,CoB10H31C18O,train
mp-aaacqnlw,In12Ga4Ir2O15,train
mp-aaacqnmh,H16PdC4S4(N4Cl)2,train
mp-aaacqnml,Si2TeH22Pd(C4Cl)2,train
mp-aaacqnmk,Rb2U3P6O25,train
mp-aaacqnmd,Hf7Tl18Pb2S25,train
mp-aaacqnmi,Zn3H6C6(IO6)2,train
mp-aaacqnnf,Na2GdMnAs2O9,train
mp-aaacqnmv,Cs4BiAs3Se7,train
mp-aaacqnmu,AlH12(CN)3,train
mp-aaacqnmp,Na5Ga7H12S13O6,train
mp-aaacqnna,ZrMo2O11,train
mp-aaacqnmr,CsH6Rh(N3O4)2,train
mp-aaacqnmt,UH8(SO6)2,train
mp-aaacqnmz,BH10C3NF4,train
mp-aaacqnms,SbH36S4N11,test
mp-aaacqnne,Sr(BO4)2,train
mp-aaacqnnd,K2BiBr5O2,train
mp-aaacqnnb,MnH6SO7,train
mp-aaacqnng,Na2Ca2Al6Si9(H8O19)2,train
mp-aaacqnnt,Cu3(P3O16)2,train
mp-aaacqnnh,Co2H26N12O13,train
mp-aaacqnnl,Na3Zn4P3O19,train
mp-aaacqnnu,Gd(BO2)3,train
mp-aaacqnnk,CoH20C22(N5O3)2,train
mp-aaacqnnq,TiH30C10S5(ClO3)2,train
mp-aaacqnoh,NaCe(GaS2)4,train
mp-aaacqnnv,UH10C4S(NO3)3,train
mp-aaacqnof,K3Co(C3O7)2,train
mp-aaacqnoc,NiPH15O11,train
mp-aaacqnnw,H12RuC4S2N(ClO)3,train
mp-aaacqnob,K2CaV4H14O19,train
mp-aaacqnnx,CeH12N5F4,train
mp-aaacqnnz,H22Pt2C6SO6,train
mp-aaacqnny,NaMo3O11,train
mp-aaacqnos,CoBP(HO3)2,train
mp-aaacqnom,YCrO5,test
mp-aaacqnox,Ba3Ge9O22,test
mp-aaacqnor,CaH12(ClO7)2,train
mp-aaacqnot,UCr4(H3O4)6,test
mp-aaacqnoq,KAlBP2O9,train
mp-aaacqnpb,Cs7Mo8AsO30,train
mp-aaacqnpa,Fe2S2O17,test
mp-aaacqnow,Ca2B3H4ClO8,train
mp-aaacqnpd,Cd2Cl4O5,train
mp-aaacqnpf,FeN3Cl5,train
mp-aaacqnpk,SiC,train
mp-aaacqnpc,Ca(B2O5)3,test
mp-aaacqnpr,SnH10C3Br3N,train
mp-aaacqnqi,KNa2(NiO2)2,train
mp-aaacqnpu,ReCSN2Cl3O2,train
mp-aaacqnqf,TlHg6S4Br5,train
mp-aaacqnqk,Tm10S19,test
mp-aaacqnpn,HgC8(I2N)2,test
mp-aaacqnqc,K2Cr2Cu(PO7)2,train
mp-aaacqnpm,Mg2B4H15,train
mp-aaacqnqg,VIO7,train
mp-aaacqnqb,TmSbMo2O9,train
mp-aaacqnqd,Cu2AsO8,train
mp-aaacqnqp,V3As2H4O13,train
mp-aaacqnqm,AgH10S8N8ClO6,train
mp-aaacqnqz,KMgV5(H8O11)2,test
mp-aaacqnqq,LaMoClO4,train
mp-aaacqnqr,NaCeMo8H40C12(S3O17)2,train
mp-aaacqnqo,CoH8(CO4)2,test
mp-aaacqnqv,MgH12C3SO7,test
mp-aaacqnqx,Na3P2H19O16,test
mp-aaacqnra,CoMoH24N6ClO7,train
mp-aaacqnrb,LiAlSiH2O5,train
mp-aaacqnrh,Bi2O3,train
mp-aaacqnri,Nb4Mo6I22O,train
mp-aaacqnre,LiAl(CN2)2,train
mp-aaacqnrz,FeH9C4(NO2)3,test
mp-aaacqnrf,CoI2(N3O)2,train
mp-aaacqnrp,Mn3P4H12(NO8)2,train
mp-aaacqnsc,Eu4C2N4F5,train
mp-aaacqnrx,Na4Cr2H6O11,train
mp-aaacqnry,MgP2H10(NO4)2,test
mp-aaacqnrc,BiH6C3(S2N)3,train
mp-aaacqnro,Mo2PbSe2O11,train
mp-aaacqnsf,K11Np2H9(S5O22)2,train
mp-aaacqnse,EuN3O14,train
mp-aaacqnsu,Ba5Cr3F18,train
mp-aaacqnsg,AsC3S3NF11,train
mp-aaacqnsr,Tb11(In3Ge2)2,test
mp-aaacqnsj,LiAlGeO5,train
mp-aaacqnst,PH18PtC6S3BrF6,train
mp-aaacqnsp,U(AsO6)2,train
mp-aaacqnsd,Cu2Bi8Pb6S19,train
mp-aaacqnso,Cr6CuSi2(Pb5O17)2,train
mp-aaacqntb,Ba5P3O13,test
mp-aaacqnsv,ThH2(SO4)3,train
mp-aaacqntd,HgAsC4Se3N,train
mp-aaacqnte,VBr5N3,test
mp-aaacqntj,NbTe4Cl4O,train
mp-aaacqnsz,Cs2ZnI4,test
mp-aaacqntl,CsVSO6,test
mp-aaacqntq,CoN3Cl5,train
mp-aaacqntr,CdH8C4(NCl)2,train
mp-aaacqnua,BH17C6NCl,train
mp-aaacqnum,Cu3H10(C4O7)2,train
mp-aaacqnui,Li2B3H14N,test
mp-aaacqntx,Li3V5(H8O11)2,train
mp-aaacqntw,Y3Se2ClO8,test
mp-aaacqnuf,NiP2(NO4)2,train
mp-aaacqnug,Cs2CrH4F10,train
mp-aaacqntz,RbCu2H2C3N3O,train
mp-aaacqntu,Si(H3C)4,train
mp-aaacqnud,Na(SeO3)4,train
mp-aaacqnty,ZnCu2H4(SO4)2,test
mp-aaacqnuc,FeH16C4N2Cl5,train
mp-aaacqnue,Tl2Ag3(PO4)3,train
mp-aaacqnun,AlSb2Te2BrCl4,train
mp-aaacqnux,BaAl2(SiO5)2,test
mp-aaacqnuz,CsY(BH4)4,train
mp-aaacqnvb,CdH14C8(NO3)2,train
mp-aaacqnut,Tb2Ge(BO4)2,train
mp-aaacqnvd,Na2InSiO5,test
mp-aaacqnvi,ZnH7C3NO6,train
mp-aaacqnvk,CsMnInTe3,test
mp-aaacqnur,NaSr3GdP3O12F,train
mp-aaacqnvy,K4NaV10O38,test
mp-aaacqnvm,Na2SeO9,train
mp-aaacqnvv,Rb6InP3S14,train
mp-aaacqnvs,AgB10P2H40C15NCl2O3,train
mp-aaacqnwd,H23RuS2N5ClO12,test
mp-aaacqnwc,FeH12C4(S2N5)2,train
mp-aaacqnvx,K2Sn(S2O7)3,train
mp-aaacqnwf,Mg45Si32(H29O69)2,train
mp-aaacqnvr,Al2PO8,test
mp-aaacqnwy,Cs3Ge9(H3N)2,test
mp-aaacqnwm,CaCd(NO3)4,train
mp-aaacqnwj,NaDyP2H2CO7,test
mp-aaacqnwn,CoPH8C3N3O7,train
mp-aaacqnwo,CoH15Pd(NCl)5,train
mp-aaacqnwq,InTe2O5F,train
mp-aaacqnxe,BiRu5(CO)18,train
mp-aaacqnwu,Ca4Al2P2H10O13F8,train
mp-aaacqnwp,Ba6Nb3HO14,train
mp-aaacqnwv,Er4BClO7,train
mp-aaacqnxa,Zr2(SO6)3,train
mp-aaacqnwk,Na6Te(W3O23)2,train
mp-aaacqnxc,Na2MgB4(H5N)4,train
mp-aaacqnxb,MgAsO8,train
mp-aaacqnxu,Fe3P8O37,test
mp-aaacqnxj,SnH10C3NCl3,test
mp-aaacqnxy,B6H6NO6,test
mp-aaacqnyc,Na2V2CoH4(OF)6,train
mp-aaacqnxk,Na4NpH7O9,train
mp-aaacqnya,NdH6SNO10,train
mp-aaacqnxf,NaCaB5O14,test
mp-aaacqnxh,Sr3TiSi4O15,train
mp-aaacqnxi,Y2Mo(SeO4)3,train
mp-aaacqnxz,NO3,train
mp-aaacqnyb,MoCl2O3,train
mp-aaacqnxx,Te(CF2)4,train
mp-aaacqnxt,Cu3P8(Se2I)3,train
mp-aaacqnyn,VCoH14(O2F)4,train
mp-aaacqnyl,V2Cu3H6O11,train
mp-aaacqnyf,Ba4NaAl2B8(ClO6)3,train
mp-aaacqnye,NaCu4P2ClO9,train
mp-aaacqnyh,Co3P2(H2O3)4,train
mp-aaacqnyi,CsNaMoO6,train
mp-aaacqnyx,Si10BiTe2H73C25,train
mp-aaacqnyq,BaP3H10C3NO9,test
mp-aaacqnym,PbS3O10,train
mp-aaacqnyw,InAs2PbO8,train
mp-aaacqnyo,KUPO7F,train
mp-aaacqnyp,Gd4Si2S3O7,train
mp-aaacqnys,Bi6Mo2O15,train
mp-aaacqnzn,K2PH4O5,train
mp-aaacqnzc,Tb11(In3Si2)2,train
mp-aaacqnzl,Ba5(GaSe4)2,train
mp-aaacqnzd,Na2Al2Si3O14,train
mp-aaacqnzk,RbLiMoO5,test
mp-aaacqnzo,ZnH9C4(NO2)3,train
mp-aaacqnzs,LaP5O14,train
mp-aaacqnzf,Th2BPO8,train
mp-aaacqnzg,Ce4CI6N,train
mp-aaacqnzr,NaZn(PO3)3,test
mp-aaacqnyy,Ba(BO2)5,train
mp-aaacqnzv,Si,train
mp-aaacqnzw,Na6HfHS5O21,train
mp-aaacqnzz,BaP6H16(N2O9)2,train
mp-aaacqnzx,P2H27C10N4Cl,test
mp-aaacqnzu,NaU2H5C4O15,train
mp-aaacqnzy,Ba2SnS4O11,train
mp-aaacqoaa,CdH8C4(BrN4)2,train
mp-aaacqoac,UH42C14S7Cl4O7,train
mp-aaacqoae,H8CN5ClO3,test
mp-aaacqoax,SrSbSe3,train
mp-aaacqoaf,Ru(NO2)6,train
mp-aaacqoap,Os3C9SO9,test
mp-aaacqoaz,K8Tl10Zn,train
mp-aaacqoaq,Na3GeMo3O19,test
mp-aaacqoba,MgH16(ClO4)2,test
mp-aaacqoay,Si2H5CNCl4,train
mp-aaacqoai,Cd8S2O23,train
mp-aaacqoau,B2H20C6N3Cl5,test
mp-aaacqoav,AlC6N,test
mp-aaacqobm,H4CSIN2,test
mp-aaacqobs,BaLa2Ti3O10,train
mp-aaacqoby,H8S(NO2)2,train
mp-aaacqobh,Re2C3(ClO2)3,train
mp-aaacqobe,Sr3WO6,train
mp-aaacqobf,HfH14C4NOF5,train
mp-aaacqobk,Na2Lu3Te4(IO4)3,train
mp-aaacqobq,Ni9Te5(PbO5)6,train
mp-aaacqobo,MgCrO15,train
mp-aaacqobj,PuP2H6(CO3)2,test
mp-aaacqobn,Cs3SbH2S4O,test
mp-aaacqocm,Al3P3H8C2NO13,train
mp-aaacqocp,SnH10C3SN3Cl2,train
mp-aaacqocl,TcH12C4S2(Cl2O)2,train
mp-aaacqocj,Ba18In8(S7F6)3,train
mp-aaacqocy,CoPH3CO4,train
mp-aaacqocx,Fe3P4H8NO12,train
mp-aaabkulg,KEuAsS3,test
mp-aaabkunf,KCo4(PO4)3,train
mp-aaabkupx,P28Pb5I2,train
mp-aaabkuml,V2Ni(PO5)2,train
mp-aaabkuns,NaCe(GaSe2)4,train
mp-aaabkuyp,SiO2,train
mp-aaabkuzo,K5(AsPb)3,test
mp-aaabkvgi,Gd3S3N,train
mp-aaabkvhc,ReNCl4O3,train
mp-aaabkvim,CsEr13(CoI12)2,train
mp-aaabkuxy,In4SnS4,train
mp-aaabkvfn,ZnS,train
mp-aaabkvgo,KNOF2,test
mp-aaabkvbj,Ca3Mg3(PO4)4,train
mp-aaabkvkr,Ga4P4O17,train
mp-aaabkvli,TaSbO4,train
mp-aaabkvka,C28Cl5,train
mp-aaabkvjd,C10F3,train
mp-aaabkvis,SrTeO3,test
mp-aaabkvmi,ZnAu2(CN)4,train
mp-aaabkvla,Re2P2O11,train
mp-aaabkvpv,PBr7,train
mp-aaabkvqe,Rb2Cr3O10,train
mp-aaabkvmv,V2Bi7O15,train
mp-aaabkvnn,Ho2B4O9,train
mp-aaabkvoj,SiAg5ClO4,train
mp-aaabkvnl,Sm2B4O9,test
mp-aaabkvqc,Rb5HfFe(MoO4)6,train
mp-aaabkvpu,SbP3C(NCl5)3,train
mp-aaabkvrr,CeP5O14,test
mp-aaabkvvl,CdI2,test
mp-aaabkvrl,V2Pb4O9,test
mp-aaabkvta,Cs2NpBr6,train
mp-aaabkvxc,Eu5P3ClO12,train
mp-aaabkvya,Tl8(CdN14)3,train
mp-aaabkvty,NaCa2TiSi2O8F,train
mp-aaabkvyx,ZnBr2,train
mp-aaabkvxt,CSe(ClF)3,train
mp-aaabkvyt,K2ZnCl4,test
mp-aaabkvqs,KICl4,train
mp-aaabkvyb,ZrPbO3,train
mp-aaabkwdw,BiIr3(CO)9,train
mp-aaabkwge,Co3C10O9,train
mp-aaabkwep,Re2N2ClF9,train
mp-aaabkwen,Os5C17O16,train
mp-aaabkvzi,As5Pb3S10,train
mp-aaabkwhx,Cs2CrO4,test
mp-aaabkwcu,MnSiO3,train
mp-aaabkwhw,Cr(CO)6,train
mp-aaabkwig,Pd2S9N4,train
mp-aaabkwkk,SbS5N5Cl6,test
mp-aaabkwnx,CoAg(CO)4,train
mp-aaabkwrd,NaPO3,train
mp-aaabkwpj,Tl2Mo4O13,train
mp-aaabkwrw,NaPO3,train
mp-aaabkwjz,La4Mo7O27,train
mp-aaabkwiy,Fe2C8SO10,test
mp-aaabkwju,Cr2(MoO4)3,train
mp-aaabkwrt,Ca2GaFeO5,train
mp-aaabkwop,RbBiC4(SN)4,train
mp-aaabkwpb,Nb2Cd2O7,train
mp-aaabkwzf,Os4C13S2O13,train
mp-aaabkwvz,Cs3Mn3V4O16,train
mp-aaabkwzg,Os6C17S2O17,train
mp-aaabkwvd,Os6C19O20,train
mp-aaabkwum,Na2Al2S3(Cl4O3)2,train
mp-aaabkwtp,Si2Os3C12(ClO2)6,train
mp-aaabkwvk,Mn2Hg(CO)10,test
mp-aaabkwvj,ReC5ClO5,train
mp-aaabkwwn,CSN2OF2,test
mp-aaabkwxf,PNCl2,train
mp-aaabkwvn,Fe3C8(Br2N)8,train
mp-aaabkxeg,CrCo3C16NO14,train
mp-aaabkxdw,KB5O8,train
mp-aaabkxfa,V2PS10,train
mp-aaabkxaf,Os3C8SO8,train
mp-aaabkxdb,SbP3C(NCl5)3,train
mp-aaabkxhd,SbP2SN3Cl10,train
mp-aaabkxrt,NaTiFeO4,train
mp-aaabkxld,ZnAg2C4(SN)4,train
mp-aaabkxnl,Fe3C10SO10,train
mp-aaabkxub,Os7C19SO19,train
mp-aaabkxxl,Na4V2O7,train
mp-aaabkxvn,GeOs2C8(ClO2)4,train
mp-aaabkxvd,K2IrCBr5O,train
mp-aaabkygo,AlSeCl7,train
mp-aaabkxye,Os5C15SO15,train
mp-aaabkyfr,ReTe7O7F32,test
mp-aaabkxyy,Nb2PS10,train
mp-aaabkydb,Ga2Fe2Bi2O9,train
mp-aaabkyfb,MoPNCl6O,train
mp-aaabkycv,Sr5(InSb3)2,test
mp-aaabkybg,Na6Mo10O33,train
mp-aaabkyew,GaFeO3,train
mp-aaabkyeq,Ti2SCl12,train
mp-aaabkyij,ReTe5O6F25,train
mp-aaabkyrn,KBiN(ClO)3,test
mp-aaabkylh,NbClF8,train
mp-aaabkytq,K3Nd2(NO3)9,train
mp-aaabkyod,Mo6PbBr14,train
mp-aaabkyok,FeSCl7,train
mp-aaabkyis,Os10C23S2O23,train
mp-aaabkyjb,CrC5SO7,train
mp-aaabkysz,Ca3BCNCl2,train
mp-aaabkyum,V2PbO6,test
mp-aaabkytz,Ca5(InSb3)2,train
mp-aaabkyyl,CaMgSiO4,train
mp-aaabkzdp,NbO2,train
mp-aaabkyzg,Pd(XeF8)2,train
mp-aaabkyzj,As3Pb5ClO9,test
mp-aaabkzeh,K2SbF5,test
mp-aaabkyyy,K3Pr2(NO3)9,test
mp-aaabkzbo,CaSiO3,train
mp-aaabkzbv,Fe(PO3)2,train
mp-aaabkyyr,RuXeF11,train
mp-aaabkyzw,KCo(CO)4,train
mp-aaabkzdi,NaAlSiO4,train
mp-aaabkzni,Sb8(Pb3S7)3,train
mp-aaabkzgn,Fe4Ge(CO)16,train
mp-aaabkzeo,Os3C9Se2O9,train
mp-aaabkzlx,Os4C13SO13,test
mp-aaabkzfi,CuSbPbS3,test
mp-aaabkzmc,RuC3Br2O3,train
mp-aaabkzeq,AgAsS6N4(OF3)2,test
mp-aaabkzoh,Cs4TlSbCl12,train
mp-aaabkzlw,Na2Cu3(SiO3)4,train
mp-aaabkzll,BaCeC2O6F,test
mp-aaabkzji,Sn(S4I)4,train
mp-aaabkzuw,Se5SO3F,train
mp-aaabkzsr,Li2SeO4,train
mp-aaabkzwu,KIn(MoO4)2,train
mp-aaabkzpd,Fe3WC14(SO7)2,train
mp-aaabkzpa,PrIn2Cl5,test
mp-aaabkzsu,K2Rb2Re6S13,train
mp-aaabkzox,K2PdC4(SN)4,train
mp-aaabkzop,P6N7Cl9,train
mp-aaabkzpf,La4(GeS4)3,train
mp-aaabkztk,InCo3(CO)12,train
mp-aaabkzoy,RbLiBi2(MoO4)4,train
mp-aaabkzqd,Fe15(Ge2O9)4,test
mp-aaabkzsi,Fe3O4,test
mp-aaabkzth,Cs4Re6Se13,train
mp-aaabkzwq,Fe7(P2O7)4,train
mp-aaabkzpx,SbC(N3Cl2)3,train
mp-aaablafa,Tl3AgTe2,test
mp-aaablais,W2C7Br4O7,train
mp-aaabkzyu,Cs2As8S13,test
mp-aaabladc,FeSiO3,train
mp-aaablaie,Sb3S2XeN(O2F9)2,train
mp-aaablaay,PCN2Cl3,test
mp-aaablaim,Cs2K2Cd3O5,train
mp-aaablahq,AgC3N3O,train
mp-aaablaig,WC4(BrO2)2,test
mp-aaablahy,Ca4YFe5O13,train
mp-aaablapn,Gd2Be2GeO7,train
mp-aaablald,K4Nb2Si8O23,train
mp-aaablatl,K(MoO2)4,test
mp-aaablany,TeAs(Se2F3)2,train
mp-aaablala,U(PbO2)3,train
mp-aaablaot,Os2Pt(CO)9,train
mp-aaablalv,Cs3Bi7Se12,train
mp-aaablaui,In2Bi4Pb4S13,train
mp-aaablaqn,Cu4Mo5O17,train
mp-aaablatk,La5V3S6O7,train
mp-aaablati,GaRe2(CO)9,test
mp-aaablays,LaFe5(GeO5)3,train
mp-aaablbai,Ru7C20(SO10)2,train
mp-aaablayy,Hf(ClO4)4,train
mp-aaablaxs,K3Nb7O19,train
mp-aaablauj,GaBr2,train
mp-aaablava,Co6Ge2(CO)19,train
mp-aaablazw,Ru6C17S2O17,test
mp-aaablaxt,Na2Ti9O19,train
mp-aaablayh,MnTeC5O6F5,test
mp-aaablazq,Ru5C14(SO7)2,train
mp-aaablbeo,FeSb2WC8Se2(O2F3)4,train
mp-aaablbbm,Os2C6SeO6,test
mp-aaablbcl,Te2W3(CO)15,train
mp-aaablbdh,CdAs2C4SN4(OF6)2,train
mp-aaablbdv,Gd13Ge6O31F,test
mp-aaablbbk,KAlGeO4,train
mp-aaablbci,Ag9(BiO3)2,train
mp-aaablbdj,Nb2Ni4O9,train
mp-aaablbfd,Cs3HgI5,test
mp-aaablbgl,TeI4,train
mp-aaablbgq,Gd3NCl6,train
mp-aaablbgk,Te4As2S5(OF6)2,train
mp-aaablbml,Cu2WO4,train
mp-aaablblf,Co4Si(CO)14,train
mp-aaablbfe,Mn3Bi(CO)15,train
mp-aaablbgr,TeAs(SeF3)2,train
mp-aaablbhd,K3WC4N4OF,train
mp-aaablbmb,NaIn(MoO4)2,train
mp-aaablbiv,As(IF3)2,train
mp-aaablbng,SeBr4,train
mp-aaablbjj,Te2Ru4(CO)11,train
mp-aaablbnv,K3Mo3Se14,train
mp-aaablcay,Si4Ag10O13,train
mp-aaablbog,Ba2ErCl7,test
mp-aaablbqc,MnInFe(CO)9,train
mp-aaablbxp,K2Fe2P2O7F2,train
mp-aaablbre,K2Mn2(MoO4)3,train
mp-aaablbqf,Hf(TeCl6)2,train
mp-aaablbww,Mn(InTe2)2,train
mp-aaablbsf,Co8C24(SO7)3,train
mp-aaablcbr,SiO2,train
mp-aaablcch,C5N4,train
mp-aaablcck,Ni3P4PbO14,train
mp-aaablcgq,Bi4Cl2O5,train
mp-aaablcea,CsXe3O3F13,train
mp-aaablcfu,CsV3O8,train
mp-aaablccm,VSb2NCl14,train
mp-aaablcdi,InRe2C10BrO10,train
mp-aaablcci,Fe2Te2Ru2(CO)11,train
mp-aaablces,Ca5MnSi9(Pb3O11)3,test
mp-aaablcfm,InRe2C10ClO10,train
mp-aaablccz,Cs2Re2Se5,test
mp-aaablchy,Pb3O5,train
mp-aaablcjj,Nb6InCl15,test
mp-aaablcos,Re3S4Br,train
mp-aaablcqm,Fe4Pb(CO)16,train
mp-aaablcpo,KS2N(O2F)2,train
mp-aaablcll,Nb4Te17I4,train
mp-aaablcgt,Hg8Br3O4,train
mp-aaablchb,GdGaGe2O7,train
mp-aaablcou,OsC4ClO4,train
mp-aaablcuq,C2IO,train
mp-aaablctw,AuC5(SCl)4,test
mp-aaablcze,CrFe2C10(Se2O5)2,test
mp-aaabldba,MoPb5O8,train
mp-aaablczx,Fe3Te2(CO)9,train
mp-aaablcxm,Ge2RuC4(Cl3O2)2,train
mp-aaablcum,Cu2Bi4Pb2S9,train
mp-aaabldan,PC2S2N3,train
mp-aaablcvk,PBr2N,train
mp-aaablday,PNCl2,train
mp-aaablczm,Fe3C9S2O9,train
mp-aaablcvt,Co4Ge(CO)13,train
mp-aaabldfy,Cs4Re6S13,train
mp-aaabldpo,POs6C18ClO18,train
mp-aaabldnf,Ba2Fe6O11,train
mp-aaabldfj,LiZnPO4,train
mp-aaabldml,K2PtS15,train
mp-aaabldcp,Ru(CO)4,train
mp-aaabldoh,Bi2Ru3(CO)9,train
mp-aaabldnr,Re(SeCl6)2,train
mp-aaabldia,MgMn3(CuO4)2,test
mp-aaabldkv,In5Br7,test
mp-aaabldqu,Rb2V(PO4)2,test
mp-aaabldxx,La3GaGe5O16,train
mp-aaabldrl,Fe2Co4Ge2(CO)21,train
mp-aaabldrj,Re2SnC10(ClO5)2,test
mp-aaabldtw,Tl2Zn(CN)4,train
mp-aaabledc,Se2S(NCl)2,test
mp-aaablegk,K4US3O14,train
mp-aaabldrw,Fe4As5O13,test
mp-aaabldtu,BiRu2(CO)6,test
mp-aaablebu,Mo2Cl8O,train
mp-aaableqw,K2ZnCl4,test
mp-aaableit,Ru4C14O13,train
mp-aaablepx,Mn7FeCl3O10,test
mp-aaableuz,Tl2GePbS4,train
mp-aaableqs,CuAg7As4ClO14,test
mp-aaablevr,Re3S4Cl,train
mp-aaablevy,CuS4(N2Cl)2,train
mp-aaableiy,Cr3B7ClO13,train
mp-aaablejr,Fe6Sn2(CO)23,test
mp-aaablekl,Cr3Pb5F19,train
mp-aaableux,P4Se3I2,train
mp-aaableus,Sb2Te2O9,train
mp-aaablfds,MnC4IO4,train
mp-aaablext,K2ZnCl4,test
mp-aaablewi,Fe4Si(CO)16,train
mp-aaablfct,SiO2,train
mp-aaablexr,BaNa4Cu3F12,test
mp-aaablewo,Os3C8SO8,train
mp-aaablfco,Ru2S4Cl13,train
mp-aaablfdl,BaNb8O14,test
mp-aaablfgn,K3Lu(SiO3)3,test
mp-aaablfhn,Co4Pb(CO)16,test
mp-aaablfkv,KZnPO4,train
mp-aaablfev,Fe6Ge2(CO)23,train
mp-aaablffb,Re2Te4Cl22O,train
mp-aaablfhr,NbTe2(SeI3)2,test
mp-aaablfiw,Co2SnC8(ClO4)2,test
mp-aaablfje,CuAs2Pb8Cl5O9,train
mp-aaablfkc,Cs2Re2S5,train
mp-aaablfun,KFe(SeO3)2,train
mp-aaablfpx,RhC2ClO2,train
mp-aaablfme,K3Cr11S18,train
mp-aaablfsf,Tl4Mo(CN)8,train
mp-aaablflr,As4Pb8Cl6O11,train
mp-aaablfqb,BaCu4S3,train
mp-aaablfqv,GaAg(PSe3)2,train
mp-aaablfrf,Nd2Ti4O11,train
mp-aaablfoy,La5(Mo16O27)2,train
mp-aaablftq,Tl4Fe(CN)6,train
mp-aaablglk,KNa2AlH6,train
mp-aaablfxw,Ba2Fe2O5,train
mp-aaablgqr,CuO2,train
mp-aaablfxp,Tl2FeC5N6O,train
mp-aaablfxj,Fe3C9(SO5)2,train
mp-aaablfxl,Nb5P7O30,train
mp-aaablfzr,BaCu2(PO4)2,test
mp-aaablgae,K2CoCl4,train
mp-aaablguj,MnH9C4NO6,test
mp-aaablgtz,CoH32C8S4(NO5)2,train
mp-aaablgpb,FeBiO3,train
mp-aaablgdb,Ni(XeF8)2,train
mp-aaablgwq,CaAlH5,train
mp-aaablgvx,Ag(CO)2,train
mp-aaablhai,CuH2(CO2)2,train
mp-aaablgzj,SrH6(CO3)2,train
mp-aaablgyj,Li3BH6,train
mp-aaablhan,LiAlSiH2O5,train
mp-aaablhdt,S,test
mp-aaablgyl,FePH5CO8,test
mp-aaablhbi,K2ZnH12(SO7)2,train
mp-aaablhdc,Li2Fe3(P2O7)2,train
mp-aaablgzh,Mo2H12C4N2O15,train
mp-aaablhix,HgC2(SN)2,train
mp-aaablhae,LiAlSiH2O5,train
mp-aaablhcj,K2Pb(SO4)2,test
mp-aaablhds,MnAgO4,test
mp-aaablhlx,Ru(CO)4,train
mp-aaablhjt,K2PdN2(ClO2)2,train
mp-aaablhvb,LiB13C2,train
mp-aaablhvx,Cs2Tb6Te7N2,train
mp-aaablhwp,FeBiO3,train
mp-aaablhlo,PbSe,train
mp-aaabljrm,Ti2O7,train
mp-aaablikg,SrN6,train
mp-aaablhrd,Pb4SeBr6,train
mp-aaablhme,UI4,train
mp-aaabliqq,Gd2Cl3,train
mp-aaabliek,MnSbSe2Br,train
mp-aaablhxo,TiO2,train
mp-aaablion,CaN6,test
mp-aaablist,Sc2H10S3O17,train
mp-aaablhuw,NaClO3,train
mp-aaablkke,MgSiO3,test
mp-aaablkgf,EuTlPS4,train
mp-aaablkiu,RhSCl5,train
mp-aaabljrv,FePH5CO8,test
mp-aaablkkg,MgSiO3,test
mp-aaabllbu,TaSi2H35(C3N)4,train
mp-aaablkkm,Na12B26O45,train
mp-aaablksd,SrAl2(SiO4)2,train
mp-aaablklu,Na3Si2PO8,train
mp-aaablljd,Ce5C2Cl9,train
mp-aaablkkv,BaZn(SeO3)2,train
mp-aaablpbz,Ag2SO4,test
mp-aaablsbr,SrTeO3,test
mp-aaablsaw,Hf(PS3)2,train
mp-aaablnen,Zn3B7BrO13,train
mp-aaablsbq,Na2Zn(SiO3)2,train
mp-aaablpfm,PtF4,train
mp-aaablsbv,Ce2Si2O7,train
mp-aaablmop,Au2O3,train
mp-aaablouw,Cd2SiO4,train
mp-aaablsby,KNiPS4,train
mp-aaablqnt,K2Cu(CO3)2,train
mp-aaablmkl,Na3Ca2BiO6,test
mp-aaablneh,GaCl3,train
mp-aaablrqv,Rb2NbAgSe4,train
mp-aaablmtz,Si2H25C10N,test
mp-aaablsat,RbMgCl3,train
mp-aaablqjw,P2O5,train
mp-aaablscp,PSeCl9,test
mp-aaablsee,SbRu2C6Cl7O6,train
mp-aaablscr,Cs2GeTe4,train
mp-aaablscl,Cu(NO3)2,train
mp-aaablscd,PbSe2O5,train
mp-aaablsdm,BaB2F8,train
mp-aaablsdz,CaCeC2O6F,train
mp-aaablscy,Re(TeBr2)2,train
mp-aaablscv,B2Pb2S5,train
mp-aaablsdo,Ta3In2Cl9,test
mp-aaablsdi,Ca4Al6SO16,train
mp-aaablsev,Na2Si4O9,train
mp-aaablseq,La20Ti11(S22O3)2,test
mp-aaablsjg,P2SN3Cl5O,train
mp-aaablsep,Ag3AsSe3,train
mp-aaablsew,LuTa6Br13O3,train
mp-aaablsfj,InOF,train
mp-aaablsis,SiO2,train
mp-aaablsgh,P2CN3Cl5,train
mp-aaablsex,CeP4(ClO)13,train
mp-aaablsme,Os4C13(SO6)2,train
mp-aaablsnf,In10(Pb2S7)3,train
mp-aaablsmk,Os6C19SO19,train
mp-aaablslx,Te3As2(SF4)3,train
mp-aaablsma,Os2C6SO6,train
mp-aaablsjh,TcC4IO4,train
mp-aaablskm,NbBr5,train
mp-aaablsmx,Mn(GaS2)2,train
mp-aaablsml,K2Ba(Ge4O9)2,test
mp-aaablsms,Na5Lu(SiO3)4,test
mp-aaabltaq,Ag2SeO4,train
mp-aaablsqx,SbTe(SeF3)2,train
mp-aaablufb,Rb2TaCuS4,train
mp-aaabltnm,Hg2GeO4,test
mp-aaabltfo,PdF4,train
mp-aaablult,GeS2,train
mp-aaabltcq,Rb2Pt3S4,train
mp-aaabltbi,Rb2Pd3S4,train
mp-aaablxfv,K2Co(SeO3)2,train
mp-aaablugy,Rb2TaCuSe4,train
mp-aaablxlk,Na2Te4O9,test
mp-aaabltkg,SiO2,train
mp-aaablvuh,C(ClF)2,train
mp-aaablxll,K2VAgS4,train
mp-aaablypf,S,test
mp-aaablxck,SrHgO2,train
mp-aaabluuk,NaAg(NO2)2,train
mp-aaablzcj,C,train
mp-aaablyzo,NaCa2TiSi2O8F,train
mp-aaablvse,K2P3,train
mp-aaablxgk,BaBe2(BO3)2,train
mp-aaablzcw,Re6Te7Se8,train
mp-aaablzdp,ReN(OF2)3,test
mp-aaablzds,Cs3(FeS2)2,train
mp-aaablzct,Sr5Re3ClO15,test
mp-aaablzdy,Ba9(TaN6)2,train
mp-aaablzdf,Cs7Cd3Br13,train
mp-aaablzcy,K2P4PbO12,train
mp-aaablzdc,K2MgSi5O12,train
mp-aaablzdt,Li2SeO4,train
mp-aaablzdu,AlPO4,train
mp-aaablzcr,SNClO,test
mp-aaablzdz,ScNb6Cl13O3,train
mp-aaablzdb,ReHg2O5,test
mp-aaablzei,In2Cl3,train
mp-aaablzel,Ag2Pb8Cl4O7,test
mp-aaablzeh,Mg(GaS2)2,train
mp-aaablzfa,Bi12PbO20,train
mp-aaablzfc,Rb3Nb5P2O19,train
mp-aaablzec,K3Ce2(NO3)9,train
mp-aaablzew,PbN6,test
mp-aaablzee,SeCl4,test
mp-aaablzek,K5InO4,train
mp-aaablzfb,Re2(HgO2)5,train
mp-aaablzeu,Cs4Zr3Te16,test
mp-aaablzfy,PRu5C16(O5F)3,train
mp-aaablzfs,CsSbOF4,test
mp-aaablzgb,Ca2Zr5Ti2O16,train
mp-aaablzfv,AlPO4,train
mp-aaablzfd,NbTl2PO6,train
mp-aaablzfh,Sr3U11O36,train
mp-aaablzfo,PRuC4(OF)3,test
mp-aaablzga,SiO2,train
mp-aaablzfl,Rb3Ce2(NO3)9,train
mp-aaablzge,Ba8Zr3(SbO6)4,train
mp-aaablzgf,SiO2,train
mp-aaablzgj,SiO2,train
mp-aaablzgd,SiO2,train
mp-aaablzgm,Rb3Nd2(NO3)9,train
mp-aaablzgl,Ba7Al64O103,train
mp-aaablzgg,NaAlSiO4,train
mp-aaablzgi,SiO2,train
mp-aaablzhg,Ir3(CO)8,test
mp-aaablzib,SrTeO3,test
mp-aaablzgv,Os6C17SO17,train
mp-aaablzgs,Na3Sr4Al5F26,train
mp-aaablzgn,Ba3Ce2C5O15F2,train
mp-aaablzgp,SiO2,train
mp-aaablzhd,PRu4C15O14F3,train
mp-aaablzie,P2Os4C15O13F6,train
mp-aaablzjb,TeAs(SeF3)2,train
mp-aaablzig,Bi2Te2O7,train
mp-aaablzlk,AgC3N3O2,train
mp-aaablzuk,SbSe5F6,test
mp-aaablzjz,KB5O8,train
mp-aaablzkx,Os4C12SO12,test
mp-aaablzla,Ba8CaY2U4O24,train
mp-aaablzjc,SiO2,train
mp-aaablzmv,Ir3(CO)8,test
mp-aaabmcdi,CdI2,test
mp-aaabmcdp,Ba5Si8O21,test
mp-aaabmcdk,ReTe3Br5,train
mp-aaabmair,CaU(SeO4)2,train
mp-aaabmcdm,KCe2CuSe6,test
mp-aaabmccr,CsY10(C2I9)2,train
mp-aaabmccv,Cs3Nb2S11,train
mp-aaabmcdn,Ca3Y2(GeO4)3,train
mp-aaabmcct,In7Te10,train
mp-aaabmccz,Cs3CdI5,test
mp-aaabmccm,Cs3Tb2Br9,train
mp-aaabmcda,Eu5Si(Cl3O2)2,train
mp-aaabmcdq,CdI2,test
mp-aaabmccq,Cs3Tm2I9,train
mp-aaabmcdw,CdI2,test
mp-aaabmcee,NbTeCl9,train
mp-aaabmceh,Rb3Ce(PSe4)2,test
mp-aaabmcff,Gd3B2(O2F)3,test
mp-aaabmcep,KNd3Te8,train
mp-aaabmceo,CdI2,test
mp-aaabmceq,CdI2,test
mp-aaabmcfi,Ce3Si2S8Br,train
mp-aaabmceu,Cs3Re3(SI)4,test
mp-aaabmcfh,Ba2CaWN4,train
mp-aaabmceb,TaTeCl9,train
mp-aaabmcej,Cs2TeO4,train
mp-aaabmcex,KAl(SO4)2,test
mp-aaabmcen,CdI2,test
mp-aaabmcfg,KU2F9,train
mp-aaabmcgx,Cs3Cu2(BiS2)5,train
mp-aaabmcfl,Pb2OF2,train
mp-aaabmcgo,K2Mn(SnSe3)2,train
mp-aaabmcgz,AlTlSiO4,train
mp-aaabmcgs,HfPbO3,train
mp-aaabmcfo,Cs2NaCo(CN)6,test
mp-aaabmcfs,Gd2Se2O,test
mp-aaabmche,SiO2,train
mp-aaabmcft,Sr3InRhO6,train
mp-aaabmcgt,Ba3Bi6PbSe13,train
mp-aaabmcih,Ga4Hg11(AsBr4)4,train
mp-aaabmcik,Cs3Bi2I9,test
mp-aaabmcja,RbTeNO3F4,train
mp-aaabmcia,Ba(C2N3)2,test
mp-aaabmciz,Cs3Sb2Cl9,test
mp-aaabmcjy,K2Pt(NO2)4,train
mp-aaabmcir,Te2S4(NCl3)3,train
mp-aaabmcio,TeS2N3Cl5,train
mp-aaabmcix,HgS4(NCl)3,train
mp-aaabmcjc,Ba2ScCl7,train
mp-aaabmcjv,Nd14Cl32O,train
mp-aaabmckb,Si3Ru2,train
mp-aaabmcjw,PtI4,test
mp-aaabmcki,TaP2NCl12,train
mp-aaabmchx,Cu2Bi8Pb6S19,train
mp-aaabmcis,AgNO3,test
mp-aaabmclo,K2PtN4(ClO4)2,train
mp-aaabmckj,Gd2S3,test
mp-aaabmckv,Nb3Te4ClO15,test
mp-aaabmckx,USb2F15,train
mp-aaabmckr,Pb(C2N3)2,train
mp-aaabmcla,HgB(CN)4,train
mp-aaabmclr,RbHgC3(SN)3,train
mp-aaabmcmi,K4Eu(PS4)2,train
mp-aaabmclc,Na2UO4,train
mp-aaabmcmd,KC(NO2)3,train
mp-aaabmcmm,CsRe6S8Br3,test
mp-aaabmcna,Rb2Gd4Cu4S9,train
mp-aaabmfwp,KNbCl6,train
mp-aaabmfcj,BaVOF4,train
mp-aaabmfwv,K2VAgSe4,train
mp-aaabmgiz,K2Ni3S4,train
mp-aaabmfyv,MoSe2Cl4O,train
mp-aaabmgis,Rb2NbCuSe4,train
mp-aaabmgan,NaZr2CuF11,train
mp-aaabmgij,Rb2NbCuS4,train
mp-aaabmgji,TeS7Cl2,train
mp-aaabmgeh,KGdCO3F2,test
mp-aaabmggs,K2TaAgS4,train
mp-aaabmgcq,InCu(WO4)2,train
mp-aaabmggn,K2VCuS4,train
mp-aaabmgii,K2VCuSe4,train
mp-aaabmghb,Ti(PS3)2,train
mp-aaabmgid,Rb2VCuS4,train
mp-aaabmgig,K2NbAgS4,train
mp-aaabmgka,Ga3Ru,train
mp-aaabmfxw,Re(SeCl6)2,train
mp-aaabmgjg,RuC4(IO2)2,train
mp-aaabmgjw,RbC2N3,test
mp-aaabmgiy,K3Sc(MoO4)3,train
mp-aaabmgkf,RbCS(OF)3,train
mp-aaabmgkt,Na2Zn2(TeO3)3,train
mp-aaabmglh,PbO,train
mp-aaabmgki,NaNb13O33,train
mp-aaabmgld,N2,train
mp-aaabmgkk,BePbF4,train
mp-aaabmgle,N2,train
mp-aaabmgmk,CSNOF5,train
mp-aaabmgmi,WN18,train
mp-aaabmglw,LiEuPS4,test
mp-aaabmgme,PNCl2,train
mp-aaabmglv,CsGaBr4,train
mp-aaabmgls,TaAsPCl13,train
mp-aaabmglx,CuHgSCl,train
mp-aaabmgmg,La3Zn3Ge2SbO14,test
mp-aaabmgnd,CuCSN,train
mp-aaabmgmc,CsHo2Cu3Se5,test
mp-aaabmgmr,AlBiCl6,train
mp-aaabmgoh,PC2S2N3,train
mp-aaabmgnh,Ge3N4,train
mp-aaabmgoz,PbCSNCl,train
mp-aaabmgnu,Ga2Se3,train
mp-aaabmgpa,Sr4GaCN5,train
mp-aaabmgnv,CsNiC3(SN)3,train
mp-aaabmgos,In3Ru,train
mp-aaabmgpo,KAu(CN)2,train
mp-aaabmgqa,Gd(C2N3)3,test
mp-aaabmgqq,Re2Cl7O3,train
mp-aaabmgps,Al(ICl2)3,train
mp-aaabmgqm,K2S5,train
mp-aaabmgph,UF6,test
mp-aaabmgpf,Ag2Hg7(P4I3)2,train
mp-aaabmgpi,AsXe2O4F9,train
mp-aaabmgpm,RbVI3,train
mp-aaabmgpe,Cs(Bi2Te3)2,train
mp-aaabmgpq,ZrNCl,train
mp-aaabmhcd,SNClO4,train
mp-aaabmhay,KNO3,train
mp-aaabmhcb,In2Se3,train
mp-aaabmhbz,PbI2,train
mp-aaabmhns,LiSn(PO3)3,train
mp-aaabmhcx,KAgCO3,train
mp-aaabmhdi,Sb2Se3,train
mp-aaabmhnb,Li2Cu(PO3)4,train
mp-aaabmhni,LiCu(PO3)4,train
mp-aaabmhms,Sb(PO3)4,test
mp-aaabmhno,Sn(PO3)3,train
mp-aaabmhna,LiSb(PO3)4,train
mp-aaabmhnv,LiBiP2O7,test
mp-aaabmhri,LiNb(PO4)2,test
mp-aaabmhsn,LiSn4(PO4)3,train
mp-aaabmhqx,LiSbP2O7,train
mp-aaabmhse,Li4Sn(PO3)6,train
mp-aaabmhpn,LiBi(PO3)4,test
mp-aaabmhsc,LiSb2P5O18,train
mp-aaabmhpo,LiSn4(PO4)3,train
mp-aaabmhsk,LiBi(PO3)4,test
mp-aaabmhrj,Li2SnP2O7,train
mp-aaabmhrl,LiSbP2O7,train
mp-aaabmhsi,Li3Sn(PO3)6,train
mp-aaabmhte,Sn3(P2O7)2,train
mp-aaabmhya,Bi2O3,train
mp-aaabmhuq,Li2NbP4O13,train
mp-aaabmiah,Nd(HO)3,train
mp-aaabmiao,Y(HO)3,train
mp-aaabmhzn,Ba(HO)2,train
mp-aaabmiaf,La(HO)3,train
mp-aaabmhtf,LiSn2P3O10,train
mp-aaabmhvc,SiO2,train
mp-aaabmhtm,LiSb(PO3)4,train
mp-aaabmhue,LiSnP2O7,train
mp-aaabmhyb,CuI,test
mp-aaabmhtu,LiSn2P3O10,train
mp-aaabmifi,Mo(HO2)2,train
mp-aaabminq,Lu2Se3,train
mp-aaabminy,H2O,test
mp-aaabmimq,MgNb2(PbO3)3,test
mp-aaabmink,Tb2S3,train
mp-aaabmieb,Mo2H2O7,train
mp-aaabmiel,GaHO2,train
mp-aaabmigi,H9BrO4,test
mp-aaabmiec,GaHO2,train
mp-aaabrdoe,Fe3Co2Sb(PO4)6,train
mp-aaabrdnx,Na4H2RuN6O13,train
mp-aaabrdob,LiV2P5O16,train
mp-aaabrdoi,NaZn2HSe2O7,test
mp-aaabrdoa,Co(IO3)2,train
mp-aaabrdoh,Mn3Ga4P6(H2O5)6,train
mp-aaabrdol,Li2Cr2Si2O7,test
mp-aaabrdom,Li4Ni3(OF3)2,train
mp-aaabrdop,LiV2(CO3)4,train
mp-aaabrdov,Li2VF4,train
mp-aaabrdoo,Y6O5F8,train
mp-aaabrdoy,LiFe(PO3)3,train
mp-aaabrdox,Ti3V2Fe(PO4)6,train
mp-aaabrdoz,Li3V2(O2F)2,train
mp-aaabrdpc,Li2CrSiO4,train
mp-aaabrdpa,Li3Fe(PO4)2,test
mp-aaabrdot,LiCu2PO4,train
mp-aaabrdpb,Li4Ni3(SnO5)2,train
mp-aaabrdou,CsSi3HO7,train
mp-aaabrdow,Li2Cr(SiO3)2,train
mp-aaabrdpd,Li2Cu3F8,train
mp-aaabrdoj,KV6O14,train
mp-aaabrdpf,Li2Fe2(CO3)3,train
mp-aaabrdon,Li3Fe2(SiO4)2,train
mp-aaabrdor,Li4Fe5(NiO6)2,train
mp-aaabrdpo,LiNiPO4,train
mp-aaabrdpq,Li2NbCr3O8,test
mp-aaabrdpk,Mg3(AsO4)2,test
mp-aaabrdpw,LiFeP2O7,train
mp-aaabrdpx,Li2FeSiO4,train
mp-aaabrdpg,LiCuPO4,train
mp-aaabrdpu,Fe35SiO48,train
mp-aaabrdpr,Sb8Cl2O11,train
mp-aaabrdpp,LiTiP2O7,test
mp-aaabrdpv,Li2Mn3P9O28,train
mp-aaabrdpy,V6CuO15,train
mp-aaabrdpj,Li3VO3F,test
mp-aaabrdpn,LiCoSiO4,test
mp-aaabrdpt,Li2Fe3P9O28,train
mp-aaabrdqc,VF5,train
mp-aaabrdqa,Li2Co2(SiO3)3,train
mp-aaabrdqf,Li3V2H4(OF5)2,train
mp-aaabrdqe,Fe7(SiO6)2,train
mp-aaabrdqd,Li2MnCO4,test
mp-aaabrdqt,LiMn3Al2(HO2)6,train
mp-aaabrdqg,LiTiP2O7,test
mp-aaabrdqv,Nb9PO25,train
mp-aaabrdqp,Li7MnP4O14F,test
mp-aaabrdqh,NiP2(H8O5)2,train
mp-aaabrdqj,CaH12S2(NO5)2,train
mp-aaabrdqk,LiFePO4,train
mp-aaabrdqn,Bi10(Pb2O7)3,train
mp-aaabrdqs,Li2Mn3(P2O7)2,test
mp-aaabrdqm,Li3Sn2(PO4)3,train
mp-aaabrdqw,P2Pb3O8,train
mp-aaabrdru,LiMn(CO3)2,test
mp-aaabrdrb,LiP2WO8,train
mp-aaabrdrt,LiFeSiO4,train
mp-aaabrdqz,Li2Cr2Si5O13,train
mp-aaabrdrk,LiCoPO4,test
mp-aaabrdrc,LiTi(PO3)4,train
mp-aaabrdrh,Li3SiBiO5,train
mp-aaabrdrm,Li6V9(PO4)8,test
mp-aaabrdrd,LiCrSiO4,test
mp-aaabrdra,Na2ZnPHO5,train
mp-aaabrdqx,Na2TeH5SO10,train
mp-aaabrdri,LiVP2O7,train
mp-aaabrdrn,Li5AgF8,train
mp-aaabrdrp,CaH12(IO6)2,test
mp-aaabrdrf,TiNb2O7,train
mp-aaabrdrj,Li3CrSi2O7,train
mp-aaabrdro,LiV2F5,train
mp-aaabrdsg,Li3Ti(PO4)2,train
mp-aaabrdsd,LiV4(PO4)3,train
mp-aaabrdrx,Li2Cr(Si2O5)2,train
mp-aaabrdrz,Li2VCoO5,train
mp-aaabrdrw,LiV2(CO3)4,train
mp-aaabrdsl,Li4Ni7O12,train
mp-aaabrdse,Li4VP2O9,train
mp-aaabrdsh,Fe8SiO12,test
mp-aaabrdsf,Ba8In6O17,train
mp-aaabrdsi,Zr4N2O5,test
mp-aaabrdsj,Li2Mn3O6,test
mp-aaabrdsn,Li2CrSi3O8,train
mp-aaabrdry,Ga13Fe11O32,train
mp-aaabrdsa,Li3Cr4P2O8F9,train
mp-aaabrdsk,LiFe4(BO3)4,train
mp-aaabrdtj,Li2SnP2O7,train
mp-aaabrdsx,Li3Ti2(PO4)3,train
mp-aaabrdsr,RbB2P2HO9,train
mp-aaabrdsq,Li2V3(CO3)6,train
mp-aaabrdsp,Li6Cr3P6WO24,train
mp-aaabrdsu,ZnP2H7NO8,train
mp-aaabrdsv,LiNiPO4,train
mp-aaabrdss,Li4Cr3(CO3)6,test
mp-aaabrdsw,LiV3P5O19,train
mp-aaabrdth,LiNiPO4,train
mp-aaabrdtg,Li2Co2Si2O7,train
mp-aaabrdta,LiV4(PO4)3,train
mp-aaabrdsz,Th4Ta18O53,test
mp-aaabrdti,Li2NiP2O7,test
mp-aaabrdtm,LiAgF2,train
mp-aaabrdtx,BaZn2As3HO11,train
mp-aaabrdtq,Ti3FeCo2(PO4)6,train
mp-aaabrdts,Li4V5(P3O11)2,train
mp-aaabrdtp,Li2Mn5(FeO6)2,train
mp-aaabrdue,Li2CuF4,test
mp-aaabrduf,LiFe(PO3)3,train
mp-aaabrduc,Li5VP2(O4F)2,train
mp-aaabrdub,YTa3O9,train
mp-aaabrdua,La10Bi8O27,test
mp-aaabrdtr,LiV(PO3)3,test
mp-aaabrdtz,Li4Mn7O12,test
mp-aaabrdtw,Li2Ti2V5O12,train
mp-aaabrduo,Li2Co2Si2O7,train
mp-aaabrduw,Li2Co2Si2O7,train
mp-aaabrdvc,LiV2(PO4)3,train
mp-aaabrduy,Li4Mn3(SnO5)2,test
mp-aaabrduk,Li6TiNi7O16,train
mp-aaabrduz,Li3Mn(CO3)3,train
mp-aaabrdup,NdTa3O9,train
mp-aaabrdus,Li6Cr3Sb(PO4)6,train
mp-aaabrduu,Li3VP3O11,train
mp-aaabrdux,LiMn3Al2(HO2)6,train
mp-aaabrdvd,Li4V7(PO4)6,train
mp-aaabrdva,Li2Co2(SiO3)3,train
mp-aaabrduq,CaGd4O7,train
mp-aaabrdve,LiMn3Al2(HO2)6,train
mp-aaabrduv,Ca2P6O17,train
mp-aaabrdvq,Li3V3(PO4)4,train
mp-aaabrdvk,FeOF,train
mp-aaabrdvn,LiVPO5,train
mp-aaabrdvh,KFeP4(H2O7)2,train
mp-aaabrdvu,Li3Ti2(PO4)3,train
mp-aaabrdvo,P2H12N7Cl,train
mp-aaabrdvr,Li2CrSi4O11,train
mp-aaabrdvs,LiVP2O7,train
mp-aaabrdvz,LiP4WO12,train
mp-aaabrdvw,LiP4WO12,train
mp-aaabrdvt,Li2VP3O10,train
mp-aaabrdvj,LiP4WO12,train
mp-aaabrdvm,Li2Co(SiO3)2,train
mp-aaabrdwq,Li5VO4F,train
mp-aaabrdwi,Li3Sn2(PO4)3,train
mp-aaabrdwh,Li2Fe3CoO8,train
mp-aaabrdwc,Li2P5WO15,train
mp-aaabrdwa,LiP4WO12,train
mp-aaabrdwe,Li2CoSiO4,train
mp-aaabrdwj,LiV(PO3)3,test
mp-aaabrdws,Li4V(PO3)6,train
mp-aaabrdwr,LiPWO5,test
mp-aaabrdwb,Li4Co(SiO3)3,train
mp-aaabrdwl,Y11Ta5O28,train
mp-aaabrdwm,Li3V2(CO5)2,train
mp-aaabrdwk,V2NiH6(NO3)2,test
mp-aaabrdwf,LiCoPO4,test
mp-aaabrdwv,LiNb(TeO4)3,train
mp-aaabrdwx,KMn2P2HO9,train
mp-aaabrdxh,LiV2(PO4)3,train
mp-aaabrdxi,La11V12O36,train
mp-aaabrdwt,Li4Co15O28,train
mp-aaabrdxe,LiFe3P3O11,train
mp-aaabrdxf,Li2VCrP2(HO5)2,train
mp-aaabrdxk,Li7V2P7O24,train
mp-aaabrdxo,LiP4WO12,train
mp-aaabrdxp,Li5Cr2Fe3(PO4)6,train
mp-aaabrdxc,Mn2(CO3)3,train
mp-aaabrdxd,Fe2OF3,train
mp-aaabrdwy,LiCoCO4,test
mp-aaabrdxj,LiP3W2O13,test
mp-aaabrdxg,Mn5(FeO3)4,train
mp-aaabrdxm,Li4V3P8O29,train
mp-aaabrdww,LiNiPO4,train
mp-aaabrdxa,LiP3(WO6)2,train
mp-aaabrdxt,Na2CdO2,train
mp-aaabrdxx,LiV4(PO4)3,train
mp-aaabrdxs,Li8Mn7Co(PO4)12,train
mp-aaabrdxr,Li3CoSiO5,train
mp-aaabrdyj,LiP4WO12,train
mp-aaabrdxq,LiP3W2O13,test
mp-aaabrdyd,LiCoSiO4,test
mp-aaabrdxu,Ti3Fe2Co(PO4)6,train
mp-aaabrdxv,LiCuPO4,train
mp-aaabrdyb,Li2FeSiO4,train
mp-aaabrdxw,LiP2WO7,train
mp-aaabrdyf,Li3V(PO4)2,train
mp-aaabrdxz,Li5V(P2O7)2,train
mp-aaabrdye,Li5V(PO4)3,train
mp-aaabrdyh,Li2Cu3(CO3)3,train
mp-aaabrdyc,LiVP2O7,train
mp-aaabrdym,LiP3W2O13,test
mp-aaabrdyq,LiFeSiO4,train
mp-aaabrdza,LiV2(CO4)2,train
mp-aaabrdyz,Li4Mn3CrCo2(PO4)6,train
mp-aaabrdzh,Na2P2H4N2O5,test
mp-aaabrdzb,LiTi(PO3)4,train
mp-aaabrdyr,Li2Cr3O6,test
mp-aaabrdyo,LiFeSiO4,train
mp-aaabrdyx,LiVPO5,train
mp-aaabrdyu,Li11V16O32,test
mp-aaabrdys,LiV3O5F3,train
mp-aaabrdyy,Li7V4O11F,train
mp-aaabrdzf,LiV(PO3)3,test
mp-aaabrdzc,Li5NiO3F,train
mp-aaabreaa,LiMnCO4,train
mp-aaabrdzo,LiP2WO8,train
mp-aaabrdzi,LiP4WO13,train
mp-aaabrdzm,LiV(PO3)4,train
mp-aaabrdzt,Li2FeSiO4,train
mp-aaabrdzj,LiP3W2O13,test
mp-aaabrdzy,LiFe2P5O16,test
mp-aaabrdzn,LiFePO4,train
mp-aaabrdzw,LiP4WO12,train
mp-aaabrdzx,Li3(FeO2)4,test
mp-aaabrdzl,LiTi(PO3)4,train
mp-aaabrdzk,LiMnF3,train
mp-aaabrdzu,Li4VP2O9,train
mp-aaabrdzs,Li2MnF6,train
mp-aaabrdzv,LiP4WO12,train
mp-aaabrdzz,LiCoSiO4,test
mp-aaabreab,Li2CoSiO4,train
mp-aaabrdzq,La4Mn4O11,train
mp-aaabreac,Li4V3(OF2)4,train
mp-aaabreai,Li3Mn3(PO4)4,train
mp-aaabreah,LiP2WO8,train
mp-aaabreau,LiSb3(PO5)2,test
mp-aaabreak,V2Bi24O41,train
mp-aaabreas,Li2CrSiO4,train
mp-aaabrear,LiMnSiO4,train
mp-aaabreaz,LiCuPO4,train
mp-aaabreaw,Li2Fe(PO3)5,train
mp-aaabreap,Li4Mn2Ni5O12,train
mp-aaabreaq,LiP3W2O13,test
mp-aaabreax,Li2Co2C2O7,train
mp-aaabreao,Li2CuP2O7,train
mp-aaabreav,Li2Fe2Si8O19,test
mp-aaabrebk,LiFe(CO3)2,train
mp-aaabrebm,Li2Mn2NiO6,test
mp-aaabrebv,LiFeSiO4,train
mp-aaabrebp,Na22In5O15,train
mp-aaabrebn,Li2V2(PO4)3,train
mp-aaabrebi,LiFeSiO4,train
mp-aaabrebg,K2Mg3P4(H5O6)4,train
mp-aaabrebj,LiFeSiO4,train
mp-aaabrebb,LiFeSiO4,train
mp-aaabrebq,Li3Fe3(PO4)4,train
mp-aaabrebo,Li3Ti2Mn5O12,train
mp-aaabrebx,LiCoSiO4,test
mp-aaabrebw,LiCuPO4,train
mp-aaabrebs,Li2Fe2(SiO3)3,train
mp-aaabrebc,FeOF,train
mp-aaabrebd,LiNiF3,train
mp-aaabrecf,LiFe(PO3)4,train
mp-aaabrecj,Li3Sb(PO4)2,test
mp-aaabrecd,K3ErSi3(HO5)2,train
mp-aaabrecl,LiFeP2O7,train
mp-aaabreco,Li4V7O12,train
mp-aaabrecr,Li2V2P2O9,train
mp-aaabrecm,KAl2P2H4O11,train
mp-aaabrecq,Li7FeP4O14F,train
mp-aaabreck,LiFe(PO3)4,train
mp-aaabrecu,Li2CrSiO4,train
mp-aaabrece,Li3Mn5O2F9,train
mp-aaabrect,LiCoPO4,test
mp-aaabrecs,LiCuPO4,train
mp-aaabredb,K3EuSi3(HO5)2,train
mp-aaabreda,K4Li3Mn2O8,train
mp-aaabredf,LiFe(PO3)3,train
mp-aaabrecv,K8Li3(FeO4)4,train
mp-aaabredm,LiFeSiO4,train
mp-aaabrecw,Li2Co2(SiO3)3,train
mp-aaabredh,Li3Fe3(PO4)4,train
mp-aaabredp,Li3Fe2(CO3)4,train
mp-aaabrede,Li2AgF5,train
mp-aaabredl,LiFeP2O7,train
mp-aaabredo,Li2V(CO3)3,train
mp-aaabredc,LiCoPO4,test
mp-aaabredd,Li4Ti2Nb3Fe3O16,train
mp-aaabredt,Li3Fe2(SiO4)2,train
mp-aaabredk,FeOF,train
mp-aaabredn,Li4Cr3Co3(NiO8)2,test
mp-aaabredq,LiFe(PO3)4,train
mp-aaabreds,LiMn2(CO4)2,train
mp-aaabredr,Li3Co2(SiO4)2,train
mp-aaabredx,H16Ru3C6(Cl3O7)2,train
mp-aaabredw,LiFeSiO4,train
mp-aaabreef,Li4Mn3Nb2Sn3O16,train
mp-aaabredy,LiFeSiO4,train
mp-aaabreem,K4Li3(FeO4)2,train
mp-aaabredu,LiV2(CO3)4,train
mp-aaabreei,Na5CrHO4,train
mp-aaabreel,Li2CuPO4,train
mp-aaabreen,Li5V3P8O29,test
mp-aaabreep,Li4Mn3Nb2Ni3O16,train
mp-aaabredv,Al11TlO17,train
mp-aaabreeo,MnV4O12,train
mp-aaabreeh,LiVP2O7,train
mp-aaabreeu,LiFeSiO4,train
mp-aaabreev,K2TiSi3(HO5)2,train
mp-aaabrefc,LiAgF2,train
mp-aaabrefb,LiFeSiO4,train
mp-aaabreet,Li2CrSiO4,train
mp-aaabreey,MnOF,train
mp-aaabreew,LiFePO4,train
mp-aaabreff,LiCoSiO4,test
mp-aaabreeq,Li6NbCo3(PO4)6,train
mp-aaabrefd,LiMnF4,train
mp-aaabreez,MnF3,train
mp-aaabrefg,Li4V2Fe5O12,train
mp-aaabrefi,Li3V4P2O8F9,train
mp-aaabrefe,LiVF5,train
mp-aaabrefh,Li2Fe(PO3)4,train
mp-aaabrefk,LiMn(PO3)3,train
mp-aaabrefa,LiFeSiO4,train
mp-aaabrefj,LiFe4(PO4)3,train
mp-aaabrefn,Li4Cr2Si3O10,train
mp-aaabrefu,Li3TiFe3O8,train
mp-aaabregd,Li2Fe2Si2O7,train
mp-aaabregf,LiFe2C2O7,train
mp-aaabrefm,LiFeSiO4,train
mp-aaabrefr,KPHO3F,train
mp-aaabreft,V(CO3)2,train
mp-aaabrefp,LiCoSiO4,test
mp-aaabregc,Li4Mn3Nb3(FeO8)2,train
mp-aaabregg,LiP3(WO6)2,train
mp-aaabrefl,LiV(PO3)3,test
mp-aaabrefy,Bi17(WO11)3,train
mp-aaabrega,Li3Mn(CO3)4,train
mp-aaabrege,NaH2C2N3O,test
mp-aaabrefx,LiCo2C2O7,test
mp-aaabregl,Li4Fe(SiO3)3,train
mp-aaabregv,Li4Fe(PO3)6,test
mp-aaabregi,Li2Fe3(P2O7)2,train
mp-aaabregp,V(CO3)2,train
mp-aaabregr,Li9Co13O28,train
mp-aaabregx,Li3Sb3(PO4)4,train
mp-aaabrego,LiMn3(P3O10)2,train
mp-aaabregj,Li2CoSiO4,train
mp-aaabregt,Li4V11O22,train
mp-aaabrehb,H8C2BrN,train
mp-aaabregw,Li6MnNi7O16,train
mp-aaabregq,LiV2(PO4)3,train
mp-aaabregm,Li2Cr(Si2O5)2,train
mp-aaabregh,UH12S2O15,train
mp-aaabreha,Li3Fe2(PO4)3,train
mp-aaabregk,Li2CoSiO4,train
mp-aaabregs,LiVF5,train
mp-aaabregu,LiCoCO4,test
mp-aaabrehh,LiFe3OF5,train
mp-aaabrehf,H2RuC3(ClO2)2,train
mp-aaabrehw,Li4(NiO2)11,train
mp-aaabrehi,Ba2GaP4HO14,train
mp-aaabrehp,LiV2(CO3)4,train
mp-aaabrehd,Li2MnF6,train
mp-aaabreho,Li2Mn5O12,train
mp-aaabrehn,LiNi6O6F,train
mp-aaabrehr,LiMn(PO3)3,train
mp-aaabrehx,Li4Ni5Sn(PO4)6,train
mp-aaabrehe,CaAl2(SiO4)2,train
mp-aaabrehu,Li6V3P6WO24,train
mp-aaabrehc,Li2Mn7O12,train
mp-aaabrehg,MgP2(H8O5)2,train
mp-aaabrehl,Li2CrO4,train
mp-aaabrehy,LiFe(PO3)3,train
mp-aaabrehq,Li3VF5,test
mp-aaabrehv,TeH14C2(NO2)4,train
mp-aaabreih,Li3P3(WO6)2,train
mp-aaabreie,Li2NiSnO4,test
mp-aaabreia,Mn(Ni9O10)2,train
mp-aaabreij,Li3CuF4,train
mp-aaabreif,LiFe(PO3)3,train
mp-aaabreir,LiMnP2O7,train
mp-aaabreig,LiMn3Al2(HO2)6,train
mp-aaabreit,Li2V2FeO6,train
mp-aaabreiu,LiMn2O4,train
mp-aaabreil,LiFe2(BO3)2,test
mp-aaabreiq,Li2Cu2F7,test
mp-aaabreib,LiCrPO4F,train
mp-aaabreii,Li2CuF4,test
mp-aaabreio,Li3VF5,test
mp-aaabrein,Na4Al4H10O13,train
mp-aaabreip,LiFeSiO4,train
mp-aaabrehz,Li4V5O9F,train
mp-aaabreiv,Li4Ti3Mn3(SbO8)2,train
mp-aaabreiw,Li6Co(SiO4)2,train
mp-aaabreid,LiMnPO4F,train
mp-aaabrejn,Li4V2Fe3O10,train
mp-aaabreiy,LiMn2(CO3)4,train
mp-aaabrejo,Li5CuF6,train
mp-aaabrejm,Mn12O5F19,train
mp-aaabrejk,FeOF,train
mp-aaabrejr,LiFe(PO3)3,train
mp-aaabrejl,LiCo2(CO3)4,train
mp-aaabreiz,LiFe2(BO3)2,test
mp-aaabreja,Li6Ti3Cr(PO4)6,train
mp-aaabrejb,Li2Mn3WO8,train
mp-aaabrejf,V6O11F,train
mp-aaabrejs,LiFe(PO3)4,train
mp-aaabreix,LiCoSiO4,test
mp-aaabrejd,Li3Mn5(NiO6)2,test
mp-aaabrejj,Li2CuSiO4,train
mp-aaabreki,LiFe4(PO4)3,train
mp-aaabrejt,Li2(CoO2)3,test
mp-aaabrekc,Li2Cr2SiO6,train
mp-aaabreka,Li9Co13O28,train
mp-aaabrejx,LiV3O5F3,train
mp-aaabrekk,KY(H2N)4,test
mp-aaabrekf,LiFe(PO3)4,train
mp-aaabrejz,Li3Bi(PO4)2,train
mp-aaabrekb,LiMn3Al2(HO2)6,train
mp-aaabrekp,Li6(NiO2)11,train
mp-aaabrekg,FeOF,train
mp-aaabrekq,Co3OF5,train
mp-aaabreke,Li3Ni3O3F5,train
mp-aaabrejy,LiFe2(BO3)2,test
mp-aaabrekm,Li2Cr3O6,test
mp-aaabrekh,Li5V5O12,train
mp-aaabrekn,LiCrSiO4,test
mp-aaabreko,Li6NbCr3(PO4)6,train
mp-aaabreku,Li5Mn5O12,train
mp-aaabrelk,Fe2C2O7,train
mp-aaabrekw,Li5Cr6P5O24,train
mp-aaabrelj,LiCoSiO4,test
mp-aaabrelg,Li3Ni2P2(O4F)2,train
mp-aaabrekz,Li2Mn3O6,test
mp-aaabrele,LiFeP2O7,train
mp-aaabrekx,Li3Co3OF7,train
mp-aaabreld,Li3Mn2(CO3)4,train
mp-aaabrelb,Li2Ti(NiO3)2,train
mp-aaabrelf,LiFeSi3O8,train
mp-aaabreln,LiFeP2O7,train
mp-aaabrelm,Li2Mg3Ti6O16,train
mp-aaabreli,Li3FeSi2O7,train
mp-aaabrelo,Li8(NiO2)11,train
mp-aaabrelv,LiMnF3,train
mp-aaabrelz,LiCoPO4,test
mp-aaabrels,Li3V3P8O29,train
mp-aaabrelt,LiFe(PO3)4,train
mp-aaabrelp,FeOF,train
mp-aaabremi,Li3CrSi2O7,train
mp-aaabrelq,Li4Fe7(PO4)6,train
mp-aaabrely,FeOF,train
mp-aaabremj,Li2CuSiO4,train
mp-aaabrema,YZr4O9,train
mp-aaabrelr,CsMnH4(OF2)2,train
mp-aaabrelw,LiBiP2O7,test
mp-aaabremc,Li4VO3F2,train
mp-aaabremg,LiFe(PO3)4,train
mp-aaabremh,Li5Mn5O12,train
mp-aaabrelx,Li3Mn(PO4)2,test
mp-aaabrelu,LiFe4(PO4)3,train
mp-aaabremy,Li6MnO3F2,train
mp-aaabremo,Li2FePO4F,train
mp-aaabremn,LiCu(PO3)3,train
mp-aaabremm,LiCuPO4,train
mp-aaabremq,B84O11,train
mp-aaabreml,Li2Fe2(SiO3)3,train
mp-aaabremu,V2OF5,test
mp-aaabremp,Li9Co15O28,train
mp-aaabremr,LiFe(PO3)4,train
mp-aaabremw,B5PH4Cl,train
mp-aaabremx,Li5MnP2(O4F)2,test
mp-aaabrenb,Li3Co2Si3O10,train
mp-aaabremv,Li2VO2F,train
mp-aaabremt,Li3(NiO2)5,train
mp-aaabrena,LiBi2P3O11,train
mp-aaabrenc,Li3Sb2(PO4)3,train
mp-aaabreng,Li2Mn(PO4)2,train
mp-aaabrenk,Li7(NiO2)12,train
mp-aaabrene,CaAs2H6F18,train
mp-aaabrenf,Li2Mn(PO3)4,test
mp-aaabreno,LiMnPH2O5,train
mp-aaabrens,LiCuPO4,train
mp-aaabrenp,LiFeSiO4,train
mp-aaabrenj,Li3V2P2O8F3,train
mp-aaabrent,Nb2OF8,train
mp-aaabrenu,Li2Fe2(SiO3)3,train
mp-aaabrenw,Co2C2O7,train
mp-aaabrenv,Li2(NiO2)3,test
mp-aaabrenx,CoPH16NO10,test
mp-aaabrenn,Li2FeSiO4,train
mp-aaabrenq,NaMn(HO)3,train
mp-aaabreoa,Li4Ti3O8,test
mp-aaabreoh,Li2Ti2VO6,train
mp-aaabreoi,Li3CuSiO4,train
mp-aaabreon,CuSn(PO4)2,train
mp-aaabreog,NbH14C4NO14,train
mp-aaabreny,Mn3(Ni17O20)2,train
mp-aaabreod,NiP4H16(NO8)2,train
mp-aaabreol,Li3Fe(PO4)2,test
mp-aaabreoc,Li4Mn5(NiO6)2,train
mp-aaabreob,LiCu(PO3)2,train
mp-aaabreoe,KB6P(H2O7)2,train
mp-aaabreoj,Ba5Nb2O10,train
mp-aaabreok,Li3Mn2Ni5O12,train
mp-aaabreoq,Li4Mn3(PO4)4,train
mp-aaabreop,VFe3Ni2(PO4)6,test
mp-aaabreot,LiZnBO3,test
mp-aaabreoy,Li5Fe8(BO3)8,train
mp-aaabreoz,Li3AgF4,train
mp-aaabrepk,Li2TiMn3O8,train
mp-aaabrepg,MgBP(H3O4)2,train
mp-aaabreor,Li4Fe3Co(PO4)4,test
mp-aaabreou,LiCuPO4,train
mp-aaabreov,VOF2,train
mp-aaabrepd,Li2Fe(PO3)4,train
mp-aaabreow,Li2VO2F,train
mp-aaabrepc,Li5V3P8O29,test
mp-aaabreph,LiV2(PO4)3,train
mp-aaabrepa,LiFeSiO4,train
mp-aaabrepl,Cr2O5F2,test
mp-aaabrepe,Na2Li4Ni2C4SO16,train
mp-aaabrepo,Li2MnF4,test
mp-aaabreqd,Li3CuPO5,train
mp-aaabrepu,K2CoP4(HO2)8,train
mp-aaabrepv,LiFe(PO3)4,train
mp-aaabrepm,Li2Mn2FeO6,train
mp-aaabreps,LiCuPO4,train
mp-aaabrepn,CrOF,train
mp-aaabrepq,Li3Fe8O3F13,test
mp-aaabrepx,Li9Cr4(BO3)8,train
mp-aaabrepp,Li7Mn7P6(O8F)3,train
mp-aaabrept,Li4Mn2Si4O13,train
mp-aaabreqb,LiFe4(PO4)3,train
mp-aaabreqv,LiFePO4,train
mp-aaabreqg,Li2Ti(TeO4)3,train
mp-aaabreqy,TiMn3Te2(PO4)6,train
mp-aaabreqi,Li4Ti2V3O10,test
mp-aaabreqq,Li5Co4(SiO4)4,train
mp-aaabreqn,LiVO2,train
mp-aaabreqm,Li10Fe(SiO5)2,train
mp-aaabreqk,Ti6Co3O16,train
mp-aaabreqx,Li2Fe(Si2O5)2,train
mp-aaabreqt,CrH18I7N6,train
mp-aaabreqh,Ta2Tl2P7HO24,train
mp-aaabreql,Sb2OF8,train
mp-aaabreqo,FeOF,train
mp-aaabreqw,Li2Fe(SiO3)2,train
mp-aaabreqp,Li2VP4(H4O5)4,train
mp-aaabreqr,Li6Cr5(P2O7)4,train
mp-aaabrequ,LiCoPO4F,train
mp-aaabrerp,Li2Cu(PO3)4,train
mp-aaabrerl,Na6Zn3As4H6O19,train
mp-aaabreqz,Li17(Co4O9)2,train
mp-aaabrerc,Ga2P3H12(NO4)3,train
mp-aaabrero,Li2V(CO3)2,train
mp-aaabrerb,Li3Fe8(BO3)8,train
mp-aaabrera,RbLiVPO5,train
mp-aaabrerj,SbAsAuF9,train
mp-aaabrerh,LiFePO4,train
mp-aaabrerm,LiFePO4,train
mp-aaabreri,Li4Ti2Ni3O10,test
mp-aaabrerx,Li3Mn2(PO4)3,train
mp-aaabrerr,LiNi5O3F5,train
mp-aaabresc,NaYH8(CO3)4,train
mp-aaabrerw,Na2CoP4(H4O5)4,test
mp-aaabresf,Li5CuHO4,train
mp-aaabrese,LiBi(PO3)4,test
mp-aaabrerz,LiFeSiO4,train
mp-aaabresa,LiFeSiO4,train
mp-aaabrerq,Na5FeHO4,train
mp-aaabrert,B8O,train
mp-aaabrers,Li5FeHO4,train
mp-aaabresb,Li2Fe(PO3)4,train
mp-aaabrerv,Li4Fe7(PO4)6,train
mp-aaabresd,Ti3Fe2P6WO24,train
mp-aaabresh,Li7Mn7P6(O8F)3,train
mp-aaabresn,P2H12BrN7,train
mp-aaabresz,LiFe5P3O13,train
mp-aaabresw,Li3Fe2(PO4)3,train
mp-aaabresv,Li3Fe4(BO3)4,test
mp-aaabretc,LiFeSiO4,train
mp-aaabretb,VOF,train
mp-aaabresy,Li2Ti(FeO3)2,train
mp-aaabresu,Li4Ti2Fe5O12,train
mp-aaabresi,Cs2H6CO6,train
mp-aaabresx,Li2Cr2CoO6,test
mp-aaabresk,V4O5F7,test
mp-aaabresl,MnOF,train
mp-aaabreso,LiNi3O3F,test
mp-aaabresj,Li2VGa3O8,train
mp-aaabreta,LiBi(PO3)4,test
mp-aaabresp,LiCuPO4,train
mp-aaabresq,Li3Mn2(PO4)3,train
mp-aaabresr,As2HPbF13,train
mp-aaabretn,Li2Ti2Mn5O12,train
mp-aaabreth,Li3Fe2(SiO4)2,train
mp-aaabretf,Li3Fe5(PO4)6,train
mp-aaabretl,LiFeSiO4,train
mp-aaabrets,BPH9C2,train
mp-aaabretp,Li3Mn(Si2O5)3,train
mp-aaabretq,Li3Fe(PO4)2,test
mp-aaabrety,LiCuPO4,train
mp-aaabrett,RbTiPS5,test
mp-aaabretu,LiMn(PO3)4,train
mp-aaabretv,Na5CuHO4,test
mp-aaabreti,FeB18H32(C4S)2,train
mp-aaabretd,Li2Mn(SO4)2,train
mp-aaabretx,P2HNF4,train
mp-aaabreul,Li3V3P8O29,train
mp-aaabreui,LiFe4(PO4)3,train
mp-aaabreuc,Li6Ti3V(PO4)6,test
mp-aaabreub,Li2Cr2P2O7F2,train
mp-aaabreun,Li2VCrP2(HO5)2,train
mp-aaabretz,LiFeSiO4,train
mp-aaabreug,Li2FeSi4O11,train
mp-aaabreuf,LiCuCO3,train
mp-aaabreur,Na5NiHO4,train
mp-aaabreua,LiFe4(PO4)3,train
mp-aaabreuk,K4Li5(FeO4)2,train
mp-aaabreuq,LiMn2(CO4)2,train
mp-aaabreus,LiVP2(HO4)2,train
mp-aaabreuu,Li2Fe(PO3)4,train
mp-aaabreue,Zn5P6H22(NO11)2,train
mp-aaabreuj,Mg2Cu2P2(H4O5)3,train
mp-aaabreut,Li5Ni3O5F3,test
mp-aaabreuv,LiVCrP2(HO5)2,train
mp-aaabrevd,Li2Mn2P2O9,test
mp-aaabrevm,KSmH4(N2O7)2,train
mp-aaabreuz,LiMn(PO3)4,train
mp-aaabrevn,Bi19(O9F)3,train
mp-aaabrevl,LiBiP2O7,test
mp-aaabrevk,Li3Sb3(PO4)4,train
mp-aaabrevb,Li3Co2(SiO4)2,train
mp-aaabrevc,LiFeSiO4,train
mp-aaabrevi,LiMn3P2(HO3)4,test
mp-aaabrevj,FeOF,train
mp-aaabreuw,Li4MnO2F3,train
mp-aaabreuy,Li2Fe2Si2O7,train
mp-aaabreux,Li5Fe4P4O16F,train
mp-aaabreva,LiMn2(PO4)3,train
mp-aaabrevf,LiMnF3,train
mp-aaabrevo,LiMnF3,train
mp-aaabreve,Li5Fe5O12,train
mp-aaabrevy,LiMnF3,train
mp-aaabrevw,LiMn2(PO3)5,train
mp-aaabrewb,VOF,train
mp-aaabrewf,LiMn3(O2F)2,test
mp-aaabrevp,LiFe(PO3)4,train
mp-aaabrevv,Li3V3P8O29,train
mp-aaabrevx,Li4Ti2Fe3O10,test
mp-aaabrevr,LiVF5,train
mp-aaabrewe,LiMnF3,train
mp-aaabrewc,LiFe(PO3)4,train
mp-aaabrewg,Li6FeCo9O20,test
mp-aaabrewj,LiFeSiO4,train
mp-aaabrevt,Fe9O10,test
mp-aaabrewh,Li2FeCo9O20,train
mp-aaabrevs,LiMn5P3O13,train
mp-aaabrewd,Li4CrP2(O4F)2,train
mp-aaabrewi,Li2Mn3F8,test
mp-aaabrewa,Li9Mg(Ni6O13)2,train
mp-aaabrewr,Li3Cr3CoO8,test
mp-aaabrewm,Li4Ti2Mn3O10,train
mp-aaabrewz,B(HO)3,train
mp-aaabrexa,Li4Fe3P3O12F,train
mp-aaabrewt,Li2Fe(Si2O5)2,train
mp-aaabrewl,Li3Mn4P3H12O19,train
mp-aaabrewp,Li3Mn3(PO4)4,train
mp-aaabrewx,Li2VO2F,train
mp-aaabrexb,LiSb(PO3)4,train
mp-aaabrewk,Li2Cu2Si2O7,train
mp-aaabrewv,Li3V2(PO4)3,train
mp-aaabrexg,Mn2H8S3(NO6)2,train
mp-aaabrewu,LiFeSiO4,train
mp-aaabrexd,Na5V12O32,test
mp-aaabrewo,FeOF,train
mp-aaabrews,LiCoPO4,test
mp-aaabrexx,LiMnF3,train
mp-aaabrexo,Cr(PO3)4,train
mp-aaabrexp,V4(OF3)3,train
mp-aaabreyc,LiMnF4,train
mp-aaabrexh,LiMnP2O7,train
mp-aaabrexi,Li4V3P8O29,train
mp-aaabrexz,LiSn2P4H3O16,test
mp-aaabrexm,Li2VCrP2(O4F)2,train
mp-aaabrexk,FeOF,train
mp-aaabrexq,LiVF5,train
mp-aaabrexr,LiFeSiO4,train
mp-aaabreyb,VF3,train
mp-aaabrexw,LiFePO4,train
mp-aaabrext,Li3V3O3F5,train
mp-aaabrexv,Li2FeP4O13,train
mp-aaabreyj,Ni6OF11,test
mp-aaabreyk,Li2Fe3(SiO4)2,train
mp-aaabreyg,Li3V2(O2F)2,train
mp-aaabreyi,LiV3P2(HO3)4,train
mp-aaabreys,LiCoSiO4,test
mp-aaabreyh,LiMn(PO3)3,train
mp-aaabreyt,LiMn5O3F5,test
mp-aaabreyy,LiMn2OF3,train
mp-aaabreyv,Li2SbP3O10,test
mp-aaabreyw,LiMn3Al2(HO2)6,train
mp-aaabreyl,Li4Mn3P3O12F,train
mp-aaabreyd,Li3Sb(PO4)2,test
mp-aaabreyf,Cr3P4O15,train
mp-aaabreza,LiBiP2O7,test
mp-aaabreze,Li2Mn2(PO4)3,train
mp-aaabrezn,LiNi4(PO4)3,test
mp-aaabrezs,Li2MnF6,train
mp-aaabrezr,Li2VO2F,train
mp-aaabrezg,Li3Sb2(PO4)3,train
mp-aaabreyz,LiFeSiO4,train
mp-aaabrezk,Li3V3O5F3,train
mp-aaabrezc,Li3Co2(SiO4)2,train
mp-aaabrezd,Li2VF7,test
mp-aaabrezf,Li4Mn5(FeO6)2,train
mp-aaabrezt,LiBi(PO3)4,test
mp-aaabrezh,Li5Fe8(BO3)8,train
mp-aaabrezo,LiMn5O10,train
mp-aaabrezb,LiMnPO4F,train
mp-aaabrezq,Li2MnFe(PO4)2,train
mp-aaabrezi,FeOF,train
mp-aaabrezu,Mn2(CO3)3,train
mp-aaabrezx,LiCoSiO4,test
mp-aaabrfab,Li3CrCo3O8,train
mp-aaabrfag,Li5Mn4P4O16F,train
mp-aaabrfaj,V3(OF3)2,train
mp-aaabrfae,LiMn(PO3)3,train
mp-aaabrezv,Li2V(FeO3)2,train
mp-aaabrfah,Li2Fe2C2O7,train
mp-aaabrfac,LiVOF2,test
mp-aaabrfal,Li5Fe8(BO3)8,train
mp-aaabrezz,Li2VPO4F,train
mp-aaabrfak,Li3MnF5,test
mp-aaabrfan,H21C6N2Cl3,test
mp-aaabrfam,Li2Fe2SiO6,train
mp-aaabrfap,VOF2,train
mp-aaabrfao,Li2V3P5O18,train
mp-aaabrfau,Li3V(OF)2,train
mp-aaabrfbh,LiMn(PO3)3,train
mp-aaabrfay,TaSb3O8,train
mp-aaabrfba,Na6CoO4,train
mp-aaabrfbc,Mn3OF6,train
mp-aaabrfat,Li3Fe8(BO3)8,train
mp-aaabrfbf,LiNiOF,train
mp-aaabrfaw,Li2Mn3F8,test
mp-aaabrfbk,Li3VF5,test
mp-aaabrfbl,LiSb(PO3)4,train
mp-aaabrfbb,Li5V3P8O29,test
mp-aaabrfaz,LiV3O8,test
mp-aaabrfas,LiMnOF2,train
mp-aaabrfbj,K2Mg(H2N)4,train
mp-aaabrfbd,Li6MnCo3(PO4)6,train
mp-aaabrfbp,MnAl2P2(HO)18,train
mp-aaabrfbm,LiVF5,train
mp-aaabrfch,LiSb(TeO4)3,train
mp-aaabrfbo,LiMn5P3O13,train
mp-aaabrfbt,FeOF,train
mp-aaabrfbu,Li19Cr4P8O35F,train
mp-aaabrfby,Li2AgF3,train
mp-aaabrfbn,Li3Ti2(PO4)3,train
mp-aaabrfcc,Li2CrPO4F,train
mp-aaabrfcf,Li3TiMn3O8,train
mp-aaabrfcg,LiMn10(PO4)7,train
mp-aaabrfca,V4(OF3)3,train
mp-aaabrfbv,Na2CoO3,train
mp-aaabrfbz,Li4Cr3FeO8,train
mp-aaabrfce,Fe2C2O7,train
mp-aaabrfcn,Li4MnV3O8,test
mp-aaabrfco,Co(PO3)3,train
mp-aaabrfct,LiMn2(PO3)5,train
mp-aaabrfcl,La2H22S6N6O23,test
mp-aaabrfcq,LiY3WO8,test
mp-aaabrfcz,Li2Cr4P4O15,train
mp-aaabrfdb,Li3Sb2(PO4)3,train
mp-aaabrfcm,LiCoSiO4,test
mp-aaabrfcu,Li2MnPO4F,test
mp-aaabrfcx,Sn(SO4)2,train
mp-aaabrfcs,NaV(PO4)2,test
mp-aaabrfda,V3OF11,train
